[2025-11-28 21:35:58] local.INFO: LogRequests middleware called {"url":"http://localhost:8080/api/auth/register","method":"POST","headers":{"host":["localhost:8080"],"user-agent":["Symfony"],"accept":["application/json"],"accept-language":["en-us,en;q=0.5"],"accept-charset":["ISO-8859-1,utf-8;q=0.7,*;q=0.7"],"content-length":["104"],"content-type":["application/json"]},"cookies":[]} 
[2025-11-28 21:35:58] local.INFO: LogRequests middleware called {"url":"http://localhost:8080/api/auth/register","method":"POST","headers":{"host":["localhost:8080"],"user-agent":["Symfony"],"accept":["application/json"],"accept-language":["en-us,en;q=0.5"],"accept-charset":["ISO-8859-1,utf-8;q=0.7,*;q=0.7"],"content-length":["83"],"content-type":["application/json"]},"cookies":[]} 
[2025-11-28 21:36:00] local.INFO: LogRequests middleware called {"url":"http://localhost:8080/api/auth/refresh","method":"POST","headers":{"host":["localhost:8080"],"user-agent":["Symfony"],"accept":["application/json"],"accept-language":["en-us,en;q=0.5"],"accept-charset":["ISO-8859-1,utf-8;q=0.7,*;q=0.7"],"content-length":["2"],"content-type":["application/json"],"authorization":["Bearer invalid-token"]},"cookies":[]} 
[2025-12-02 12:52:43] local.ERROR: SQLSTATE[42P01]: Undefined table: 7 ERROR:  relation "cache" does not exist
LINE 1: select * from "cache" where "key" in ($1)
                      ^ (Connection: pgsql, SQL: select * from "cache" where "key" in (laravel-cache-illuminate:queue:restart)) {"exception":"[object] (Illuminate\\Database\\QueryException(code: 42P01): SQLSTATE[42P01]: Undefined table: 7 ERROR:  relation \"cache\" does not exist
LINE 1: select * from \"cache\" where \"key\" in ($1)
                      ^ (Connection: pgsql, SQL: select * from \"cache\" where \"key\" in (laravel-cache-illuminate:queue:restart)) at /var/www/html/vendor/laravel/framework/src/Illuminate/Database/Connection.php:824)
[stacktrace]
#0 /var/www/html/vendor/laravel/framework/src/Illuminate/Database/Connection.php(778): Illuminate\\Database\\Connection->runQueryCallback()
#1 /var/www/html/vendor/laravel/framework/src/Illuminate/Database/Connection.php(397): Illuminate\\Database\\Connection->run()
#2 /var/www/html/vendor/laravel/framework/src/Illuminate/Database/Query/Builder.php(3188): Illuminate\\Database\\Connection->select()
#3 /var/www/html/vendor/laravel/framework/src/Illuminate/Database/Query/Builder.php(3173): Illuminate\\Database\\Query\\Builder->runSelect()
#4 /var/www/html/vendor/laravel/framework/src/Illuminate/Database/Query/Builder.php(3763): Illuminate\\Database\\Query\\Builder->{closure:Illuminate\\Database\\Query\\Builder::get():3172}()
#5 /var/www/html/vendor/laravel/framework/src/Illuminate/Database/Query/Builder.php(3172): Illuminate\\Database\\Query\\Builder->onceWithColumns()
#6 /var/www/html/vendor/laravel/framework/src/Illuminate/Cache/DatabaseStore.php(130): Illuminate\\Database\\Query\\Builder->get()
#7 /var/www/html/vendor/laravel/framework/src/Illuminate/Cache/DatabaseStore.php(105): Illuminate\\Cache\\DatabaseStore->many()
#8 /var/www/html/vendor/laravel/framework/src/Illuminate/Cache/Repository.php(119): Illuminate\\Cache\\DatabaseStore->get()
#9 /var/www/html/vendor/laravel/framework/src/Illuminate/Queue/Worker.php(736): Illuminate\\Cache\\Repository->get()
#10 /var/www/html/vendor/laravel/framework/src/Illuminate/Queue/Worker.php(146): Illuminate\\Queue\\Worker->getTimestampOfLastQueueRestart()
#11 /var/www/html/vendor/laravel/framework/src/Illuminate/Queue/Console/WorkCommand.php(148): Illuminate\\Queue\\Worker->daemon()
#12 /var/www/html/vendor/laravel/framework/src/Illuminate/Queue/Console/WorkCommand.php(131): Illuminate\\Queue\\Console\\WorkCommand->runWorker()
#13 /var/www/html/vendor/laravel/framework/src/Illuminate/Container/BoundMethod.php(36): Illuminate\\Queue\\Console\\WorkCommand->handle()
#14 /var/www/html/vendor/laravel/framework/src/Illuminate/Container/Util.php(43): Illuminate\\Container\\BoundMethod::{closure:Illuminate\\Container\\BoundMethod::call():35}()
#15 /var/www/html/vendor/laravel/framework/src/Illuminate/Container/BoundMethod.php(96): Illuminate\\Container\\Util::unwrapIfClosure()
#16 /var/www/html/vendor/laravel/framework/src/Illuminate/Container/BoundMethod.php(35): Illuminate\\Container\\BoundMethod::callBoundMethod()
#17 /var/www/html/vendor/laravel/framework/src/Illuminate/Container/Container.php(836): Illuminate\\Container\\BoundMethod::call()
#18 /var/www/html/vendor/laravel/framework/src/Illuminate/Console/Command.php(211): Illuminate\\Container\\Container->call()
#19 /var/www/html/vendor/symfony/console/Command/Command.php(318): Illuminate\\Console\\Command->execute()
#20 /var/www/html/vendor/laravel/framework/src/Illuminate/Console/Command.php(180): Symfony\\Component\\Console\\Command\\Command->run()
#21 /var/www/html/vendor/symfony/console/Application.php(1073): Illuminate\\Console\\Command->run()
#22 /var/www/html/vendor/symfony/console/Application.php(356): Symfony\\Component\\Console\\Application->doRunCommand()
#23 /var/www/html/vendor/symfony/console/Application.php(195): Symfony\\Component\\Console\\Application->doRun()
#24 /var/www/html/vendor/laravel/framework/src/Illuminate/Foundation/Console/Kernel.php(197): Symfony\\Component\\Console\\Application->run()
#25 /var/www/html/vendor/laravel/framework/src/Illuminate/Foundation/Application.php(1235): Illuminate\\Foundation\\Console\\Kernel->handle()
#26 /var/www/html/artisan(16): Illuminate\\Foundation\\Application->handleCommand()
#27 {main}

[previous exception] [object] (PDOException(code: 42P01): SQLSTATE[42P01]: Undefined table: 7 ERROR:  relation \"cache\" does not exist
LINE 1: select * from \"cache\" where \"key\" in ($1)
                      ^ at /var/www/html/vendor/laravel/framework/src/Illuminate/Database/Connection.php:411)
[stacktrace]
#0 /var/www/html/vendor/laravel/framework/src/Illuminate/Database/Connection.php(411): PDOStatement->execute()
#1 /var/www/html/vendor/laravel/framework/src/Illuminate/Database/Connection.php(811): Illuminate\\Database\\Connection->{closure:Illuminate\\Database\\Connection::select():397}()
#2 /var/www/html/vendor/laravel/framework/src/Illuminate/Database/Connection.php(778): Illuminate\\Database\\Connection->runQueryCallback()
#3 /var/www/html/vendor/laravel/framework/src/Illuminate/Database/Connection.php(397): Illuminate\\Database\\Connection->run()
#4 /var/www/html/vendor/laravel/framework/src/Illuminate/Database/Query/Builder.php(3188): Illuminate\\Database\\Connection->select()
#5 /var/www/html/vendor/laravel/framework/src/Illuminate/Database/Query/Builder.php(3173): Illuminate\\Database\\Query\\Builder->runSelect()
#6 /var/www/html/vendor/laravel/framework/src/Illuminate/Database/Query/Builder.php(3763): Illuminate\\Database\\Query\\Builder->{closure:Illuminate\\Database\\Query\\Builder::get():3172}()
#7 /var/www/html/vendor/laravel/framework/src/Illuminate/Database/Query/Builder.php(3172): Illuminate\\Database\\Query\\Builder->onceWithColumns()
#8 /var/www/html/vendor/laravel/framework/src/Illuminate/Cache/DatabaseStore.php(130): Illuminate\\Database\\Query\\Builder->get()
#9 /var/www/html/vendor/laravel/framework/src/Illuminate/Cache/DatabaseStore.php(105): Illuminate\\Cache\\DatabaseStore->many()
#10 /var/www/html/vendor/laravel/framework/src/Illuminate/Cache/Repository.php(119): Illuminate\\Cache\\DatabaseStore->get()
#11 /var/www/html/vendor/laravel/framework/src/Illuminate/Queue/Worker.php(736): Illuminate\\Cache\\Repository->get()
#12 /var/www/html/vendor/laravel/framework/src/Illuminate/Queue/Worker.php(146): Illuminate\\Queue\\Worker->getTimestampOfLastQueueRestart()
#13 /var/www/html/vendor/laravel/framework/src/Illuminate/Queue/Console/WorkCommand.php(148): Illuminate\\Queue\\Worker->daemon()
#14 /var/www/html/vendor/laravel/framework/src/Illuminate/Queue/Console/WorkCommand.php(131): Illuminate\\Queue\\Console\\WorkCommand->runWorker()
#15 /var/www/html/vendor/laravel/framework/src/Illuminate/Container/BoundMethod.php(36): Illuminate\\Queue\\Console\\WorkCommand->handle()
#16 /var/www/html/vendor/laravel/framework/src/Illuminate/Container/Util.php(43): Illuminate\\Container\\BoundMethod::{closure:Illuminate\\Container\\BoundMethod::call():35}()
#17 /var/www/html/vendor/laravel/framework/src/Illuminate/Container/BoundMethod.php(96): Illuminate\\Container\\Util::unwrapIfClosure()
#18 /var/www/html/vendor/laravel/framework/src/Illuminate/Container/BoundMethod.php(35): Illuminate\\Container\\BoundMethod::callBoundMethod()
#19 /var/www/html/vendor/laravel/framework/src/Illuminate/Container/Container.php(836): Illuminate\\Container\\BoundMethod::call()
#20 /var/www/html/vendor/laravel/framework/src/Illuminate/Console/Command.php(211): Illuminate\\Container\\Container->call()
#21 /var/www/html/vendor/symfony/console/Command/Command.php(318): Illuminate\\Console\\Command->execute()
#22 /var/www/html/vendor/laravel/framework/src/Illuminate/Console/Command.php(180): Symfony\\Component\\Console\\Command\\Command->run()
#23 /var/www/html/vendor/symfony/console/Application.php(1073): Illuminate\\Console\\Command->run()
#24 /var/www/html/vendor/symfony/console/Application.php(356): Symfony\\Component\\Console\\Application->doRunCommand()
#25 /var/www/html/vendor/symfony/console/Application.php(195): Symfony\\Component\\Console\\Application->doRun()
#26 /var/www/html/vendor/laravel/framework/src/Illuminate/Foundation/Console/Kernel.php(197): Symfony\\Component\\Console\\Application->run()
#27 /var/www/html/vendor/laravel/framework/src/Illuminate/Foundation/Application.php(1235): Illuminate\\Foundation\\Console\\Kernel->handle()
#28 /var/www/html/artisan(16): Illuminate\\Foundation\\Application->handleCommand()
#29 {main}
"} 
[2025-12-02 12:52:48] local.ERROR: No application encryption key has been specified. {"exception":"[object] (Illuminate\\Encryption\\MissingAppKeyException(code: 0): No application encryption key has been specified. at /var/www/html/vendor/laravel/framework/src/Illuminate/Encryption/EncryptionServiceProvider.php:83)
[stacktrace]
#0 /var/www/html/vendor/laravel/framework/src/Illuminate/Support/helpers.php(390): Illuminate\\Encryption\\EncryptionServiceProvider->{closure:Illuminate\\Encryption\\EncryptionServiceProvider::key():81}()
#1 /var/www/html/vendor/laravel/framework/src/Illuminate/Encryption/EncryptionServiceProvider.php(81): tap()
#2 /var/www/html/vendor/laravel/framework/src/Illuminate/Encryption/EncryptionServiceProvider.php(64): Illuminate\\Encryption\\EncryptionServiceProvider->key()
#3 /var/www/html/vendor/laravel/framework/src/Illuminate/Encryption/EncryptionServiceProvider.php(32): Illuminate\\Encryption\\EncryptionServiceProvider->parseKey()
#4 /var/www/html/vendor/laravel/framework/src/Illuminate/Container/Container.php(1154): Illuminate\\Encryption\\EncryptionServiceProvider->{closure:Illuminate\\Encryption\\EncryptionServiceProvider::registerEncrypter():29}()
#5 /var/www/html/vendor/laravel/framework/src/Illuminate/Container/Container.php(972): Illuminate\\Container\\Container->build()
#6 /var/www/html/vendor/laravel/framework/src/Illuminate/Foundation/Application.php(1078): Illuminate\\Container\\Container->resolve()
#7 /var/www/html/vendor/laravel/framework/src/Illuminate/Container/Container.php(903): Illuminate\\Foundation\\Application->resolve()
#8 /var/www/html/vendor/laravel/framework/src/Illuminate/Foundation/Application.php(1058): Illuminate\\Container\\Container->make()
#9 /var/www/html/vendor/laravel/framework/src/Illuminate/Container/Container.php(1379): Illuminate\\Foundation\\Application->make()
#10 /var/www/html/vendor/laravel/framework/src/Illuminate/Container/Container.php(1278): Illuminate\\Container\\Container->resolveClass()
#11 /var/www/html/vendor/laravel/framework/src/Illuminate/Container/Container.php(1201): Illuminate\\Container\\Container->resolveDependencies()
#12 /var/www/html/vendor/laravel/framework/src/Illuminate/Container/Container.php(972): Illuminate\\Container\\Container->build()
#13 /var/www/html/vendor/laravel/framework/src/Illuminate/Foundation/Application.php(1078): Illuminate\\Container\\Container->resolve()
#14 /var/www/html/vendor/laravel/framework/src/Illuminate/Container/Container.php(903): Illuminate\\Foundation\\Application->resolve()
#15 /var/www/html/vendor/laravel/framework/src/Illuminate/Foundation/Application.php(1058): Illuminate\\Container\\Container->make()
#16 /var/www/html/vendor/laravel/framework/src/Illuminate/Pipeline/Pipeline.php(208): Illuminate\\Foundation\\Application->make()
#17 /var/www/html/vendor/laravel/framework/src/Illuminate/Pipeline/Pipeline.php(137): Illuminate\\Pipeline\\Pipeline->{closure:{closure:Illuminate\\Pipeline\\Pipeline::carry():194}:195}()
#18 /var/www/html/vendor/laravel/framework/src/Illuminate/Routing/Router.php(821): Illuminate\\Pipeline\\Pipeline->then()
#19 /var/www/html/vendor/laravel/framework/src/Illuminate/Routing/Router.php(800): Illuminate\\Routing\\Router->runRouteWithinStack()
#20 /var/www/html/vendor/laravel/framework/src/Illuminate/Routing/Router.php(764): Illuminate\\Routing\\Router->runRoute()
#21 /var/www/html/vendor/laravel/framework/src/Illuminate/Routing/Router.php(753): Illuminate\\Routing\\Router->dispatchToRoute()
#22 /var/www/html/vendor/laravel/framework/src/Illuminate/Foundation/Http/Kernel.php(200): Illuminate\\Routing\\Router->dispatch()
#23 /var/www/html/vendor/laravel/framework/src/Illuminate/Pipeline/Pipeline.php(180): Illuminate\\Foundation\\Http\\Kernel->{closure:Illuminate\\Foundation\\Http\\Kernel::dispatchToRouter():197}()
#24 /var/www/html/vendor/laravel/framework/src/Illuminate/Foundation/Http/Middleware/TransformsRequest.php(21): Illuminate\\Pipeline\\Pipeline->{closure:Illuminate\\Pipeline\\Pipeline::prepareDestination():178}()
#25 /var/www/html/vendor/laravel/framework/src/Illuminate/Foundation/Http/Middleware/ConvertEmptyStringsToNull.php(31): Illuminate\\Foundation\\Http\\Middleware\\TransformsRequest->handle()
#26 /var/www/html/vendor/laravel/framework/src/Illuminate/Pipeline/Pipeline.php(219): Illuminate\\Foundation\\Http\\Middleware\\ConvertEmptyStringsToNull->handle()
#27 /var/www/html/vendor/laravel/framework/src/Illuminate/Foundation/Http/Middleware/TransformsRequest.php(21): Illuminate\\Pipeline\\Pipeline->{closure:{closure:Illuminate\\Pipeline\\Pipeline::carry():194}:195}()
#28 /var/www/html/vendor/laravel/framework/src/Illuminate/Foundation/Http/Middleware/TrimStrings.php(51): Illuminate\\Foundation\\Http\\Middleware\\TransformsRequest->handle()
#29 /var/www/html/vendor/laravel/framework/src/Illuminate/Pipeline/Pipeline.php(219): Illuminate\\Foundation\\Http\\Middleware\\TrimStrings->handle()
#30 /var/www/html/vendor/laravel/framework/src/Illuminate/Http/Middleware/ValidatePostSize.php(27): Illuminate\\Pipeline\\Pipeline->{closure:{closure:Illuminate\\Pipeline\\Pipeline::carry():194}:195}()
#31 /var/www/html/vendor/laravel/framework/src/Illuminate/Pipeline/Pipeline.php(219): Illuminate\\Http\\Middleware\\ValidatePostSize->handle()
#32 /var/www/html/vendor/laravel/framework/src/Illuminate/Foundation/Http/Middleware/PreventRequestsDuringMaintenance.php(109): Illuminate\\Pipeline\\Pipeline->{closure:{closure:Illuminate\\Pipeline\\Pipeline::carry():194}:195}()
#33 /var/www/html/vendor/laravel/framework/src/Illuminate/Pipeline/Pipeline.php(219): Illuminate\\Foundation\\Http\\Middleware\\PreventRequestsDuringMaintenance->handle()
#34 /var/www/html/vendor/laravel/framework/src/Illuminate/Http/Middleware/HandleCors.php(48): Illuminate\\Pipeline\\Pipeline->{closure:{closure:Illuminate\\Pipeline\\Pipeline::carry():194}:195}()
#35 /var/www/html/vendor/laravel/framework/src/Illuminate/Pipeline/Pipeline.php(219): Illuminate\\Http\\Middleware\\HandleCors->handle()
#36 /var/www/html/vendor/laravel/framework/src/Illuminate/Http/Middleware/TrustProxies.php(58): Illuminate\\Pipeline\\Pipeline->{closure:{closure:Illuminate\\Pipeline\\Pipeline::carry():194}:195}()
#37 /var/www/html/vendor/laravel/framework/src/Illuminate/Pipeline/Pipeline.php(219): Illuminate\\Http\\Middleware\\TrustProxies->handle()
#38 /var/www/html/vendor/laravel/framework/src/Illuminate/Foundation/Http/Middleware/InvokeDeferredCallbacks.php(22): Illuminate\\Pipeline\\Pipeline->{closure:{closure:Illuminate\\Pipeline\\Pipeline::carry():194}:195}()
#39 /var/www/html/vendor/laravel/framework/src/Illuminate/Pipeline/Pipeline.php(219): Illuminate\\Foundation\\Http\\Middleware\\InvokeDeferredCallbacks->handle()
#40 /var/www/html/vendor/laravel/framework/src/Illuminate/Http/Middleware/ValidatePathEncoding.php(26): Illuminate\\Pipeline\\Pipeline->{closure:{closure:Illuminate\\Pipeline\\Pipeline::carry():194}:195}()
#41 /var/www/html/vendor/laravel/framework/src/Illuminate/Pipeline/Pipeline.php(219): Illuminate\\Http\\Middleware\\ValidatePathEncoding->handle()
#42 /var/www/html/vendor/laravel/framework/src/Illuminate/Pipeline/Pipeline.php(137): Illuminate\\Pipeline\\Pipeline->{closure:{closure:Illuminate\\Pipeline\\Pipeline::carry():194}:195}()
#43 /var/www/html/vendor/laravel/framework/src/Illuminate/Foundation/Http/Kernel.php(175): Illuminate\\Pipeline\\Pipeline->then()
#44 /var/www/html/vendor/laravel/framework/src/Illuminate/Foundation/Http/Kernel.php(144): Illuminate\\Foundation\\Http\\Kernel->sendRequestThroughRouter()
#45 /var/www/html/vendor/laravel/framework/src/Illuminate/Foundation/Application.php(1220): Illuminate\\Foundation\\Http\\Kernel->handle()
#46 /var/www/html/public/index.php(20): Illuminate\\Foundation\\Application->handleRequest()
#47 /var/www/html/vendor/laravel/framework/src/Illuminate/Foundation/resources/server.php(23): require_once('...')
#48 {main}
"} 
[2025-12-02 12:53:16] local.ERROR: No application encryption key has been specified. {"exception":"[object] (Illuminate\\Encryption\\MissingAppKeyException(code: 0): No application encryption key has been specified. at /var/www/html/vendor/laravel/framework/src/Illuminate/Encryption/EncryptionServiceProvider.php:83)
[stacktrace]
#0 /var/www/html/vendor/laravel/framework/src/Illuminate/Support/helpers.php(390): Illuminate\\Encryption\\EncryptionServiceProvider->{closure:Illuminate\\Encryption\\EncryptionServiceProvider::key():81}()
#1 /var/www/html/vendor/laravel/framework/src/Illuminate/Encryption/EncryptionServiceProvider.php(81): tap()
#2 /var/www/html/vendor/laravel/framework/src/Illuminate/Encryption/EncryptionServiceProvider.php(64): Illuminate\\Encryption\\EncryptionServiceProvider->key()
#3 /var/www/html/vendor/laravel/framework/src/Illuminate/Encryption/EncryptionServiceProvider.php(32): Illuminate\\Encryption\\EncryptionServiceProvider->parseKey()
#4 /var/www/html/vendor/laravel/framework/src/Illuminate/Container/Container.php(1154): Illuminate\\Encryption\\EncryptionServiceProvider->{closure:Illuminate\\Encryption\\EncryptionServiceProvider::registerEncrypter():29}()
#5 /var/www/html/vendor/laravel/framework/src/Illuminate/Container/Container.php(972): Illuminate\\Container\\Container->build()
#6 /var/www/html/vendor/laravel/framework/src/Illuminate/Foundation/Application.php(1078): Illuminate\\Container\\Container->resolve()
#7 /var/www/html/vendor/laravel/framework/src/Illuminate/Container/Container.php(903): Illuminate\\Foundation\\Application->resolve()
#8 /var/www/html/vendor/laravel/framework/src/Illuminate/Foundation/Application.php(1058): Illuminate\\Container\\Container->make()
#9 /var/www/html/vendor/laravel/framework/src/Illuminate/Container/Container.php(1379): Illuminate\\Foundation\\Application->make()
#10 /var/www/html/vendor/laravel/framework/src/Illuminate/Container/Container.php(1278): Illuminate\\Container\\Container->resolveClass()
#11 /var/www/html/vendor/laravel/framework/src/Illuminate/Container/Container.php(1201): Illuminate\\Container\\Container->resolveDependencies()
#12 /var/www/html/vendor/laravel/framework/src/Illuminate/Container/Container.php(972): Illuminate\\Container\\Container->build()
#13 /var/www/html/vendor/laravel/framework/src/Illuminate/Foundation/Application.php(1078): Illuminate\\Container\\Container->resolve()
#14 /var/www/html/vendor/laravel/framework/src/Illuminate/Container/Container.php(903): Illuminate\\Foundation\\Application->resolve()
#15 /var/www/html/vendor/laravel/framework/src/Illuminate/Foundation/Application.php(1058): Illuminate\\Container\\Container->make()
#16 /var/www/html/vendor/laravel/framework/src/Illuminate/Foundation/Http/Kernel.php(257): Illuminate\\Foundation\\Application->make()
#17 /var/www/html/vendor/laravel/framework/src/Illuminate/Foundation/Http/Kernel.php(215): Illuminate\\Foundation\\Http\\Kernel->terminateMiddleware()
#18 /var/www/html/vendor/laravel/framework/src/Illuminate/Foundation/Application.php(1222): Illuminate\\Foundation\\Http\\Kernel->terminate()
#19 /var/www/html/public/index.php(20): Illuminate\\Foundation\\Application->handleRequest()
#20 /var/www/html/vendor/laravel/framework/src/Illuminate/Foundation/resources/server.php(23): require_once('...')
#21 {main}
"} 
[2025-12-02 12:54:16] local.ERROR: No application encryption key has been specified. {"exception":"[object] (Illuminate\\Encryption\\MissingAppKeyException(code: 0): No application encryption key has been specified. at /var/www/html/vendor/laravel/framework/src/Illuminate/Encryption/EncryptionServiceProvider.php:83)
[stacktrace]
#0 /var/www/html/vendor/laravel/framework/src/Illuminate/Support/helpers.php(390): Illuminate\\Encryption\\EncryptionServiceProvider->{closure:Illuminate\\Encryption\\EncryptionServiceProvider::key():81}()
#1 /var/www/html/vendor/laravel/framework/src/Illuminate/Encryption/EncryptionServiceProvider.php(81): tap()
#2 /var/www/html/vendor/laravel/framework/src/Illuminate/Encryption/EncryptionServiceProvider.php(64): Illuminate\\Encryption\\EncryptionServiceProvider->key()
#3 /var/www/html/vendor/laravel/framework/src/Illuminate/Encryption/EncryptionServiceProvider.php(32): Illuminate\\Encryption\\EncryptionServiceProvider->parseKey()
#4 /var/www/html/vendor/laravel/framework/src/Illuminate/Container/Container.php(1154): Illuminate\\Encryption\\EncryptionServiceProvider->{closure:Illuminate\\Encryption\\EncryptionServiceProvider::registerEncrypter():29}()
#5 /var/www/html/vendor/laravel/framework/src/Illuminate/Container/Container.php(972): Illuminate\\Container\\Container->build()
#6 /var/www/html/vendor/laravel/framework/src/Illuminate/Foundation/Application.php(1078): Illuminate\\Container\\Container->resolve()
#7 /var/www/html/vendor/laravel/framework/src/Illuminate/Container/Container.php(903): Illuminate\\Foundation\\Application->resolve()
#8 /var/www/html/vendor/laravel/framework/src/Illuminate/Foundation/Application.php(1058): Illuminate\\Container\\Container->make()
#9 /var/www/html/vendor/laravel/framework/src/Illuminate/Container/Container.php(1379): Illuminate\\Foundation\\Application->make()
#10 /var/www/html/vendor/laravel/framework/src/Illuminate/Container/Container.php(1278): Illuminate\\Container\\Container->resolveClass()
#11 /var/www/html/vendor/laravel/framework/src/Illuminate/Container/Container.php(1201): Illuminate\\Container\\Container->resolveDependencies()
#12 /var/www/html/vendor/laravel/framework/src/Illuminate/Container/Container.php(972): Illuminate\\Container\\Container->build()
#13 /var/www/html/vendor/laravel/framework/src/Illuminate/Foundation/Application.php(1078): Illuminate\\Container\\Container->resolve()
#14 /var/www/html/vendor/laravel/framework/src/Illuminate/Container/Container.php(903): Illuminate\\Foundation\\Application->resolve()
#15 /var/www/html/vendor/laravel/framework/src/Illuminate/Foundation/Application.php(1058): Illuminate\\Container\\Container->make()
#16 /var/www/html/vendor/laravel/framework/src/Illuminate/Pipeline/Pipeline.php(208): Illuminate\\Foundation\\Application->make()
#17 /var/www/html/vendor/laravel/framework/src/Illuminate/Pipeline/Pipeline.php(137): Illuminate\\Pipeline\\Pipeline->{closure:{closure:Illuminate\\Pipeline\\Pipeline::carry():194}:195}()
#18 /var/www/html/vendor/laravel/framework/src/Illuminate/Routing/Router.php(821): Illuminate\\Pipeline\\Pipeline->then()
#19 /var/www/html/vendor/laravel/framework/src/Illuminate/Routing/Router.php(800): Illuminate\\Routing\\Router->runRouteWithinStack()
#20 /var/www/html/vendor/laravel/framework/src/Illuminate/Routing/Router.php(764): Illuminate\\Routing\\Router->runRoute()
#21 /var/www/html/vendor/laravel/framework/src/Illuminate/Routing/Router.php(753): Illuminate\\Routing\\Router->dispatchToRoute()
#22 /var/www/html/vendor/laravel/framework/src/Illuminate/Foundation/Http/Kernel.php(200): Illuminate\\Routing\\Router->dispatch()
#23 /var/www/html/vendor/laravel/framework/src/Illuminate/Pipeline/Pipeline.php(180): Illuminate\\Foundation\\Http\\Kernel->{closure:Illuminate\\Foundation\\Http\\Kernel::dispatchToRouter():197}()
#24 /var/www/html/vendor/laravel/framework/src/Illuminate/Foundation/Http/Middleware/TransformsRequest.php(21): Illuminate\\Pipeline\\Pipeline->{closure:Illuminate\\Pipeline\\Pipeline::prepareDestination():178}()
#25 /var/www/html/vendor/laravel/framework/src/Illuminate/Foundation/Http/Middleware/ConvertEmptyStringsToNull.php(31): Illuminate\\Foundation\\Http\\Middleware\\TransformsRequest->handle()
#26 /var/www/html/vendor/laravel/framework/src/Illuminate/Pipeline/Pipeline.php(219): Illuminate\\Foundation\\Http\\Middleware\\ConvertEmptyStringsToNull->handle()
#27 /var/www/html/vendor/laravel/framework/src/Illuminate/Foundation/Http/Middleware/TransformsRequest.php(21): Illuminate\\Pipeline\\Pipeline->{closure:{closure:Illuminate\\Pipeline\\Pipeline::carry():194}:195}()
#28 /var/www/html/vendor/laravel/framework/src/Illuminate/Foundation/Http/Middleware/TrimStrings.php(51): Illuminate\\Foundation\\Http\\Middleware\\TransformsRequest->handle()
#29 /var/www/html/vendor/laravel/framework/src/Illuminate/Pipeline/Pipeline.php(219): Illuminate\\Foundation\\Http\\Middleware\\TrimStrings->handle()
#30 /var/www/html/vendor/laravel/framework/src/Illuminate/Http/Middleware/ValidatePostSize.php(27): Illuminate\\Pipeline\\Pipeline->{closure:{closure:Illuminate\\Pipeline\\Pipeline::carry():194}:195}()
#31 /var/www/html/vendor/laravel/framework/src/Illuminate/Pipeline/Pipeline.php(219): Illuminate\\Http\\Middleware\\ValidatePostSize->handle()
#32 /var/www/html/vendor/laravel/framework/src/Illuminate/Foundation/Http/Middleware/PreventRequestsDuringMaintenance.php(109): Illuminate\\Pipeline\\Pipeline->{closure:{closure:Illuminate\\Pipeline\\Pipeline::carry():194}:195}()
#33 /var/www/html/vendor/laravel/framework/src/Illuminate/Pipeline/Pipeline.php(219): Illuminate\\Foundation\\Http\\Middleware\\PreventRequestsDuringMaintenance->handle()
#34 /var/www/html/vendor/laravel/framework/src/Illuminate/Http/Middleware/HandleCors.php(48): Illuminate\\Pipeline\\Pipeline->{closure:{closure:Illuminate\\Pipeline\\Pipeline::carry():194}:195}()
#35 /var/www/html/vendor/laravel/framework/src/Illuminate/Pipeline/Pipeline.php(219): Illuminate\\Http\\Middleware\\HandleCors->handle()
#36 /var/www/html/vendor/laravel/framework/src/Illuminate/Http/Middleware/TrustProxies.php(58): Illuminate\\Pipeline\\Pipeline->{closure:{closure:Illuminate\\Pipeline\\Pipeline::carry():194}:195}()
#37 /var/www/html/vendor/laravel/framework/src/Illuminate/Pipeline/Pipeline.php(219): Illuminate\\Http\\Middleware\\TrustProxies->handle()
#38 /var/www/html/vendor/laravel/framework/src/Illuminate/Foundation/Http/Middleware/InvokeDeferredCallbacks.php(22): Illuminate\\Pipeline\\Pipeline->{closure:{closure:Illuminate\\Pipeline\\Pipeline::carry():194}:195}()
#39 /var/www/html/vendor/laravel/framework/src/Illuminate/Pipeline/Pipeline.php(219): Illuminate\\Foundation\\Http\\Middleware\\InvokeDeferredCallbacks->handle()
#40 /var/www/html/vendor/laravel/framework/src/Illuminate/Http/Middleware/ValidatePathEncoding.php(26): Illuminate\\Pipeline\\Pipeline->{closure:{closure:Illuminate\\Pipeline\\Pipeline::carry():194}:195}()
#41 /var/www/html/vendor/laravel/framework/src/Illuminate/Pipeline/Pipeline.php(219): Illuminate\\Http\\Middleware\\ValidatePathEncoding->handle()
#42 /var/www/html/vendor/laravel/framework/src/Illuminate/Pipeline/Pipeline.php(137): Illuminate\\Pipeline\\Pipeline->{closure:{closure:Illuminate\\Pipeline\\Pipeline::carry():194}:195}()
#43 /var/www/html/vendor/laravel/framework/src/Illuminate/Foundation/Http/Kernel.php(175): Illuminate\\Pipeline\\Pipeline->then()
#44 /var/www/html/vendor/laravel/framework/src/Illuminate/Foundation/Http/Kernel.php(144): Illuminate\\Foundation\\Http\\Kernel->sendRequestThroughRouter()
#45 /var/www/html/vendor/laravel/framework/src/Illuminate/Foundation/Application.php(1220): Illuminate\\Foundation\\Http\\Kernel->handle()
#46 /var/www/html/public/index.php(20): Illuminate\\Foundation\\Application->handleRequest()
#47 /var/www/html/vendor/laravel/framework/src/Illuminate/Foundation/resources/server.php(23): require_once('...')
#48 {main}
"} 
[2025-12-02 12:54:42] local.ERROR: SQLSTATE[42P01]: Undefined table: 7 ERROR:  relation "cache" does not exist
LINE 1: select * from "cache" where "key" in ($1)
                      ^ (Connection: pgsql, SQL: select * from "cache" where "key" in (laravel-cache-illuminate:queue:restart)) {"exception":"[object] (Illuminate\\Database\\QueryException(code: 42P01): SQLSTATE[42P01]: Undefined table: 7 ERROR:  relation \"cache\" does not exist
LINE 1: select * from \"cache\" where \"key\" in ($1)
                      ^ (Connection: pgsql, SQL: select * from \"cache\" where \"key\" in (laravel-cache-illuminate:queue:restart)) at /var/www/html/vendor/laravel/framework/src/Illuminate/Database/Connection.php:824)
[stacktrace]
#0 /var/www/html/vendor/laravel/framework/src/Illuminate/Database/Connection.php(778): Illuminate\\Database\\Connection->runQueryCallback()
#1 /var/www/html/vendor/laravel/framework/src/Illuminate/Database/Connection.php(397): Illuminate\\Database\\Connection->run()
#2 /var/www/html/vendor/laravel/framework/src/Illuminate/Database/Query/Builder.php(3188): Illuminate\\Database\\Connection->select()
#3 /var/www/html/vendor/laravel/framework/src/Illuminate/Database/Query/Builder.php(3173): Illuminate\\Database\\Query\\Builder->runSelect()
#4 /var/www/html/vendor/laravel/framework/src/Illuminate/Database/Query/Builder.php(3763): Illuminate\\Database\\Query\\Builder->{closure:Illuminate\\Database\\Query\\Builder::get():3172}()
#5 /var/www/html/vendor/laravel/framework/src/Illuminate/Database/Query/Builder.php(3172): Illuminate\\Database\\Query\\Builder->onceWithColumns()
#6 /var/www/html/vendor/laravel/framework/src/Illuminate/Cache/DatabaseStore.php(130): Illuminate\\Database\\Query\\Builder->get()
#7 /var/www/html/vendor/laravel/framework/src/Illuminate/Cache/DatabaseStore.php(105): Illuminate\\Cache\\DatabaseStore->many()
#8 /var/www/html/vendor/laravel/framework/src/Illuminate/Cache/Repository.php(119): Illuminate\\Cache\\DatabaseStore->get()
#9 /var/www/html/vendor/laravel/framework/src/Illuminate/Queue/Worker.php(736): Illuminate\\Cache\\Repository->get()
#10 /var/www/html/vendor/laravel/framework/src/Illuminate/Queue/Worker.php(146): Illuminate\\Queue\\Worker->getTimestampOfLastQueueRestart()
#11 /var/www/html/vendor/laravel/framework/src/Illuminate/Queue/Console/WorkCommand.php(148): Illuminate\\Queue\\Worker->daemon()
#12 /var/www/html/vendor/laravel/framework/src/Illuminate/Queue/Console/WorkCommand.php(131): Illuminate\\Queue\\Console\\WorkCommand->runWorker()
#13 /var/www/html/vendor/laravel/framework/src/Illuminate/Container/BoundMethod.php(36): Illuminate\\Queue\\Console\\WorkCommand->handle()
#14 /var/www/html/vendor/laravel/framework/src/Illuminate/Container/Util.php(43): Illuminate\\Container\\BoundMethod::{closure:Illuminate\\Container\\BoundMethod::call():35}()
#15 /var/www/html/vendor/laravel/framework/src/Illuminate/Container/BoundMethod.php(96): Illuminate\\Container\\Util::unwrapIfClosure()
#16 /var/www/html/vendor/laravel/framework/src/Illuminate/Container/BoundMethod.php(35): Illuminate\\Container\\BoundMethod::callBoundMethod()
#17 /var/www/html/vendor/laravel/framework/src/Illuminate/Container/Container.php(836): Illuminate\\Container\\BoundMethod::call()
#18 /var/www/html/vendor/laravel/framework/src/Illuminate/Console/Command.php(211): Illuminate\\Container\\Container->call()
#19 /var/www/html/vendor/symfony/console/Command/Command.php(318): Illuminate\\Console\\Command->execute()
#20 /var/www/html/vendor/laravel/framework/src/Illuminate/Console/Command.php(180): Symfony\\Component\\Console\\Command\\Command->run()
#21 /var/www/html/vendor/symfony/console/Application.php(1073): Illuminate\\Console\\Command->run()
#22 /var/www/html/vendor/symfony/console/Application.php(356): Symfony\\Component\\Console\\Application->doRunCommand()
#23 /var/www/html/vendor/symfony/console/Application.php(195): Symfony\\Component\\Console\\Application->doRun()
#24 /var/www/html/vendor/laravel/framework/src/Illuminate/Foundation/Console/Kernel.php(197): Symfony\\Component\\Console\\Application->run()
#25 /var/www/html/vendor/laravel/framework/src/Illuminate/Foundation/Application.php(1235): Illuminate\\Foundation\\Console\\Kernel->handle()
#26 /var/www/html/artisan(16): Illuminate\\Foundation\\Application->handleCommand()
#27 {main}

[previous exception] [object] (PDOException(code: 42P01): SQLSTATE[42P01]: Undefined table: 7 ERROR:  relation \"cache\" does not exist
LINE 1: select * from \"cache\" where \"key\" in ($1)
                      ^ at /var/www/html/vendor/laravel/framework/src/Illuminate/Database/Connection.php:411)
[stacktrace]
#0 /var/www/html/vendor/laravel/framework/src/Illuminate/Database/Connection.php(411): PDOStatement->execute()
#1 /var/www/html/vendor/laravel/framework/src/Illuminate/Database/Connection.php(811): Illuminate\\Database\\Connection->{closure:Illuminate\\Database\\Connection::select():397}()
#2 /var/www/html/vendor/laravel/framework/src/Illuminate/Database/Connection.php(778): Illuminate\\Database\\Connection->runQueryCallback()
#3 /var/www/html/vendor/laravel/framework/src/Illuminate/Database/Connection.php(397): Illuminate\\Database\\Connection->run()
#4 /var/www/html/vendor/laravel/framework/src/Illuminate/Database/Query/Builder.php(3188): Illuminate\\Database\\Connection->select()
#5 /var/www/html/vendor/laravel/framework/src/Illuminate/Database/Query/Builder.php(3173): Illuminate\\Database\\Query\\Builder->runSelect()
#6 /var/www/html/vendor/laravel/framework/src/Illuminate/Database/Query/Builder.php(3763): Illuminate\\Database\\Query\\Builder->{closure:Illuminate\\Database\\Query\\Builder::get():3172}()
#7 /var/www/html/vendor/laravel/framework/src/Illuminate/Database/Query/Builder.php(3172): Illuminate\\Database\\Query\\Builder->onceWithColumns()
#8 /var/www/html/vendor/laravel/framework/src/Illuminate/Cache/DatabaseStore.php(130): Illuminate\\Database\\Query\\Builder->get()
#9 /var/www/html/vendor/laravel/framework/src/Illuminate/Cache/DatabaseStore.php(105): Illuminate\\Cache\\DatabaseStore->many()
#10 /var/www/html/vendor/laravel/framework/src/Illuminate/Cache/Repository.php(119): Illuminate\\Cache\\DatabaseStore->get()
#11 /var/www/html/vendor/laravel/framework/src/Illuminate/Queue/Worker.php(736): Illuminate\\Cache\\Repository->get()
#12 /var/www/html/vendor/laravel/framework/src/Illuminate/Queue/Worker.php(146): Illuminate\\Queue\\Worker->getTimestampOfLastQueueRestart()
#13 /var/www/html/vendor/laravel/framework/src/Illuminate/Queue/Console/WorkCommand.php(148): Illuminate\\Queue\\Worker->daemon()
#14 /var/www/html/vendor/laravel/framework/src/Illuminate/Queue/Console/WorkCommand.php(131): Illuminate\\Queue\\Console\\WorkCommand->runWorker()
#15 /var/www/html/vendor/laravel/framework/src/Illuminate/Container/BoundMethod.php(36): Illuminate\\Queue\\Console\\WorkCommand->handle()
#16 /var/www/html/vendor/laravel/framework/src/Illuminate/Container/Util.php(43): Illuminate\\Container\\BoundMethod::{closure:Illuminate\\Container\\BoundMethod::call():35}()
#17 /var/www/html/vendor/laravel/framework/src/Illuminate/Container/BoundMethod.php(96): Illuminate\\Container\\Util::unwrapIfClosure()
#18 /var/www/html/vendor/laravel/framework/src/Illuminate/Container/BoundMethod.php(35): Illuminate\\Container\\BoundMethod::callBoundMethod()
#19 /var/www/html/vendor/laravel/framework/src/Illuminate/Container/Container.php(836): Illuminate\\Container\\BoundMethod::call()
#20 /var/www/html/vendor/laravel/framework/src/Illuminate/Console/Command.php(211): Illuminate\\Container\\Container->call()
#21 /var/www/html/vendor/symfony/console/Command/Command.php(318): Illuminate\\Console\\Command->execute()
#22 /var/www/html/vendor/laravel/framework/src/Illuminate/Console/Command.php(180): Symfony\\Component\\Console\\Command\\Command->run()
#23 /var/www/html/vendor/symfony/console/Application.php(1073): Illuminate\\Console\\Command->run()
#24 /var/www/html/vendor/symfony/console/Application.php(356): Symfony\\Component\\Console\\Application->doRunCommand()
#25 /var/www/html/vendor/symfony/console/Application.php(195): Symfony\\Component\\Console\\Application->doRun()
#26 /var/www/html/vendor/laravel/framework/src/Illuminate/Foundation/Console/Kernel.php(197): Symfony\\Component\\Console\\Application->run()
#27 /var/www/html/vendor/laravel/framework/src/Illuminate/Foundation/Application.php(1235): Illuminate\\Foundation\\Console\\Kernel->handle()
#28 /var/www/html/artisan(16): Illuminate\\Foundation\\Application->handleCommand()
#29 {main}
"} 
[2025-12-02 12:55:13] local.ERROR: No application encryption key has been specified. {"exception":"[object] (Illuminate\\Encryption\\MissingAppKeyException(code: 0): No application encryption key has been specified. at /var/www/html/vendor/laravel/framework/src/Illuminate/Encryption/EncryptionServiceProvider.php:83)
[stacktrace]
#0 /var/www/html/vendor/laravel/framework/src/Illuminate/Support/helpers.php(390): Illuminate\\Encryption\\EncryptionServiceProvider->{closure:Illuminate\\Encryption\\EncryptionServiceProvider::key():81}()
#1 /var/www/html/vendor/laravel/framework/src/Illuminate/Encryption/EncryptionServiceProvider.php(81): tap()
#2 /var/www/html/vendor/laravel/framework/src/Illuminate/Encryption/EncryptionServiceProvider.php(64): Illuminate\\Encryption\\EncryptionServiceProvider->key()
#3 /var/www/html/vendor/laravel/framework/src/Illuminate/Encryption/EncryptionServiceProvider.php(32): Illuminate\\Encryption\\EncryptionServiceProvider->parseKey()
#4 /var/www/html/vendor/laravel/framework/src/Illuminate/Container/Container.php(1154): Illuminate\\Encryption\\EncryptionServiceProvider->{closure:Illuminate\\Encryption\\EncryptionServiceProvider::registerEncrypter():29}()
#5 /var/www/html/vendor/laravel/framework/src/Illuminate/Container/Container.php(972): Illuminate\\Container\\Container->build()
#6 /var/www/html/vendor/laravel/framework/src/Illuminate/Foundation/Application.php(1078): Illuminate\\Container\\Container->resolve()
#7 /var/www/html/vendor/laravel/framework/src/Illuminate/Container/Container.php(903): Illuminate\\Foundation\\Application->resolve()
#8 /var/www/html/vendor/laravel/framework/src/Illuminate/Foundation/Application.php(1058): Illuminate\\Container\\Container->make()
#9 /var/www/html/vendor/laravel/framework/src/Illuminate/Container/Container.php(1379): Illuminate\\Foundation\\Application->make()
#10 /var/www/html/vendor/laravel/framework/src/Illuminate/Container/Container.php(1278): Illuminate\\Container\\Container->resolveClass()
#11 /var/www/html/vendor/laravel/framework/src/Illuminate/Container/Container.php(1201): Illuminate\\Container\\Container->resolveDependencies()
#12 /var/www/html/vendor/laravel/framework/src/Illuminate/Container/Container.php(972): Illuminate\\Container\\Container->build()
#13 /var/www/html/vendor/laravel/framework/src/Illuminate/Foundation/Application.php(1078): Illuminate\\Container\\Container->resolve()
#14 /var/www/html/vendor/laravel/framework/src/Illuminate/Container/Container.php(903): Illuminate\\Foundation\\Application->resolve()
#15 /var/www/html/vendor/laravel/framework/src/Illuminate/Foundation/Application.php(1058): Illuminate\\Container\\Container->make()
#16 /var/www/html/vendor/laravel/framework/src/Illuminate/Pipeline/Pipeline.php(208): Illuminate\\Foundation\\Application->make()
#17 /var/www/html/vendor/laravel/framework/src/Illuminate/Pipeline/Pipeline.php(137): Illuminate\\Pipeline\\Pipeline->{closure:{closure:Illuminate\\Pipeline\\Pipeline::carry():194}:195}()
#18 /var/www/html/vendor/laravel/framework/src/Illuminate/Routing/Router.php(821): Illuminate\\Pipeline\\Pipeline->then()
#19 /var/www/html/vendor/laravel/framework/src/Illuminate/Routing/Router.php(800): Illuminate\\Routing\\Router->runRouteWithinStack()
#20 /var/www/html/vendor/laravel/framework/src/Illuminate/Routing/Router.php(764): Illuminate\\Routing\\Router->runRoute()
#21 /var/www/html/vendor/laravel/framework/src/Illuminate/Routing/Router.php(753): Illuminate\\Routing\\Router->dispatchToRoute()
#22 /var/www/html/vendor/laravel/framework/src/Illuminate/Foundation/Http/Kernel.php(200): Illuminate\\Routing\\Router->dispatch()
#23 /var/www/html/vendor/laravel/framework/src/Illuminate/Pipeline/Pipeline.php(180): Illuminate\\Foundation\\Http\\Kernel->{closure:Illuminate\\Foundation\\Http\\Kernel::dispatchToRouter():197}()
#24 /var/www/html/vendor/laravel/framework/src/Illuminate/Foundation/Http/Middleware/TransformsRequest.php(21): Illuminate\\Pipeline\\Pipeline->{closure:Illuminate\\Pipeline\\Pipeline::prepareDestination():178}()
#25 /var/www/html/vendor/laravel/framework/src/Illuminate/Foundation/Http/Middleware/ConvertEmptyStringsToNull.php(31): Illuminate\\Foundation\\Http\\Middleware\\TransformsRequest->handle()
#26 /var/www/html/vendor/laravel/framework/src/Illuminate/Pipeline/Pipeline.php(219): Illuminate\\Foundation\\Http\\Middleware\\ConvertEmptyStringsToNull->handle()
#27 /var/www/html/vendor/laravel/framework/src/Illuminate/Foundation/Http/Middleware/TransformsRequest.php(21): Illuminate\\Pipeline\\Pipeline->{closure:{closure:Illuminate\\Pipeline\\Pipeline::carry():194}:195}()
#28 /var/www/html/vendor/laravel/framework/src/Illuminate/Foundation/Http/Middleware/TrimStrings.php(51): Illuminate\\Foundation\\Http\\Middleware\\TransformsRequest->handle()
#29 /var/www/html/vendor/laravel/framework/src/Illuminate/Pipeline/Pipeline.php(219): Illuminate\\Foundation\\Http\\Middleware\\TrimStrings->handle()
#30 /var/www/html/vendor/laravel/framework/src/Illuminate/Http/Middleware/ValidatePostSize.php(27): Illuminate\\Pipeline\\Pipeline->{closure:{closure:Illuminate\\Pipeline\\Pipeline::carry():194}:195}()
#31 /var/www/html/vendor/laravel/framework/src/Illuminate/Pipeline/Pipeline.php(219): Illuminate\\Http\\Middleware\\ValidatePostSize->handle()
#32 /var/www/html/vendor/laravel/framework/src/Illuminate/Foundation/Http/Middleware/PreventRequestsDuringMaintenance.php(109): Illuminate\\Pipeline\\Pipeline->{closure:{closure:Illuminate\\Pipeline\\Pipeline::carry():194}:195}()
#33 /var/www/html/vendor/laravel/framework/src/Illuminate/Pipeline/Pipeline.php(219): Illuminate\\Foundation\\Http\\Middleware\\PreventRequestsDuringMaintenance->handle()
#34 /var/www/html/vendor/laravel/framework/src/Illuminate/Http/Middleware/HandleCors.php(48): Illuminate\\Pipeline\\Pipeline->{closure:{closure:Illuminate\\Pipeline\\Pipeline::carry():194}:195}()
#35 /var/www/html/vendor/laravel/framework/src/Illuminate/Pipeline/Pipeline.php(219): Illuminate\\Http\\Middleware\\HandleCors->handle()
#36 /var/www/html/vendor/laravel/framework/src/Illuminate/Http/Middleware/TrustProxies.php(58): Illuminate\\Pipeline\\Pipeline->{closure:{closure:Illuminate\\Pipeline\\Pipeline::carry():194}:195}()
#37 /var/www/html/vendor/laravel/framework/src/Illuminate/Pipeline/Pipeline.php(219): Illuminate\\Http\\Middleware\\TrustProxies->handle()
#38 /var/www/html/vendor/laravel/framework/src/Illuminate/Foundation/Http/Middleware/InvokeDeferredCallbacks.php(22): Illuminate\\Pipeline\\Pipeline->{closure:{closure:Illuminate\\Pipeline\\Pipeline::carry():194}:195}()
#39 /var/www/html/vendor/laravel/framework/src/Illuminate/Pipeline/Pipeline.php(219): Illuminate\\Foundation\\Http\\Middleware\\InvokeDeferredCallbacks->handle()
#40 /var/www/html/vendor/laravel/framework/src/Illuminate/Http/Middleware/ValidatePathEncoding.php(26): Illuminate\\Pipeline\\Pipeline->{closure:{closure:Illuminate\\Pipeline\\Pipeline::carry():194}:195}()
#41 /var/www/html/vendor/laravel/framework/src/Illuminate/Pipeline/Pipeline.php(219): Illuminate\\Http\\Middleware\\ValidatePathEncoding->handle()
#42 /var/www/html/vendor/laravel/framework/src/Illuminate/Pipeline/Pipeline.php(137): Illuminate\\Pipeline\\Pipeline->{closure:{closure:Illuminate\\Pipeline\\Pipeline::carry():194}:195}()
#43 /var/www/html/vendor/laravel/framework/src/Illuminate/Foundation/Http/Kernel.php(175): Illuminate\\Pipeline\\Pipeline->then()
#44 /var/www/html/vendor/laravel/framework/src/Illuminate/Foundation/Http/Kernel.php(144): Illuminate\\Foundation\\Http\\Kernel->sendRequestThroughRouter()
#45 /var/www/html/vendor/laravel/framework/src/Illuminate/Foundation/Application.php(1220): Illuminate\\Foundation\\Http\\Kernel->handle()
#46 /var/www/html/public/index.php(20): Illuminate\\Foundation\\Application->handleRequest()
#47 /var/www/html/vendor/laravel/framework/src/Illuminate/Foundation/resources/server.php(23): require_once('...')
#48 {main}
"} 
[2025-12-02 12:55:36] local.ERROR: SQLSTATE[42P01]: Undefined table: 7 ERROR:  relation "cache" does not exist
LINE 1: select * from "cache" where "key" in ($1)
                      ^ (Connection: pgsql, SQL: select * from "cache" where "key" in (laravel-cache-illuminate:queue:restart)) {"exception":"[object] (Illuminate\\Database\\QueryException(code: 42P01): SQLSTATE[42P01]: Undefined table: 7 ERROR:  relation \"cache\" does not exist
LINE 1: select * from \"cache\" where \"key\" in ($1)
                      ^ (Connection: pgsql, SQL: select * from \"cache\" where \"key\" in (laravel-cache-illuminate:queue:restart)) at /var/www/html/vendor/laravel/framework/src/Illuminate/Database/Connection.php:824)
[stacktrace]
#0 /var/www/html/vendor/laravel/framework/src/Illuminate/Database/Connection.php(778): Illuminate\\Database\\Connection->runQueryCallback()
#1 /var/www/html/vendor/laravel/framework/src/Illuminate/Database/Connection.php(397): Illuminate\\Database\\Connection->run()
#2 /var/www/html/vendor/laravel/framework/src/Illuminate/Database/Query/Builder.php(3188): Illuminate\\Database\\Connection->select()
#3 /var/www/html/vendor/laravel/framework/src/Illuminate/Database/Query/Builder.php(3173): Illuminate\\Database\\Query\\Builder->runSelect()
#4 /var/www/html/vendor/laravel/framework/src/Illuminate/Database/Query/Builder.php(3763): Illuminate\\Database\\Query\\Builder->{closure:Illuminate\\Database\\Query\\Builder::get():3172}()
#5 /var/www/html/vendor/laravel/framework/src/Illuminate/Database/Query/Builder.php(3172): Illuminate\\Database\\Query\\Builder->onceWithColumns()
#6 /var/www/html/vendor/laravel/framework/src/Illuminate/Cache/DatabaseStore.php(130): Illuminate\\Database\\Query\\Builder->get()
#7 /var/www/html/vendor/laravel/framework/src/Illuminate/Cache/DatabaseStore.php(105): Illuminate\\Cache\\DatabaseStore->many()
#8 /var/www/html/vendor/laravel/framework/src/Illuminate/Cache/Repository.php(119): Illuminate\\Cache\\DatabaseStore->get()
#9 /var/www/html/vendor/laravel/framework/src/Illuminate/Queue/Worker.php(736): Illuminate\\Cache\\Repository->get()
#10 /var/www/html/vendor/laravel/framework/src/Illuminate/Queue/Worker.php(146): Illuminate\\Queue\\Worker->getTimestampOfLastQueueRestart()
#11 /var/www/html/vendor/laravel/framework/src/Illuminate/Queue/Console/WorkCommand.php(148): Illuminate\\Queue\\Worker->daemon()
#12 /var/www/html/vendor/laravel/framework/src/Illuminate/Queue/Console/WorkCommand.php(131): Illuminate\\Queue\\Console\\WorkCommand->runWorker()
#13 /var/www/html/vendor/laravel/framework/src/Illuminate/Container/BoundMethod.php(36): Illuminate\\Queue\\Console\\WorkCommand->handle()
#14 /var/www/html/vendor/laravel/framework/src/Illuminate/Container/Util.php(43): Illuminate\\Container\\BoundMethod::{closure:Illuminate\\Container\\BoundMethod::call():35}()
#15 /var/www/html/vendor/laravel/framework/src/Illuminate/Container/BoundMethod.php(96): Illuminate\\Container\\Util::unwrapIfClosure()
#16 /var/www/html/vendor/laravel/framework/src/Illuminate/Container/BoundMethod.php(35): Illuminate\\Container\\BoundMethod::callBoundMethod()
#17 /var/www/html/vendor/laravel/framework/src/Illuminate/Container/Container.php(836): Illuminate\\Container\\BoundMethod::call()
#18 /var/www/html/vendor/laravel/framework/src/Illuminate/Console/Command.php(211): Illuminate\\Container\\Container->call()
#19 /var/www/html/vendor/symfony/console/Command/Command.php(318): Illuminate\\Console\\Command->execute()
#20 /var/www/html/vendor/laravel/framework/src/Illuminate/Console/Command.php(180): Symfony\\Component\\Console\\Command\\Command->run()
#21 /var/www/html/vendor/symfony/console/Application.php(1073): Illuminate\\Console\\Command->run()
#22 /var/www/html/vendor/symfony/console/Application.php(356): Symfony\\Component\\Console\\Application->doRunCommand()
#23 /var/www/html/vendor/symfony/console/Application.php(195): Symfony\\Component\\Console\\Application->doRun()
#24 /var/www/html/vendor/laravel/framework/src/Illuminate/Foundation/Console/Kernel.php(197): Symfony\\Component\\Console\\Application->run()
#25 /var/www/html/vendor/laravel/framework/src/Illuminate/Foundation/Application.php(1235): Illuminate\\Foundation\\Console\\Kernel->handle()
#26 /var/www/html/artisan(16): Illuminate\\Foundation\\Application->handleCommand()
#27 {main}

[previous exception] [object] (PDOException(code: 42P01): SQLSTATE[42P01]: Undefined table: 7 ERROR:  relation \"cache\" does not exist
LINE 1: select * from \"cache\" where \"key\" in ($1)
                      ^ at /var/www/html/vendor/laravel/framework/src/Illuminate/Database/Connection.php:411)
[stacktrace]
#0 /var/www/html/vendor/laravel/framework/src/Illuminate/Database/Connection.php(411): PDOStatement->execute()
#1 /var/www/html/vendor/laravel/framework/src/Illuminate/Database/Connection.php(811): Illuminate\\Database\\Connection->{closure:Illuminate\\Database\\Connection::select():397}()
#2 /var/www/html/vendor/laravel/framework/src/Illuminate/Database/Connection.php(778): Illuminate\\Database\\Connection->runQueryCallback()
#3 /var/www/html/vendor/laravel/framework/src/Illuminate/Database/Connection.php(397): Illuminate\\Database\\Connection->run()
#4 /var/www/html/vendor/laravel/framework/src/Illuminate/Database/Query/Builder.php(3188): Illuminate\\Database\\Connection->select()
#5 /var/www/html/vendor/laravel/framework/src/Illuminate/Database/Query/Builder.php(3173): Illuminate\\Database\\Query\\Builder->runSelect()
#6 /var/www/html/vendor/laravel/framework/src/Illuminate/Database/Query/Builder.php(3763): Illuminate\\Database\\Query\\Builder->{closure:Illuminate\\Database\\Query\\Builder::get():3172}()
#7 /var/www/html/vendor/laravel/framework/src/Illuminate/Database/Query/Builder.php(3172): Illuminate\\Database\\Query\\Builder->onceWithColumns()
#8 /var/www/html/vendor/laravel/framework/src/Illuminate/Cache/DatabaseStore.php(130): Illuminate\\Database\\Query\\Builder->get()
#9 /var/www/html/vendor/laravel/framework/src/Illuminate/Cache/DatabaseStore.php(105): Illuminate\\Cache\\DatabaseStore->many()
#10 /var/www/html/vendor/laravel/framework/src/Illuminate/Cache/Repository.php(119): Illuminate\\Cache\\DatabaseStore->get()
#11 /var/www/html/vendor/laravel/framework/src/Illuminate/Queue/Worker.php(736): Illuminate\\Cache\\Repository->get()
#12 /var/www/html/vendor/laravel/framework/src/Illuminate/Queue/Worker.php(146): Illuminate\\Queue\\Worker->getTimestampOfLastQueueRestart()
#13 /var/www/html/vendor/laravel/framework/src/Illuminate/Queue/Console/WorkCommand.php(148): Illuminate\\Queue\\Worker->daemon()
#14 /var/www/html/vendor/laravel/framework/src/Illuminate/Queue/Console/WorkCommand.php(131): Illuminate\\Queue\\Console\\WorkCommand->runWorker()
#15 /var/www/html/vendor/laravel/framework/src/Illuminate/Container/BoundMethod.php(36): Illuminate\\Queue\\Console\\WorkCommand->handle()
#16 /var/www/html/vendor/laravel/framework/src/Illuminate/Container/Util.php(43): Illuminate\\Container\\BoundMethod::{closure:Illuminate\\Container\\BoundMethod::call():35}()
#17 /var/www/html/vendor/laravel/framework/src/Illuminate/Container/BoundMethod.php(96): Illuminate\\Container\\Util::unwrapIfClosure()
#18 /var/www/html/vendor/laravel/framework/src/Illuminate/Container/BoundMethod.php(35): Illuminate\\Container\\BoundMethod::callBoundMethod()
#19 /var/www/html/vendor/laravel/framework/src/Illuminate/Container/Container.php(836): Illuminate\\Container\\BoundMethod::call()
#20 /var/www/html/vendor/laravel/framework/src/Illuminate/Console/Command.php(211): Illuminate\\Container\\Container->call()
#21 /var/www/html/vendor/symfony/console/Command/Command.php(318): Illuminate\\Console\\Command->execute()
#22 /var/www/html/vendor/laravel/framework/src/Illuminate/Console/Command.php(180): Symfony\\Component\\Console\\Command\\Command->run()
#23 /var/www/html/vendor/symfony/console/Application.php(1073): Illuminate\\Console\\Command->run()
#24 /var/www/html/vendor/symfony/console/Application.php(356): Symfony\\Component\\Console\\Application->doRunCommand()
#25 /var/www/html/vendor/symfony/console/Application.php(195): Symfony\\Component\\Console\\Application->doRun()
#26 /var/www/html/vendor/laravel/framework/src/Illuminate/Foundation/Console/Kernel.php(197): Symfony\\Component\\Console\\Application->run()
#27 /var/www/html/vendor/laravel/framework/src/Illuminate/Foundation/Application.php(1235): Illuminate\\Foundation\\Console\\Kernel->handle()
#28 /var/www/html/artisan(16): Illuminate\\Foundation\\Application->handleCommand()
#29 {main}
"} 
[2025-12-02 12:56:29] local.ERROR: No application encryption key has been specified. {"exception":"[object] (Illuminate\\Encryption\\MissingAppKeyException(code: 0): No application encryption key has been specified. at /var/www/html/vendor/laravel/framework/src/Illuminate/Encryption/EncryptionServiceProvider.php:83)
[stacktrace]
#0 /var/www/html/vendor/laravel/framework/src/Illuminate/Support/helpers.php(390): Illuminate\\Encryption\\EncryptionServiceProvider->{closure:Illuminate\\Encryption\\EncryptionServiceProvider::key():81}()
#1 /var/www/html/vendor/laravel/framework/src/Illuminate/Encryption/EncryptionServiceProvider.php(81): tap()
#2 /var/www/html/vendor/laravel/framework/src/Illuminate/Encryption/EncryptionServiceProvider.php(64): Illuminate\\Encryption\\EncryptionServiceProvider->key()
#3 /var/www/html/vendor/laravel/framework/src/Illuminate/Encryption/EncryptionServiceProvider.php(32): Illuminate\\Encryption\\EncryptionServiceProvider->parseKey()
#4 /var/www/html/vendor/laravel/framework/src/Illuminate/Container/Container.php(1154): Illuminate\\Encryption\\EncryptionServiceProvider->{closure:Illuminate\\Encryption\\EncryptionServiceProvider::registerEncrypter():29}()
#5 /var/www/html/vendor/laravel/framework/src/Illuminate/Container/Container.php(972): Illuminate\\Container\\Container->build()
#6 /var/www/html/vendor/laravel/framework/src/Illuminate/Foundation/Application.php(1078): Illuminate\\Container\\Container->resolve()
#7 /var/www/html/vendor/laravel/framework/src/Illuminate/Container/Container.php(903): Illuminate\\Foundation\\Application->resolve()
#8 /var/www/html/vendor/laravel/framework/src/Illuminate/Foundation/Application.php(1058): Illuminate\\Container\\Container->make()
#9 /var/www/html/vendor/laravel/framework/src/Illuminate/Container/Container.php(1379): Illuminate\\Foundation\\Application->make()
#10 /var/www/html/vendor/laravel/framework/src/Illuminate/Container/Container.php(1278): Illuminate\\Container\\Container->resolveClass()
#11 /var/www/html/vendor/laravel/framework/src/Illuminate/Container/Container.php(1201): Illuminate\\Container\\Container->resolveDependencies()
#12 /var/www/html/vendor/laravel/framework/src/Illuminate/Container/Container.php(972): Illuminate\\Container\\Container->build()
#13 /var/www/html/vendor/laravel/framework/src/Illuminate/Foundation/Application.php(1078): Illuminate\\Container\\Container->resolve()
#14 /var/www/html/vendor/laravel/framework/src/Illuminate/Container/Container.php(903): Illuminate\\Foundation\\Application->resolve()
#15 /var/www/html/vendor/laravel/framework/src/Illuminate/Foundation/Application.php(1058): Illuminate\\Container\\Container->make()
#16 /var/www/html/vendor/laravel/framework/src/Illuminate/Pipeline/Pipeline.php(208): Illuminate\\Foundation\\Application->make()
#17 /var/www/html/vendor/laravel/framework/src/Illuminate/Pipeline/Pipeline.php(137): Illuminate\\Pipeline\\Pipeline->{closure:{closure:Illuminate\\Pipeline\\Pipeline::carry():194}:195}()
#18 /var/www/html/vendor/laravel/framework/src/Illuminate/Routing/Router.php(821): Illuminate\\Pipeline\\Pipeline->then()
#19 /var/www/html/vendor/laravel/framework/src/Illuminate/Routing/Router.php(800): Illuminate\\Routing\\Router->runRouteWithinStack()
#20 /var/www/html/vendor/laravel/framework/src/Illuminate/Routing/Router.php(764): Illuminate\\Routing\\Router->runRoute()
#21 /var/www/html/vendor/laravel/framework/src/Illuminate/Routing/Router.php(753): Illuminate\\Routing\\Router->dispatchToRoute()
#22 /var/www/html/vendor/laravel/framework/src/Illuminate/Foundation/Http/Kernel.php(200): Illuminate\\Routing\\Router->dispatch()
#23 /var/www/html/vendor/laravel/framework/src/Illuminate/Pipeline/Pipeline.php(180): Illuminate\\Foundation\\Http\\Kernel->{closure:Illuminate\\Foundation\\Http\\Kernel::dispatchToRouter():197}()
#24 /var/www/html/vendor/laravel/framework/src/Illuminate/Foundation/Http/Middleware/TransformsRequest.php(21): Illuminate\\Pipeline\\Pipeline->{closure:Illuminate\\Pipeline\\Pipeline::prepareDestination():178}()
#25 /var/www/html/vendor/laravel/framework/src/Illuminate/Foundation/Http/Middleware/ConvertEmptyStringsToNull.php(31): Illuminate\\Foundation\\Http\\Middleware\\TransformsRequest->handle()
#26 /var/www/html/vendor/laravel/framework/src/Illuminate/Pipeline/Pipeline.php(219): Illuminate\\Foundation\\Http\\Middleware\\ConvertEmptyStringsToNull->handle()
#27 /var/www/html/vendor/laravel/framework/src/Illuminate/Foundation/Http/Middleware/TransformsRequest.php(21): Illuminate\\Pipeline\\Pipeline->{closure:{closure:Illuminate\\Pipeline\\Pipeline::carry():194}:195}()
#28 /var/www/html/vendor/laravel/framework/src/Illuminate/Foundation/Http/Middleware/TrimStrings.php(51): Illuminate\\Foundation\\Http\\Middleware\\TransformsRequest->handle()
#29 /var/www/html/vendor/laravel/framework/src/Illuminate/Pipeline/Pipeline.php(219): Illuminate\\Foundation\\Http\\Middleware\\TrimStrings->handle()
#30 /var/www/html/vendor/laravel/framework/src/Illuminate/Http/Middleware/ValidatePostSize.php(27): Illuminate\\Pipeline\\Pipeline->{closure:{closure:Illuminate\\Pipeline\\Pipeline::carry():194}:195}()
#31 /var/www/html/vendor/laravel/framework/src/Illuminate/Pipeline/Pipeline.php(219): Illuminate\\Http\\Middleware\\ValidatePostSize->handle()
#32 /var/www/html/vendor/laravel/framework/src/Illuminate/Foundation/Http/Middleware/PreventRequestsDuringMaintenance.php(109): Illuminate\\Pipeline\\Pipeline->{closure:{closure:Illuminate\\Pipeline\\Pipeline::carry():194}:195}()
#33 /var/www/html/vendor/laravel/framework/src/Illuminate/Pipeline/Pipeline.php(219): Illuminate\\Foundation\\Http\\Middleware\\PreventRequestsDuringMaintenance->handle()
#34 /var/www/html/vendor/laravel/framework/src/Illuminate/Http/Middleware/HandleCors.php(48): Illuminate\\Pipeline\\Pipeline->{closure:{closure:Illuminate\\Pipeline\\Pipeline::carry():194}:195}()
#35 /var/www/html/vendor/laravel/framework/src/Illuminate/Pipeline/Pipeline.php(219): Illuminate\\Http\\Middleware\\HandleCors->handle()
#36 /var/www/html/vendor/laravel/framework/src/Illuminate/Http/Middleware/TrustProxies.php(58): Illuminate\\Pipeline\\Pipeline->{closure:{closure:Illuminate\\Pipeline\\Pipeline::carry():194}:195}()
#37 /var/www/html/vendor/laravel/framework/src/Illuminate/Pipeline/Pipeline.php(219): Illuminate\\Http\\Middleware\\TrustProxies->handle()
#38 /var/www/html/vendor/laravel/framework/src/Illuminate/Foundation/Http/Middleware/InvokeDeferredCallbacks.php(22): Illuminate\\Pipeline\\Pipeline->{closure:{closure:Illuminate\\Pipeline\\Pipeline::carry():194}:195}()
#39 /var/www/html/vendor/laravel/framework/src/Illuminate/Pipeline/Pipeline.php(219): Illuminate\\Foundation\\Http\\Middleware\\InvokeDeferredCallbacks->handle()
#40 /var/www/html/vendor/laravel/framework/src/Illuminate/Http/Middleware/ValidatePathEncoding.php(26): Illuminate\\Pipeline\\Pipeline->{closure:{closure:Illuminate\\Pipeline\\Pipeline::carry():194}:195}()
#41 /var/www/html/vendor/laravel/framework/src/Illuminate/Pipeline/Pipeline.php(219): Illuminate\\Http\\Middleware\\ValidatePathEncoding->handle()
#42 /var/www/html/vendor/laravel/framework/src/Illuminate/Pipeline/Pipeline.php(137): Illuminate\\Pipeline\\Pipeline->{closure:{closure:Illuminate\\Pipeline\\Pipeline::carry():194}:195}()
#43 /var/www/html/vendor/laravel/framework/src/Illuminate/Foundation/Http/Kernel.php(175): Illuminate\\Pipeline\\Pipeline->then()
#44 /var/www/html/vendor/laravel/framework/src/Illuminate/Foundation/Http/Kernel.php(144): Illuminate\\Foundation\\Http\\Kernel->sendRequestThroughRouter()
#45 /var/www/html/vendor/laravel/framework/src/Illuminate/Foundation/Application.php(1220): Illuminate\\Foundation\\Http\\Kernel->handle()
#46 /var/www/html/public/index.php(20): Illuminate\\Foundation\\Application->handleRequest()
#47 /var/www/html/vendor/laravel/framework/src/Illuminate/Foundation/resources/server.php(23): require_once('...')
#48 {main}
"} 
[2025-12-02 12:56:45] local.ERROR: No application encryption key has been specified. {"exception":"[object] (Illuminate\\Encryption\\MissingAppKeyException(code: 0): No application encryption key has been specified. at /var/www/html/vendor/laravel/framework/src/Illuminate/Encryption/EncryptionServiceProvider.php:83)
[stacktrace]
#0 /var/www/html/vendor/laravel/framework/src/Illuminate/Support/helpers.php(390): Illuminate\\Encryption\\EncryptionServiceProvider->{closure:Illuminate\\Encryption\\EncryptionServiceProvider::key():81}()
#1 /var/www/html/vendor/laravel/framework/src/Illuminate/Encryption/EncryptionServiceProvider.php(81): tap()
#2 /var/www/html/vendor/laravel/framework/src/Illuminate/Encryption/EncryptionServiceProvider.php(64): Illuminate\\Encryption\\EncryptionServiceProvider->key()
#3 /var/www/html/vendor/laravel/framework/src/Illuminate/Encryption/EncryptionServiceProvider.php(32): Illuminate\\Encryption\\EncryptionServiceProvider->parseKey()
#4 /var/www/html/vendor/laravel/framework/src/Illuminate/Container/Container.php(1154): Illuminate\\Encryption\\EncryptionServiceProvider->{closure:Illuminate\\Encryption\\EncryptionServiceProvider::registerEncrypter():29}()
#5 /var/www/html/vendor/laravel/framework/src/Illuminate/Container/Container.php(972): Illuminate\\Container\\Container->build()
#6 /var/www/html/vendor/laravel/framework/src/Illuminate/Foundation/Application.php(1078): Illuminate\\Container\\Container->resolve()
#7 /var/www/html/vendor/laravel/framework/src/Illuminate/Container/Container.php(903): Illuminate\\Foundation\\Application->resolve()
#8 /var/www/html/vendor/laravel/framework/src/Illuminate/Foundation/Application.php(1058): Illuminate\\Container\\Container->make()
#9 /var/www/html/vendor/laravel/framework/src/Illuminate/Container/Container.php(1379): Illuminate\\Foundation\\Application->make()
#10 /var/www/html/vendor/laravel/framework/src/Illuminate/Container/Container.php(1278): Illuminate\\Container\\Container->resolveClass()
#11 /var/www/html/vendor/laravel/framework/src/Illuminate/Container/Container.php(1201): Illuminate\\Container\\Container->resolveDependencies()
#12 /var/www/html/vendor/laravel/framework/src/Illuminate/Container/Container.php(972): Illuminate\\Container\\Container->build()
#13 /var/www/html/vendor/laravel/framework/src/Illuminate/Foundation/Application.php(1078): Illuminate\\Container\\Container->resolve()
#14 /var/www/html/vendor/laravel/framework/src/Illuminate/Container/Container.php(903): Illuminate\\Foundation\\Application->resolve()
#15 /var/www/html/vendor/laravel/framework/src/Illuminate/Foundation/Application.php(1058): Illuminate\\Container\\Container->make()
#16 /var/www/html/vendor/laravel/framework/src/Illuminate/Foundation/Http/Kernel.php(257): Illuminate\\Foundation\\Application->make()
#17 /var/www/html/vendor/laravel/framework/src/Illuminate/Foundation/Http/Kernel.php(215): Illuminate\\Foundation\\Http\\Kernel->terminateMiddleware()
#18 /var/www/html/vendor/laravel/framework/src/Illuminate/Foundation/Application.php(1222): Illuminate\\Foundation\\Http\\Kernel->terminate()
#19 /var/www/html/public/index.php(20): Illuminate\\Foundation\\Application->handleRequest()
#20 /var/www/html/vendor/laravel/framework/src/Illuminate/Foundation/resources/server.php(23): require_once('...')
#21 {main}
"} 
[2025-12-02 13:01:09] local.ERROR: SQLSTATE[42P01]: Undefined table: 7 ERROR:  relation "cache" does not exist
LINE 1: select * from "cache" where "key" in ($1)
                      ^ (Connection: pgsql, SQL: select * from "cache" where "key" in (laravel-cache-illuminate:queue:restart)) {"exception":"[object] (Illuminate\\Database\\QueryException(code: 42P01): SQLSTATE[42P01]: Undefined table: 7 ERROR:  relation \"cache\" does not exist
LINE 1: select * from \"cache\" where \"key\" in ($1)
                      ^ (Connection: pgsql, SQL: select * from \"cache\" where \"key\" in (laravel-cache-illuminate:queue:restart)) at /var/www/html/vendor/laravel/framework/src/Illuminate/Database/Connection.php:824)
[stacktrace]
#0 /var/www/html/vendor/laravel/framework/src/Illuminate/Database/Connection.php(778): Illuminate\\Database\\Connection->runQueryCallback()
#1 /var/www/html/vendor/laravel/framework/src/Illuminate/Database/Connection.php(397): Illuminate\\Database\\Connection->run()
#2 /var/www/html/vendor/laravel/framework/src/Illuminate/Database/Query/Builder.php(3188): Illuminate\\Database\\Connection->select()
#3 /var/www/html/vendor/laravel/framework/src/Illuminate/Database/Query/Builder.php(3173): Illuminate\\Database\\Query\\Builder->runSelect()
#4 /var/www/html/vendor/laravel/framework/src/Illuminate/Database/Query/Builder.php(3763): Illuminate\\Database\\Query\\Builder->{closure:Illuminate\\Database\\Query\\Builder::get():3172}()
#5 /var/www/html/vendor/laravel/framework/src/Illuminate/Database/Query/Builder.php(3172): Illuminate\\Database\\Query\\Builder->onceWithColumns()
#6 /var/www/html/vendor/laravel/framework/src/Illuminate/Cache/DatabaseStore.php(130): Illuminate\\Database\\Query\\Builder->get()
#7 /var/www/html/vendor/laravel/framework/src/Illuminate/Cache/DatabaseStore.php(105): Illuminate\\Cache\\DatabaseStore->many()
#8 /var/www/html/vendor/laravel/framework/src/Illuminate/Cache/Repository.php(119): Illuminate\\Cache\\DatabaseStore->get()
#9 /var/www/html/vendor/laravel/framework/src/Illuminate/Queue/Worker.php(736): Illuminate\\Cache\\Repository->get()
#10 /var/www/html/vendor/laravel/framework/src/Illuminate/Queue/Worker.php(146): Illuminate\\Queue\\Worker->getTimestampOfLastQueueRestart()
#11 /var/www/html/vendor/laravel/framework/src/Illuminate/Queue/Console/WorkCommand.php(148): Illuminate\\Queue\\Worker->daemon()
#12 /var/www/html/vendor/laravel/framework/src/Illuminate/Queue/Console/WorkCommand.php(131): Illuminate\\Queue\\Console\\WorkCommand->runWorker()
#13 /var/www/html/vendor/laravel/framework/src/Illuminate/Container/BoundMethod.php(36): Illuminate\\Queue\\Console\\WorkCommand->handle()
#14 /var/www/html/vendor/laravel/framework/src/Illuminate/Container/Util.php(43): Illuminate\\Container\\BoundMethod::{closure:Illuminate\\Container\\BoundMethod::call():35}()
#15 /var/www/html/vendor/laravel/framework/src/Illuminate/Container/BoundMethod.php(96): Illuminate\\Container\\Util::unwrapIfClosure()
#16 /var/www/html/vendor/laravel/framework/src/Illuminate/Container/BoundMethod.php(35): Illuminate\\Container\\BoundMethod::callBoundMethod()
#17 /var/www/html/vendor/laravel/framework/src/Illuminate/Container/Container.php(836): Illuminate\\Container\\BoundMethod::call()
#18 /var/www/html/vendor/laravel/framework/src/Illuminate/Console/Command.php(211): Illuminate\\Container\\Container->call()
#19 /var/www/html/vendor/symfony/console/Command/Command.php(318): Illuminate\\Console\\Command->execute()
#20 /var/www/html/vendor/laravel/framework/src/Illuminate/Console/Command.php(180): Symfony\\Component\\Console\\Command\\Command->run()
#21 /var/www/html/vendor/symfony/console/Application.php(1073): Illuminate\\Console\\Command->run()
#22 /var/www/html/vendor/symfony/console/Application.php(356): Symfony\\Component\\Console\\Application->doRunCommand()
#23 /var/www/html/vendor/symfony/console/Application.php(195): Symfony\\Component\\Console\\Application->doRun()
#24 /var/www/html/vendor/laravel/framework/src/Illuminate/Foundation/Console/Kernel.php(197): Symfony\\Component\\Console\\Application->run()
#25 /var/www/html/vendor/laravel/framework/src/Illuminate/Foundation/Application.php(1235): Illuminate\\Foundation\\Console\\Kernel->handle()
#26 /var/www/html/artisan(16): Illuminate\\Foundation\\Application->handleCommand()
#27 {main}

[previous exception] [object] (PDOException(code: 42P01): SQLSTATE[42P01]: Undefined table: 7 ERROR:  relation \"cache\" does not exist
LINE 1: select * from \"cache\" where \"key\" in ($1)
                      ^ at /var/www/html/vendor/laravel/framework/src/Illuminate/Database/Connection.php:411)
[stacktrace]
#0 /var/www/html/vendor/laravel/framework/src/Illuminate/Database/Connection.php(411): PDOStatement->execute()
#1 /var/www/html/vendor/laravel/framework/src/Illuminate/Database/Connection.php(811): Illuminate\\Database\\Connection->{closure:Illuminate\\Database\\Connection::select():397}()
#2 /var/www/html/vendor/laravel/framework/src/Illuminate/Database/Connection.php(778): Illuminate\\Database\\Connection->runQueryCallback()
#3 /var/www/html/vendor/laravel/framework/src/Illuminate/Database/Connection.php(397): Illuminate\\Database\\Connection->run()
#4 /var/www/html/vendor/laravel/framework/src/Illuminate/Database/Query/Builder.php(3188): Illuminate\\Database\\Connection->select()
#5 /var/www/html/vendor/laravel/framework/src/Illuminate/Database/Query/Builder.php(3173): Illuminate\\Database\\Query\\Builder->runSelect()
#6 /var/www/html/vendor/laravel/framework/src/Illuminate/Database/Query/Builder.php(3763): Illuminate\\Database\\Query\\Builder->{closure:Illuminate\\Database\\Query\\Builder::get():3172}()
#7 /var/www/html/vendor/laravel/framework/src/Illuminate/Database/Query/Builder.php(3172): Illuminate\\Database\\Query\\Builder->onceWithColumns()
#8 /var/www/html/vendor/laravel/framework/src/Illuminate/Cache/DatabaseStore.php(130): Illuminate\\Database\\Query\\Builder->get()
#9 /var/www/html/vendor/laravel/framework/src/Illuminate/Cache/DatabaseStore.php(105): Illuminate\\Cache\\DatabaseStore->many()
#10 /var/www/html/vendor/laravel/framework/src/Illuminate/Cache/Repository.php(119): Illuminate\\Cache\\DatabaseStore->get()
#11 /var/www/html/vendor/laravel/framework/src/Illuminate/Queue/Worker.php(736): Illuminate\\Cache\\Repository->get()
#12 /var/www/html/vendor/laravel/framework/src/Illuminate/Queue/Worker.php(146): Illuminate\\Queue\\Worker->getTimestampOfLastQueueRestart()
#13 /var/www/html/vendor/laravel/framework/src/Illuminate/Queue/Console/WorkCommand.php(148): Illuminate\\Queue\\Worker->daemon()
#14 /var/www/html/vendor/laravel/framework/src/Illuminate/Queue/Console/WorkCommand.php(131): Illuminate\\Queue\\Console\\WorkCommand->runWorker()
#15 /var/www/html/vendor/laravel/framework/src/Illuminate/Container/BoundMethod.php(36): Illuminate\\Queue\\Console\\WorkCommand->handle()
#16 /var/www/html/vendor/laravel/framework/src/Illuminate/Container/Util.php(43): Illuminate\\Container\\BoundMethod::{closure:Illuminate\\Container\\BoundMethod::call():35}()
#17 /var/www/html/vendor/laravel/framework/src/Illuminate/Container/BoundMethod.php(96): Illuminate\\Container\\Util::unwrapIfClosure()
#18 /var/www/html/vendor/laravel/framework/src/Illuminate/Container/BoundMethod.php(35): Illuminate\\Container\\BoundMethod::callBoundMethod()
#19 /var/www/html/vendor/laravel/framework/src/Illuminate/Container/Container.php(836): Illuminate\\Container\\BoundMethod::call()
#20 /var/www/html/vendor/laravel/framework/src/Illuminate/Console/Command.php(211): Illuminate\\Container\\Container->call()
#21 /var/www/html/vendor/symfony/console/Command/Command.php(318): Illuminate\\Console\\Command->execute()
#22 /var/www/html/vendor/laravel/framework/src/Illuminate/Console/Command.php(180): Symfony\\Component\\Console\\Command\\Command->run()
#23 /var/www/html/vendor/symfony/console/Application.php(1073): Illuminate\\Console\\Command->run()
#24 /var/www/html/vendor/symfony/console/Application.php(356): Symfony\\Component\\Console\\Application->doRunCommand()
#25 /var/www/html/vendor/symfony/console/Application.php(195): Symfony\\Component\\Console\\Application->doRun()
#26 /var/www/html/vendor/laravel/framework/src/Illuminate/Foundation/Console/Kernel.php(197): Symfony\\Component\\Console\\Application->run()
#27 /var/www/html/vendor/laravel/framework/src/Illuminate/Foundation/Application.php(1235): Illuminate\\Foundation\\Console\\Kernel->handle()
#28 /var/www/html/artisan(16): Illuminate\\Foundation\\Application->handleCommand()
#29 {main}
"} 
[2025-12-02 13:02:15] local.ERROR: SQLSTATE[42P01]: Undefined table: 7 ERROR:  relation "cache" does not exist
LINE 1: select * from "cache" where "key" in ($1)
                      ^ (Connection: pgsql, SQL: select * from "cache" where "key" in (laravel-cache-illuminate:queue:restart)) {"exception":"[object] (Illuminate\\Database\\QueryException(code: 42P01): SQLSTATE[42P01]: Undefined table: 7 ERROR:  relation \"cache\" does not exist
LINE 1: select * from \"cache\" where \"key\" in ($1)
                      ^ (Connection: pgsql, SQL: select * from \"cache\" where \"key\" in (laravel-cache-illuminate:queue:restart)) at /var/www/html/vendor/laravel/framework/src/Illuminate/Database/Connection.php:824)
[stacktrace]
#0 /var/www/html/vendor/laravel/framework/src/Illuminate/Database/Connection.php(778): Illuminate\\Database\\Connection->runQueryCallback()
#1 /var/www/html/vendor/laravel/framework/src/Illuminate/Database/Connection.php(397): Illuminate\\Database\\Connection->run()
#2 /var/www/html/vendor/laravel/framework/src/Illuminate/Database/Query/Builder.php(3188): Illuminate\\Database\\Connection->select()
#3 /var/www/html/vendor/laravel/framework/src/Illuminate/Database/Query/Builder.php(3173): Illuminate\\Database\\Query\\Builder->runSelect()
#4 /var/www/html/vendor/laravel/framework/src/Illuminate/Database/Query/Builder.php(3763): Illuminate\\Database\\Query\\Builder->{closure:Illuminate\\Database\\Query\\Builder::get():3172}()
#5 /var/www/html/vendor/laravel/framework/src/Illuminate/Database/Query/Builder.php(3172): Illuminate\\Database\\Query\\Builder->onceWithColumns()
#6 /var/www/html/vendor/laravel/framework/src/Illuminate/Cache/DatabaseStore.php(130): Illuminate\\Database\\Query\\Builder->get()
#7 /var/www/html/vendor/laravel/framework/src/Illuminate/Cache/DatabaseStore.php(105): Illuminate\\Cache\\DatabaseStore->many()
#8 /var/www/html/vendor/laravel/framework/src/Illuminate/Cache/Repository.php(119): Illuminate\\Cache\\DatabaseStore->get()
#9 /var/www/html/vendor/laravel/framework/src/Illuminate/Queue/Worker.php(736): Illuminate\\Cache\\Repository->get()
#10 /var/www/html/vendor/laravel/framework/src/Illuminate/Queue/Worker.php(146): Illuminate\\Queue\\Worker->getTimestampOfLastQueueRestart()
#11 /var/www/html/vendor/laravel/framework/src/Illuminate/Queue/Console/WorkCommand.php(148): Illuminate\\Queue\\Worker->daemon()
#12 /var/www/html/vendor/laravel/framework/src/Illuminate/Queue/Console/WorkCommand.php(131): Illuminate\\Queue\\Console\\WorkCommand->runWorker()
#13 /var/www/html/vendor/laravel/framework/src/Illuminate/Container/BoundMethod.php(36): Illuminate\\Queue\\Console\\WorkCommand->handle()
#14 /var/www/html/vendor/laravel/framework/src/Illuminate/Container/Util.php(43): Illuminate\\Container\\BoundMethod::{closure:Illuminate\\Container\\BoundMethod::call():35}()
#15 /var/www/html/vendor/laravel/framework/src/Illuminate/Container/BoundMethod.php(96): Illuminate\\Container\\Util::unwrapIfClosure()
#16 /var/www/html/vendor/laravel/framework/src/Illuminate/Container/BoundMethod.php(35): Illuminate\\Container\\BoundMethod::callBoundMethod()
#17 /var/www/html/vendor/laravel/framework/src/Illuminate/Container/Container.php(836): Illuminate\\Container\\BoundMethod::call()
#18 /var/www/html/vendor/laravel/framework/src/Illuminate/Console/Command.php(211): Illuminate\\Container\\Container->call()
#19 /var/www/html/vendor/symfony/console/Command/Command.php(318): Illuminate\\Console\\Command->execute()
#20 /var/www/html/vendor/laravel/framework/src/Illuminate/Console/Command.php(180): Symfony\\Component\\Console\\Command\\Command->run()
#21 /var/www/html/vendor/symfony/console/Application.php(1073): Illuminate\\Console\\Command->run()
#22 /var/www/html/vendor/symfony/console/Application.php(356): Symfony\\Component\\Console\\Application->doRunCommand()
#23 /var/www/html/vendor/symfony/console/Application.php(195): Symfony\\Component\\Console\\Application->doRun()
#24 /var/www/html/vendor/laravel/framework/src/Illuminate/Foundation/Console/Kernel.php(197): Symfony\\Component\\Console\\Application->run()
#25 /var/www/html/vendor/laravel/framework/src/Illuminate/Foundation/Application.php(1235): Illuminate\\Foundation\\Console\\Kernel->handle()
#26 /var/www/html/artisan(16): Illuminate\\Foundation\\Application->handleCommand()
#27 {main}

[previous exception] [object] (PDOException(code: 42P01): SQLSTATE[42P01]: Undefined table: 7 ERROR:  relation \"cache\" does not exist
LINE 1: select * from \"cache\" where \"key\" in ($1)
                      ^ at /var/www/html/vendor/laravel/framework/src/Illuminate/Database/Connection.php:411)
[stacktrace]
#0 /var/www/html/vendor/laravel/framework/src/Illuminate/Database/Connection.php(411): PDOStatement->execute()
#1 /var/www/html/vendor/laravel/framework/src/Illuminate/Database/Connection.php(811): Illuminate\\Database\\Connection->{closure:Illuminate\\Database\\Connection::select():397}()
#2 /var/www/html/vendor/laravel/framework/src/Illuminate/Database/Connection.php(778): Illuminate\\Database\\Connection->runQueryCallback()
#3 /var/www/html/vendor/laravel/framework/src/Illuminate/Database/Connection.php(397): Illuminate\\Database\\Connection->run()
#4 /var/www/html/vendor/laravel/framework/src/Illuminate/Database/Query/Builder.php(3188): Illuminate\\Database\\Connection->select()
#5 /var/www/html/vendor/laravel/framework/src/Illuminate/Database/Query/Builder.php(3173): Illuminate\\Database\\Query\\Builder->runSelect()
#6 /var/www/html/vendor/laravel/framework/src/Illuminate/Database/Query/Builder.php(3763): Illuminate\\Database\\Query\\Builder->{closure:Illuminate\\Database\\Query\\Builder::get():3172}()
#7 /var/www/html/vendor/laravel/framework/src/Illuminate/Database/Query/Builder.php(3172): Illuminate\\Database\\Query\\Builder->onceWithColumns()
#8 /var/www/html/vendor/laravel/framework/src/Illuminate/Cache/DatabaseStore.php(130): Illuminate\\Database\\Query\\Builder->get()
#9 /var/www/html/vendor/laravel/framework/src/Illuminate/Cache/DatabaseStore.php(105): Illuminate\\Cache\\DatabaseStore->many()
#10 /var/www/html/vendor/laravel/framework/src/Illuminate/Cache/Repository.php(119): Illuminate\\Cache\\DatabaseStore->get()
#11 /var/www/html/vendor/laravel/framework/src/Illuminate/Queue/Worker.php(736): Illuminate\\Cache\\Repository->get()
#12 /var/www/html/vendor/laravel/framework/src/Illuminate/Queue/Worker.php(146): Illuminate\\Queue\\Worker->getTimestampOfLastQueueRestart()
#13 /var/www/html/vendor/laravel/framework/src/Illuminate/Queue/Console/WorkCommand.php(148): Illuminate\\Queue\\Worker->daemon()
#14 /var/www/html/vendor/laravel/framework/src/Illuminate/Queue/Console/WorkCommand.php(131): Illuminate\\Queue\\Console\\WorkCommand->runWorker()
#15 /var/www/html/vendor/laravel/framework/src/Illuminate/Container/BoundMethod.php(36): Illuminate\\Queue\\Console\\WorkCommand->handle()
#16 /var/www/html/vendor/laravel/framework/src/Illuminate/Container/Util.php(43): Illuminate\\Container\\BoundMethod::{closure:Illuminate\\Container\\BoundMethod::call():35}()
#17 /var/www/html/vendor/laravel/framework/src/Illuminate/Container/BoundMethod.php(96): Illuminate\\Container\\Util::unwrapIfClosure()
#18 /var/www/html/vendor/laravel/framework/src/Illuminate/Container/BoundMethod.php(35): Illuminate\\Container\\BoundMethod::callBoundMethod()
#19 /var/www/html/vendor/laravel/framework/src/Illuminate/Container/Container.php(836): Illuminate\\Container\\BoundMethod::call()
#20 /var/www/html/vendor/laravel/framework/src/Illuminate/Console/Command.php(211): Illuminate\\Container\\Container->call()
#21 /var/www/html/vendor/symfony/console/Command/Command.php(318): Illuminate\\Console\\Command->execute()
#22 /var/www/html/vendor/laravel/framework/src/Illuminate/Console/Command.php(180): Symfony\\Component\\Console\\Command\\Command->run()
#23 /var/www/html/vendor/symfony/console/Application.php(1073): Illuminate\\Console\\Command->run()
#24 /var/www/html/vendor/symfony/console/Application.php(356): Symfony\\Component\\Console\\Application->doRunCommand()
#25 /var/www/html/vendor/symfony/console/Application.php(195): Symfony\\Component\\Console\\Application->doRun()
#26 /var/www/html/vendor/laravel/framework/src/Illuminate/Foundation/Console/Kernel.php(197): Symfony\\Component\\Console\\Application->run()
#27 /var/www/html/vendor/laravel/framework/src/Illuminate/Foundation/Application.php(1235): Illuminate\\Foundation\\Console\\Kernel->handle()
#28 /var/www/html/artisan(16): Illuminate\\Foundation\\Application->handleCommand()
#29 {main}
"} 
[2025-12-02 13:03:30] local.ERROR: No application encryption key has been specified. {"exception":"[object] (Illuminate\\Encryption\\MissingAppKeyException(code: 0): No application encryption key has been specified. at /var/www/html/vendor/laravel/framework/src/Illuminate/Encryption/EncryptionServiceProvider.php:83)
[stacktrace]
#0 /var/www/html/vendor/laravel/framework/src/Illuminate/Support/helpers.php(390): Illuminate\\Encryption\\EncryptionServiceProvider->{closure:Illuminate\\Encryption\\EncryptionServiceProvider::key():81}()
#1 /var/www/html/vendor/laravel/framework/src/Illuminate/Encryption/EncryptionServiceProvider.php(81): tap()
#2 /var/www/html/vendor/laravel/framework/src/Illuminate/Encryption/EncryptionServiceProvider.php(64): Illuminate\\Encryption\\EncryptionServiceProvider->key()
#3 /var/www/html/vendor/laravel/framework/src/Illuminate/Encryption/EncryptionServiceProvider.php(32): Illuminate\\Encryption\\EncryptionServiceProvider->parseKey()
#4 /var/www/html/vendor/laravel/framework/src/Illuminate/Container/Container.php(1154): Illuminate\\Encryption\\EncryptionServiceProvider->{closure:Illuminate\\Encryption\\EncryptionServiceProvider::registerEncrypter():29}()
#5 /var/www/html/vendor/laravel/framework/src/Illuminate/Container/Container.php(972): Illuminate\\Container\\Container->build()
#6 /var/www/html/vendor/laravel/framework/src/Illuminate/Foundation/Application.php(1078): Illuminate\\Container\\Container->resolve()
#7 /var/www/html/vendor/laravel/framework/src/Illuminate/Container/Container.php(903): Illuminate\\Foundation\\Application->resolve()
#8 /var/www/html/vendor/laravel/framework/src/Illuminate/Foundation/Application.php(1058): Illuminate\\Container\\Container->make()
#9 /var/www/html/vendor/laravel/framework/src/Illuminate/Container/Container.php(1379): Illuminate\\Foundation\\Application->make()
#10 /var/www/html/vendor/laravel/framework/src/Illuminate/Container/Container.php(1278): Illuminate\\Container\\Container->resolveClass()
#11 /var/www/html/vendor/laravel/framework/src/Illuminate/Container/Container.php(1201): Illuminate\\Container\\Container->resolveDependencies()
#12 /var/www/html/vendor/laravel/framework/src/Illuminate/Container/Container.php(972): Illuminate\\Container\\Container->build()
#13 /var/www/html/vendor/laravel/framework/src/Illuminate/Foundation/Application.php(1078): Illuminate\\Container\\Container->resolve()
#14 /var/www/html/vendor/laravel/framework/src/Illuminate/Container/Container.php(903): Illuminate\\Foundation\\Application->resolve()
#15 /var/www/html/vendor/laravel/framework/src/Illuminate/Foundation/Application.php(1058): Illuminate\\Container\\Container->make()
#16 /var/www/html/vendor/laravel/framework/src/Illuminate/Pipeline/Pipeline.php(208): Illuminate\\Foundation\\Application->make()
#17 /var/www/html/vendor/laravel/framework/src/Illuminate/Pipeline/Pipeline.php(137): Illuminate\\Pipeline\\Pipeline->{closure:{closure:Illuminate\\Pipeline\\Pipeline::carry():194}:195}()
#18 /var/www/html/vendor/laravel/framework/src/Illuminate/Routing/Router.php(821): Illuminate\\Pipeline\\Pipeline->then()
#19 /var/www/html/vendor/laravel/framework/src/Illuminate/Routing/Router.php(800): Illuminate\\Routing\\Router->runRouteWithinStack()
#20 /var/www/html/vendor/laravel/framework/src/Illuminate/Routing/Router.php(764): Illuminate\\Routing\\Router->runRoute()
#21 /var/www/html/vendor/laravel/framework/src/Illuminate/Routing/Router.php(753): Illuminate\\Routing\\Router->dispatchToRoute()
#22 /var/www/html/vendor/laravel/framework/src/Illuminate/Foundation/Http/Kernel.php(200): Illuminate\\Routing\\Router->dispatch()
#23 /var/www/html/vendor/laravel/framework/src/Illuminate/Pipeline/Pipeline.php(180): Illuminate\\Foundation\\Http\\Kernel->{closure:Illuminate\\Foundation\\Http\\Kernel::dispatchToRouter():197}()
#24 /var/www/html/vendor/laravel/framework/src/Illuminate/Foundation/Http/Middleware/TransformsRequest.php(21): Illuminate\\Pipeline\\Pipeline->{closure:Illuminate\\Pipeline\\Pipeline::prepareDestination():178}()
#25 /var/www/html/vendor/laravel/framework/src/Illuminate/Foundation/Http/Middleware/ConvertEmptyStringsToNull.php(31): Illuminate\\Foundation\\Http\\Middleware\\TransformsRequest->handle()
#26 /var/www/html/vendor/laravel/framework/src/Illuminate/Pipeline/Pipeline.php(219): Illuminate\\Foundation\\Http\\Middleware\\ConvertEmptyStringsToNull->handle()
#27 /var/www/html/vendor/laravel/framework/src/Illuminate/Foundation/Http/Middleware/TransformsRequest.php(21): Illuminate\\Pipeline\\Pipeline->{closure:{closure:Illuminate\\Pipeline\\Pipeline::carry():194}:195}()
#28 /var/www/html/vendor/laravel/framework/src/Illuminate/Foundation/Http/Middleware/TrimStrings.php(51): Illuminate\\Foundation\\Http\\Middleware\\TransformsRequest->handle()
#29 /var/www/html/vendor/laravel/framework/src/Illuminate/Pipeline/Pipeline.php(219): Illuminate\\Foundation\\Http\\Middleware\\TrimStrings->handle()
#30 /var/www/html/vendor/laravel/framework/src/Illuminate/Http/Middleware/ValidatePostSize.php(27): Illuminate\\Pipeline\\Pipeline->{closure:{closure:Illuminate\\Pipeline\\Pipeline::carry():194}:195}()
#31 /var/www/html/vendor/laravel/framework/src/Illuminate/Pipeline/Pipeline.php(219): Illuminate\\Http\\Middleware\\ValidatePostSize->handle()
#32 /var/www/html/vendor/laravel/framework/src/Illuminate/Foundation/Http/Middleware/PreventRequestsDuringMaintenance.php(109): Illuminate\\Pipeline\\Pipeline->{closure:{closure:Illuminate\\Pipeline\\Pipeline::carry():194}:195}()
#33 /var/www/html/vendor/laravel/framework/src/Illuminate/Pipeline/Pipeline.php(219): Illuminate\\Foundation\\Http\\Middleware\\PreventRequestsDuringMaintenance->handle()
#34 /var/www/html/vendor/laravel/framework/src/Illuminate/Http/Middleware/HandleCors.php(48): Illuminate\\Pipeline\\Pipeline->{closure:{closure:Illuminate\\Pipeline\\Pipeline::carry():194}:195}()
#35 /var/www/html/vendor/laravel/framework/src/Illuminate/Pipeline/Pipeline.php(219): Illuminate\\Http\\Middleware\\HandleCors->handle()
#36 /var/www/html/vendor/laravel/framework/src/Illuminate/Http/Middleware/TrustProxies.php(58): Illuminate\\Pipeline\\Pipeline->{closure:{closure:Illuminate\\Pipeline\\Pipeline::carry():194}:195}()
#37 /var/www/html/vendor/laravel/framework/src/Illuminate/Pipeline/Pipeline.php(219): Illuminate\\Http\\Middleware\\TrustProxies->handle()
#38 /var/www/html/vendor/laravel/framework/src/Illuminate/Foundation/Http/Middleware/InvokeDeferredCallbacks.php(22): Illuminate\\Pipeline\\Pipeline->{closure:{closure:Illuminate\\Pipeline\\Pipeline::carry():194}:195}()
#39 /var/www/html/vendor/laravel/framework/src/Illuminate/Pipeline/Pipeline.php(219): Illuminate\\Foundation\\Http\\Middleware\\InvokeDeferredCallbacks->handle()
#40 /var/www/html/vendor/laravel/framework/src/Illuminate/Http/Middleware/ValidatePathEncoding.php(26): Illuminate\\Pipeline\\Pipeline->{closure:{closure:Illuminate\\Pipeline\\Pipeline::carry():194}:195}()
#41 /var/www/html/vendor/laravel/framework/src/Illuminate/Pipeline/Pipeline.php(219): Illuminate\\Http\\Middleware\\ValidatePathEncoding->handle()
#42 /var/www/html/vendor/laravel/framework/src/Illuminate/Pipeline/Pipeline.php(137): Illuminate\\Pipeline\\Pipeline->{closure:{closure:Illuminate\\Pipeline\\Pipeline::carry():194}:195}()
#43 /var/www/html/vendor/laravel/framework/src/Illuminate/Foundation/Http/Kernel.php(175): Illuminate\\Pipeline\\Pipeline->then()
#44 /var/www/html/vendor/laravel/framework/src/Illuminate/Foundation/Http/Kernel.php(144): Illuminate\\Foundation\\Http\\Kernel->sendRequestThroughRouter()
#45 /var/www/html/vendor/laravel/framework/src/Illuminate/Foundation/Application.php(1220): Illuminate\\Foundation\\Http\\Kernel->handle()
#46 /var/www/html/public/index.php(20): Illuminate\\Foundation\\Application->handleRequest()
#47 /var/www/html/vendor/laravel/framework/src/Illuminate/Foundation/resources/server.php(23): require_once('...')
#48 {main}
"} 
[2025-12-02 13:03:51] local.ERROR: SQLSTATE[42P01]: Undefined table: 7 ERROR:  relation "cache" does not exist
LINE 1: select * from "cache" where "key" in ($1)
                      ^ (Connection: pgsql, SQL: select * from "cache" where "key" in (laravel-cache-illuminate:queue:restart)) {"exception":"[object] (Illuminate\\Database\\QueryException(code: 42P01): SQLSTATE[42P01]: Undefined table: 7 ERROR:  relation \"cache\" does not exist
LINE 1: select * from \"cache\" where \"key\" in ($1)
                      ^ (Connection: pgsql, SQL: select * from \"cache\" where \"key\" in (laravel-cache-illuminate:queue:restart)) at /var/www/html/vendor/laravel/framework/src/Illuminate/Database/Connection.php:824)
[stacktrace]
#0 /var/www/html/vendor/laravel/framework/src/Illuminate/Database/Connection.php(778): Illuminate\\Database\\Connection->runQueryCallback()
#1 /var/www/html/vendor/laravel/framework/src/Illuminate/Database/Connection.php(397): Illuminate\\Database\\Connection->run()
#2 /var/www/html/vendor/laravel/framework/src/Illuminate/Database/Query/Builder.php(3188): Illuminate\\Database\\Connection->select()
#3 /var/www/html/vendor/laravel/framework/src/Illuminate/Database/Query/Builder.php(3173): Illuminate\\Database\\Query\\Builder->runSelect()
#4 /var/www/html/vendor/laravel/framework/src/Illuminate/Database/Query/Builder.php(3763): Illuminate\\Database\\Query\\Builder->{closure:Illuminate\\Database\\Query\\Builder::get():3172}()
#5 /var/www/html/vendor/laravel/framework/src/Illuminate/Database/Query/Builder.php(3172): Illuminate\\Database\\Query\\Builder->onceWithColumns()
#6 /var/www/html/vendor/laravel/framework/src/Illuminate/Cache/DatabaseStore.php(130): Illuminate\\Database\\Query\\Builder->get()
#7 /var/www/html/vendor/laravel/framework/src/Illuminate/Cache/DatabaseStore.php(105): Illuminate\\Cache\\DatabaseStore->many()
#8 /var/www/html/vendor/laravel/framework/src/Illuminate/Cache/Repository.php(119): Illuminate\\Cache\\DatabaseStore->get()
#9 /var/www/html/vendor/laravel/framework/src/Illuminate/Queue/Worker.php(736): Illuminate\\Cache\\Repository->get()
#10 /var/www/html/vendor/laravel/framework/src/Illuminate/Queue/Worker.php(146): Illuminate\\Queue\\Worker->getTimestampOfLastQueueRestart()
#11 /var/www/html/vendor/laravel/framework/src/Illuminate/Queue/Console/WorkCommand.php(148): Illuminate\\Queue\\Worker->daemon()
#12 /var/www/html/vendor/laravel/framework/src/Illuminate/Queue/Console/WorkCommand.php(131): Illuminate\\Queue\\Console\\WorkCommand->runWorker()
#13 /var/www/html/vendor/laravel/framework/src/Illuminate/Container/BoundMethod.php(36): Illuminate\\Queue\\Console\\WorkCommand->handle()
#14 /var/www/html/vendor/laravel/framework/src/Illuminate/Container/Util.php(43): Illuminate\\Container\\BoundMethod::{closure:Illuminate\\Container\\BoundMethod::call():35}()
#15 /var/www/html/vendor/laravel/framework/src/Illuminate/Container/BoundMethod.php(96): Illuminate\\Container\\Util::unwrapIfClosure()
#16 /var/www/html/vendor/laravel/framework/src/Illuminate/Container/BoundMethod.php(35): Illuminate\\Container\\BoundMethod::callBoundMethod()
#17 /var/www/html/vendor/laravel/framework/src/Illuminate/Container/Container.php(836): Illuminate\\Container\\BoundMethod::call()
#18 /var/www/html/vendor/laravel/framework/src/Illuminate/Console/Command.php(211): Illuminate\\Container\\Container->call()
#19 /var/www/html/vendor/symfony/console/Command/Command.php(318): Illuminate\\Console\\Command->execute()
#20 /var/www/html/vendor/laravel/framework/src/Illuminate/Console/Command.php(180): Symfony\\Component\\Console\\Command\\Command->run()
#21 /var/www/html/vendor/symfony/console/Application.php(1073): Illuminate\\Console\\Command->run()
#22 /var/www/html/vendor/symfony/console/Application.php(356): Symfony\\Component\\Console\\Application->doRunCommand()
#23 /var/www/html/vendor/symfony/console/Application.php(195): Symfony\\Component\\Console\\Application->doRun()
#24 /var/www/html/vendor/laravel/framework/src/Illuminate/Foundation/Console/Kernel.php(197): Symfony\\Component\\Console\\Application->run()
#25 /var/www/html/vendor/laravel/framework/src/Illuminate/Foundation/Application.php(1235): Illuminate\\Foundation\\Console\\Kernel->handle()
#26 /var/www/html/artisan(16): Illuminate\\Foundation\\Application->handleCommand()
#27 {main}

[previous exception] [object] (PDOException(code: 42P01): SQLSTATE[42P01]: Undefined table: 7 ERROR:  relation \"cache\" does not exist
LINE 1: select * from \"cache\" where \"key\" in ($1)
                      ^ at /var/www/html/vendor/laravel/framework/src/Illuminate/Database/Connection.php:411)
[stacktrace]
#0 /var/www/html/vendor/laravel/framework/src/Illuminate/Database/Connection.php(411): PDOStatement->execute()
#1 /var/www/html/vendor/laravel/framework/src/Illuminate/Database/Connection.php(811): Illuminate\\Database\\Connection->{closure:Illuminate\\Database\\Connection::select():397}()
#2 /var/www/html/vendor/laravel/framework/src/Illuminate/Database/Connection.php(778): Illuminate\\Database\\Connection->runQueryCallback()
#3 /var/www/html/vendor/laravel/framework/src/Illuminate/Database/Connection.php(397): Illuminate\\Database\\Connection->run()
#4 /var/www/html/vendor/laravel/framework/src/Illuminate/Database/Query/Builder.php(3188): Illuminate\\Database\\Connection->select()
#5 /var/www/html/vendor/laravel/framework/src/Illuminate/Database/Query/Builder.php(3173): Illuminate\\Database\\Query\\Builder->runSelect()
#6 /var/www/html/vendor/laravel/framework/src/Illuminate/Database/Query/Builder.php(3763): Illuminate\\Database\\Query\\Builder->{closure:Illuminate\\Database\\Query\\Builder::get():3172}()
#7 /var/www/html/vendor/laravel/framework/src/Illuminate/Database/Query/Builder.php(3172): Illuminate\\Database\\Query\\Builder->onceWithColumns()
#8 /var/www/html/vendor/laravel/framework/src/Illuminate/Cache/DatabaseStore.php(130): Illuminate\\Database\\Query\\Builder->get()
#9 /var/www/html/vendor/laravel/framework/src/Illuminate/Cache/DatabaseStore.php(105): Illuminate\\Cache\\DatabaseStore->many()
#10 /var/www/html/vendor/laravel/framework/src/Illuminate/Cache/Repository.php(119): Illuminate\\Cache\\DatabaseStore->get()
#11 /var/www/html/vendor/laravel/framework/src/Illuminate/Queue/Worker.php(736): Illuminate\\Cache\\Repository->get()
#12 /var/www/html/vendor/laravel/framework/src/Illuminate/Queue/Worker.php(146): Illuminate\\Queue\\Worker->getTimestampOfLastQueueRestart()
#13 /var/www/html/vendor/laravel/framework/src/Illuminate/Queue/Console/WorkCommand.php(148): Illuminate\\Queue\\Worker->daemon()
#14 /var/www/html/vendor/laravel/framework/src/Illuminate/Queue/Console/WorkCommand.php(131): Illuminate\\Queue\\Console\\WorkCommand->runWorker()
#15 /var/www/html/vendor/laravel/framework/src/Illuminate/Container/BoundMethod.php(36): Illuminate\\Queue\\Console\\WorkCommand->handle()
#16 /var/www/html/vendor/laravel/framework/src/Illuminate/Container/Util.php(43): Illuminate\\Container\\BoundMethod::{closure:Illuminate\\Container\\BoundMethod::call():35}()
#17 /var/www/html/vendor/laravel/framework/src/Illuminate/Container/BoundMethod.php(96): Illuminate\\Container\\Util::unwrapIfClosure()
#18 /var/www/html/vendor/laravel/framework/src/Illuminate/Container/BoundMethod.php(35): Illuminate\\Container\\BoundMethod::callBoundMethod()
#19 /var/www/html/vendor/laravel/framework/src/Illuminate/Container/Container.php(836): Illuminate\\Container\\BoundMethod::call()
#20 /var/www/html/vendor/laravel/framework/src/Illuminate/Console/Command.php(211): Illuminate\\Container\\Container->call()
#21 /var/www/html/vendor/symfony/console/Command/Command.php(318): Illuminate\\Console\\Command->execute()
#22 /var/www/html/vendor/laravel/framework/src/Illuminate/Console/Command.php(180): Symfony\\Component\\Console\\Command\\Command->run()
#23 /var/www/html/vendor/symfony/console/Application.php(1073): Illuminate\\Console\\Command->run()
#24 /var/www/html/vendor/symfony/console/Application.php(356): Symfony\\Component\\Console\\Application->doRunCommand()
#25 /var/www/html/vendor/symfony/console/Application.php(195): Symfony\\Component\\Console\\Application->doRun()
#26 /var/www/html/vendor/laravel/framework/src/Illuminate/Foundation/Console/Kernel.php(197): Symfony\\Component\\Console\\Application->run()
#27 /var/www/html/vendor/laravel/framework/src/Illuminate/Foundation/Application.php(1235): Illuminate\\Foundation\\Console\\Kernel->handle()
#28 /var/www/html/artisan(16): Illuminate\\Foundation\\Application->handleCommand()
#29 {main}
"} 
[2025-12-02 13:04:22] local.ERROR: No application encryption key has been specified. {"exception":"[object] (Illuminate\\Encryption\\MissingAppKeyException(code: 0): No application encryption key has been specified. at /var/www/html/vendor/laravel/framework/src/Illuminate/Encryption/EncryptionServiceProvider.php:83)
[stacktrace]
#0 /var/www/html/vendor/laravel/framework/src/Illuminate/Support/helpers.php(390): Illuminate\\Encryption\\EncryptionServiceProvider->{closure:Illuminate\\Encryption\\EncryptionServiceProvider::key():81}()
#1 /var/www/html/vendor/laravel/framework/src/Illuminate/Encryption/EncryptionServiceProvider.php(81): tap()
#2 /var/www/html/vendor/laravel/framework/src/Illuminate/Encryption/EncryptionServiceProvider.php(64): Illuminate\\Encryption\\EncryptionServiceProvider->key()
#3 /var/www/html/vendor/laravel/framework/src/Illuminate/Encryption/EncryptionServiceProvider.php(32): Illuminate\\Encryption\\EncryptionServiceProvider->parseKey()
#4 /var/www/html/vendor/laravel/framework/src/Illuminate/Container/Container.php(1154): Illuminate\\Encryption\\EncryptionServiceProvider->{closure:Illuminate\\Encryption\\EncryptionServiceProvider::registerEncrypter():29}()
#5 /var/www/html/vendor/laravel/framework/src/Illuminate/Container/Container.php(972): Illuminate\\Container\\Container->build()
#6 /var/www/html/vendor/laravel/framework/src/Illuminate/Foundation/Application.php(1078): Illuminate\\Container\\Container->resolve()
#7 /var/www/html/vendor/laravel/framework/src/Illuminate/Container/Container.php(903): Illuminate\\Foundation\\Application->resolve()
#8 /var/www/html/vendor/laravel/framework/src/Illuminate/Foundation/Application.php(1058): Illuminate\\Container\\Container->make()
#9 /var/www/html/vendor/laravel/framework/src/Illuminate/Container/Container.php(1379): Illuminate\\Foundation\\Application->make()
#10 /var/www/html/vendor/laravel/framework/src/Illuminate/Container/Container.php(1278): Illuminate\\Container\\Container->resolveClass()
#11 /var/www/html/vendor/laravel/framework/src/Illuminate/Container/Container.php(1201): Illuminate\\Container\\Container->resolveDependencies()
#12 /var/www/html/vendor/laravel/framework/src/Illuminate/Container/Container.php(972): Illuminate\\Container\\Container->build()
#13 /var/www/html/vendor/laravel/framework/src/Illuminate/Foundation/Application.php(1078): Illuminate\\Container\\Container->resolve()
#14 /var/www/html/vendor/laravel/framework/src/Illuminate/Container/Container.php(903): Illuminate\\Foundation\\Application->resolve()
#15 /var/www/html/vendor/laravel/framework/src/Illuminate/Foundation/Application.php(1058): Illuminate\\Container\\Container->make()
#16 /var/www/html/vendor/laravel/framework/src/Illuminate/Pipeline/Pipeline.php(208): Illuminate\\Foundation\\Application->make()
#17 /var/www/html/vendor/laravel/framework/src/Illuminate/Pipeline/Pipeline.php(137): Illuminate\\Pipeline\\Pipeline->{closure:{closure:Illuminate\\Pipeline\\Pipeline::carry():194}:195}()
#18 /var/www/html/vendor/laravel/framework/src/Illuminate/Routing/Router.php(821): Illuminate\\Pipeline\\Pipeline->then()
#19 /var/www/html/vendor/laravel/framework/src/Illuminate/Routing/Router.php(800): Illuminate\\Routing\\Router->runRouteWithinStack()
#20 /var/www/html/vendor/laravel/framework/src/Illuminate/Routing/Router.php(764): Illuminate\\Routing\\Router->runRoute()
#21 /var/www/html/vendor/laravel/framework/src/Illuminate/Routing/Router.php(753): Illuminate\\Routing\\Router->dispatchToRoute()
#22 /var/www/html/vendor/laravel/framework/src/Illuminate/Foundation/Http/Kernel.php(200): Illuminate\\Routing\\Router->dispatch()
#23 /var/www/html/vendor/laravel/framework/src/Illuminate/Pipeline/Pipeline.php(180): Illuminate\\Foundation\\Http\\Kernel->{closure:Illuminate\\Foundation\\Http\\Kernel::dispatchToRouter():197}()
#24 /var/www/html/vendor/laravel/framework/src/Illuminate/Foundation/Http/Middleware/TransformsRequest.php(21): Illuminate\\Pipeline\\Pipeline->{closure:Illuminate\\Pipeline\\Pipeline::prepareDestination():178}()
#25 /var/www/html/vendor/laravel/framework/src/Illuminate/Foundation/Http/Middleware/ConvertEmptyStringsToNull.php(31): Illuminate\\Foundation\\Http\\Middleware\\TransformsRequest->handle()
#26 /var/www/html/vendor/laravel/framework/src/Illuminate/Pipeline/Pipeline.php(219): Illuminate\\Foundation\\Http\\Middleware\\ConvertEmptyStringsToNull->handle()
#27 /var/www/html/vendor/laravel/framework/src/Illuminate/Foundation/Http/Middleware/TransformsRequest.php(21): Illuminate\\Pipeline\\Pipeline->{closure:{closure:Illuminate\\Pipeline\\Pipeline::carry():194}:195}()
#28 /var/www/html/vendor/laravel/framework/src/Illuminate/Foundation/Http/Middleware/TrimStrings.php(51): Illuminate\\Foundation\\Http\\Middleware\\TransformsRequest->handle()
#29 /var/www/html/vendor/laravel/framework/src/Illuminate/Pipeline/Pipeline.php(219): Illuminate\\Foundation\\Http\\Middleware\\TrimStrings->handle()
#30 /var/www/html/vendor/laravel/framework/src/Illuminate/Http/Middleware/ValidatePostSize.php(27): Illuminate\\Pipeline\\Pipeline->{closure:{closure:Illuminate\\Pipeline\\Pipeline::carry():194}:195}()
#31 /var/www/html/vendor/laravel/framework/src/Illuminate/Pipeline/Pipeline.php(219): Illuminate\\Http\\Middleware\\ValidatePostSize->handle()
#32 /var/www/html/vendor/laravel/framework/src/Illuminate/Foundation/Http/Middleware/PreventRequestsDuringMaintenance.php(109): Illuminate\\Pipeline\\Pipeline->{closure:{closure:Illuminate\\Pipeline\\Pipeline::carry():194}:195}()
#33 /var/www/html/vendor/laravel/framework/src/Illuminate/Pipeline/Pipeline.php(219): Illuminate\\Foundation\\Http\\Middleware\\PreventRequestsDuringMaintenance->handle()
#34 /var/www/html/vendor/laravel/framework/src/Illuminate/Http/Middleware/HandleCors.php(48): Illuminate\\Pipeline\\Pipeline->{closure:{closure:Illuminate\\Pipeline\\Pipeline::carry():194}:195}()
#35 /var/www/html/vendor/laravel/framework/src/Illuminate/Pipeline/Pipeline.php(219): Illuminate\\Http\\Middleware\\HandleCors->handle()
#36 /var/www/html/vendor/laravel/framework/src/Illuminate/Http/Middleware/TrustProxies.php(58): Illuminate\\Pipeline\\Pipeline->{closure:{closure:Illuminate\\Pipeline\\Pipeline::carry():194}:195}()
#37 /var/www/html/vendor/laravel/framework/src/Illuminate/Pipeline/Pipeline.php(219): Illuminate\\Http\\Middleware\\TrustProxies->handle()
#38 /var/www/html/vendor/laravel/framework/src/Illuminate/Foundation/Http/Middleware/InvokeDeferredCallbacks.php(22): Illuminate\\Pipeline\\Pipeline->{closure:{closure:Illuminate\\Pipeline\\Pipeline::carry():194}:195}()
#39 /var/www/html/vendor/laravel/framework/src/Illuminate/Pipeline/Pipeline.php(219): Illuminate\\Foundation\\Http\\Middleware\\InvokeDeferredCallbacks->handle()
#40 /var/www/html/vendor/laravel/framework/src/Illuminate/Http/Middleware/ValidatePathEncoding.php(26): Illuminate\\Pipeline\\Pipeline->{closure:{closure:Illuminate\\Pipeline\\Pipeline::carry():194}:195}()
#41 /var/www/html/vendor/laravel/framework/src/Illuminate/Pipeline/Pipeline.php(219): Illuminate\\Http\\Middleware\\ValidatePathEncoding->handle()
#42 /var/www/html/vendor/laravel/framework/src/Illuminate/Pipeline/Pipeline.php(137): Illuminate\\Pipeline\\Pipeline->{closure:{closure:Illuminate\\Pipeline\\Pipeline::carry():194}:195}()
#43 /var/www/html/vendor/laravel/framework/src/Illuminate/Foundation/Http/Kernel.php(175): Illuminate\\Pipeline\\Pipeline->then()
#44 /var/www/html/vendor/laravel/framework/src/Illuminate/Foundation/Http/Kernel.php(144): Illuminate\\Foundation\\Http\\Kernel->sendRequestThroughRouter()
#45 /var/www/html/vendor/laravel/framework/src/Illuminate/Foundation/Application.php(1220): Illuminate\\Foundation\\Http\\Kernel->handle()
#46 /var/www/html/public/index.php(20): Illuminate\\Foundation\\Application->handleRequest()
#47 /var/www/html/vendor/laravel/framework/src/Illuminate/Foundation/resources/server.php(23): require_once('...')
#48 {main}
"} 
[2025-12-02 13:04:26] local.ERROR: No application encryption key has been specified. {"exception":"[object] (Illuminate\\Encryption\\MissingAppKeyException(code: 0): No application encryption key has been specified. at /var/www/html/vendor/laravel/framework/src/Illuminate/Encryption/EncryptionServiceProvider.php:83)
[stacktrace]
#0 /var/www/html/vendor/laravel/framework/src/Illuminate/Support/helpers.php(390): Illuminate\\Encryption\\EncryptionServiceProvider->{closure:Illuminate\\Encryption\\EncryptionServiceProvider::key():81}()
#1 /var/www/html/vendor/laravel/framework/src/Illuminate/Encryption/EncryptionServiceProvider.php(81): tap()
#2 /var/www/html/vendor/laravel/framework/src/Illuminate/Encryption/EncryptionServiceProvider.php(64): Illuminate\\Encryption\\EncryptionServiceProvider->key()
#3 /var/www/html/vendor/laravel/framework/src/Illuminate/Encryption/EncryptionServiceProvider.php(32): Illuminate\\Encryption\\EncryptionServiceProvider->parseKey()
#4 /var/www/html/vendor/laravel/framework/src/Illuminate/Container/Container.php(1154): Illuminate\\Encryption\\EncryptionServiceProvider->{closure:Illuminate\\Encryption\\EncryptionServiceProvider::registerEncrypter():29}()
#5 /var/www/html/vendor/laravel/framework/src/Illuminate/Container/Container.php(972): Illuminate\\Container\\Container->build()
#6 /var/www/html/vendor/laravel/framework/src/Illuminate/Foundation/Application.php(1078): Illuminate\\Container\\Container->resolve()
#7 /var/www/html/vendor/laravel/framework/src/Illuminate/Container/Container.php(903): Illuminate\\Foundation\\Application->resolve()
#8 /var/www/html/vendor/laravel/framework/src/Illuminate/Foundation/Application.php(1058): Illuminate\\Container\\Container->make()
#9 /var/www/html/vendor/laravel/framework/src/Illuminate/Container/Container.php(1379): Illuminate\\Foundation\\Application->make()
#10 /var/www/html/vendor/laravel/framework/src/Illuminate/Container/Container.php(1278): Illuminate\\Container\\Container->resolveClass()
#11 /var/www/html/vendor/laravel/framework/src/Illuminate/Container/Container.php(1201): Illuminate\\Container\\Container->resolveDependencies()
#12 /var/www/html/vendor/laravel/framework/src/Illuminate/Container/Container.php(972): Illuminate\\Container\\Container->build()
#13 /var/www/html/vendor/laravel/framework/src/Illuminate/Foundation/Application.php(1078): Illuminate\\Container\\Container->resolve()
#14 /var/www/html/vendor/laravel/framework/src/Illuminate/Container/Container.php(903): Illuminate\\Foundation\\Application->resolve()
#15 /var/www/html/vendor/laravel/framework/src/Illuminate/Foundation/Application.php(1058): Illuminate\\Container\\Container->make()
#16 /var/www/html/vendor/laravel/framework/src/Illuminate/Foundation/Http/Kernel.php(257): Illuminate\\Foundation\\Application->make()
#17 /var/www/html/vendor/laravel/framework/src/Illuminate/Foundation/Http/Kernel.php(215): Illuminate\\Foundation\\Http\\Kernel->terminateMiddleware()
#18 /var/www/html/vendor/laravel/framework/src/Illuminate/Foundation/Application.php(1222): Illuminate\\Foundation\\Http\\Kernel->terminate()
#19 /var/www/html/public/index.php(20): Illuminate\\Foundation\\Application->handleRequest()
#20 /var/www/html/vendor/laravel/framework/src/Illuminate/Foundation/resources/server.php(23): require_once('...')
#21 {main}
"} 
[2025-12-02 13:04:37] local.ERROR: No application encryption key has been specified. {"exception":"[object] (Illuminate\\Encryption\\MissingAppKeyException(code: 0): No application encryption key has been specified. at /var/www/html/vendor/laravel/framework/src/Illuminate/Encryption/EncryptionServiceProvider.php:83)
[stacktrace]
#0 /var/www/html/vendor/laravel/framework/src/Illuminate/Support/helpers.php(390): Illuminate\\Encryption\\EncryptionServiceProvider->{closure:Illuminate\\Encryption\\EncryptionServiceProvider::key():81}()
#1 /var/www/html/vendor/laravel/framework/src/Illuminate/Encryption/EncryptionServiceProvider.php(81): tap()
#2 /var/www/html/vendor/laravel/framework/src/Illuminate/Encryption/EncryptionServiceProvider.php(64): Illuminate\\Encryption\\EncryptionServiceProvider->key()
#3 /var/www/html/vendor/laravel/framework/src/Illuminate/Encryption/EncryptionServiceProvider.php(32): Illuminate\\Encryption\\EncryptionServiceProvider->parseKey()
#4 /var/www/html/vendor/laravel/framework/src/Illuminate/Container/Container.php(1154): Illuminate\\Encryption\\EncryptionServiceProvider->{closure:Illuminate\\Encryption\\EncryptionServiceProvider::registerEncrypter():29}()
#5 /var/www/html/vendor/laravel/framework/src/Illuminate/Container/Container.php(972): Illuminate\\Container\\Container->build()
#6 /var/www/html/vendor/laravel/framework/src/Illuminate/Foundation/Application.php(1078): Illuminate\\Container\\Container->resolve()
#7 /var/www/html/vendor/laravel/framework/src/Illuminate/Container/Container.php(903): Illuminate\\Foundation\\Application->resolve()
#8 /var/www/html/vendor/laravel/framework/src/Illuminate/Foundation/Application.php(1058): Illuminate\\Container\\Container->make()
#9 /var/www/html/vendor/laravel/framework/src/Illuminate/Container/Container.php(1379): Illuminate\\Foundation\\Application->make()
#10 /var/www/html/vendor/laravel/framework/src/Illuminate/Container/Container.php(1278): Illuminate\\Container\\Container->resolveClass()
#11 /var/www/html/vendor/laravel/framework/src/Illuminate/Container/Container.php(1201): Illuminate\\Container\\Container->resolveDependencies()
#12 /var/www/html/vendor/laravel/framework/src/Illuminate/Container/Container.php(972): Illuminate\\Container\\Container->build()
#13 /var/www/html/vendor/laravel/framework/src/Illuminate/Foundation/Application.php(1078): Illuminate\\Container\\Container->resolve()
#14 /var/www/html/vendor/laravel/framework/src/Illuminate/Container/Container.php(903): Illuminate\\Foundation\\Application->resolve()
#15 /var/www/html/vendor/laravel/framework/src/Illuminate/Foundation/Application.php(1058): Illuminate\\Container\\Container->make()
#16 /var/www/html/vendor/laravel/framework/src/Illuminate/Pipeline/Pipeline.php(208): Illuminate\\Foundation\\Application->make()
#17 /var/www/html/vendor/laravel/framework/src/Illuminate/Pipeline/Pipeline.php(137): Illuminate\\Pipeline\\Pipeline->{closure:{closure:Illuminate\\Pipeline\\Pipeline::carry():194}:195}()
#18 /var/www/html/vendor/laravel/framework/src/Illuminate/Routing/Router.php(821): Illuminate\\Pipeline\\Pipeline->then()
#19 /var/www/html/vendor/laravel/framework/src/Illuminate/Routing/Router.php(800): Illuminate\\Routing\\Router->runRouteWithinStack()
#20 /var/www/html/vendor/laravel/framework/src/Illuminate/Routing/Router.php(764): Illuminate\\Routing\\Router->runRoute()
#21 /var/www/html/vendor/laravel/framework/src/Illuminate/Routing/Router.php(753): Illuminate\\Routing\\Router->dispatchToRoute()
#22 /var/www/html/vendor/laravel/framework/src/Illuminate/Foundation/Http/Kernel.php(200): Illuminate\\Routing\\Router->dispatch()
#23 /var/www/html/vendor/laravel/framework/src/Illuminate/Pipeline/Pipeline.php(180): Illuminate\\Foundation\\Http\\Kernel->{closure:Illuminate\\Foundation\\Http\\Kernel::dispatchToRouter():197}()
#24 /var/www/html/vendor/laravel/framework/src/Illuminate/Foundation/Http/Middleware/TransformsRequest.php(21): Illuminate\\Pipeline\\Pipeline->{closure:Illuminate\\Pipeline\\Pipeline::prepareDestination():178}()
#25 /var/www/html/vendor/laravel/framework/src/Illuminate/Foundation/Http/Middleware/ConvertEmptyStringsToNull.php(31): Illuminate\\Foundation\\Http\\Middleware\\TransformsRequest->handle()
#26 /var/www/html/vendor/laravel/framework/src/Illuminate/Pipeline/Pipeline.php(219): Illuminate\\Foundation\\Http\\Middleware\\ConvertEmptyStringsToNull->handle()
#27 /var/www/html/vendor/laravel/framework/src/Illuminate/Foundation/Http/Middleware/TransformsRequest.php(21): Illuminate\\Pipeline\\Pipeline->{closure:{closure:Illuminate\\Pipeline\\Pipeline::carry():194}:195}()
#28 /var/www/html/vendor/laravel/framework/src/Illuminate/Foundation/Http/Middleware/TrimStrings.php(51): Illuminate\\Foundation\\Http\\Middleware\\TransformsRequest->handle()
#29 /var/www/html/vendor/laravel/framework/src/Illuminate/Pipeline/Pipeline.php(219): Illuminate\\Foundation\\Http\\Middleware\\TrimStrings->handle()
#30 /var/www/html/vendor/laravel/framework/src/Illuminate/Http/Middleware/ValidatePostSize.php(27): Illuminate\\Pipeline\\Pipeline->{closure:{closure:Illuminate\\Pipeline\\Pipeline::carry():194}:195}()
#31 /var/www/html/vendor/laravel/framework/src/Illuminate/Pipeline/Pipeline.php(219): Illuminate\\Http\\Middleware\\ValidatePostSize->handle()
#32 /var/www/html/vendor/laravel/framework/src/Illuminate/Foundation/Http/Middleware/PreventRequestsDuringMaintenance.php(109): Illuminate\\Pipeline\\Pipeline->{closure:{closure:Illuminate\\Pipeline\\Pipeline::carry():194}:195}()
#33 /var/www/html/vendor/laravel/framework/src/Illuminate/Pipeline/Pipeline.php(219): Illuminate\\Foundation\\Http\\Middleware\\PreventRequestsDuringMaintenance->handle()
#34 /var/www/html/vendor/laravel/framework/src/Illuminate/Http/Middleware/HandleCors.php(48): Illuminate\\Pipeline\\Pipeline->{closure:{closure:Illuminate\\Pipeline\\Pipeline::carry():194}:195}()
#35 /var/www/html/vendor/laravel/framework/src/Illuminate/Pipeline/Pipeline.php(219): Illuminate\\Http\\Middleware\\HandleCors->handle()
#36 /var/www/html/vendor/laravel/framework/src/Illuminate/Http/Middleware/TrustProxies.php(58): Illuminate\\Pipeline\\Pipeline->{closure:{closure:Illuminate\\Pipeline\\Pipeline::carry():194}:195}()
#37 /var/www/html/vendor/laravel/framework/src/Illuminate/Pipeline/Pipeline.php(219): Illuminate\\Http\\Middleware\\TrustProxies->handle()
#38 /var/www/html/vendor/laravel/framework/src/Illuminate/Foundation/Http/Middleware/InvokeDeferredCallbacks.php(22): Illuminate\\Pipeline\\Pipeline->{closure:{closure:Illuminate\\Pipeline\\Pipeline::carry():194}:195}()
#39 /var/www/html/vendor/laravel/framework/src/Illuminate/Pipeline/Pipeline.php(219): Illuminate\\Foundation\\Http\\Middleware\\InvokeDeferredCallbacks->handle()
#40 /var/www/html/vendor/laravel/framework/src/Illuminate/Http/Middleware/ValidatePathEncoding.php(26): Illuminate\\Pipeline\\Pipeline->{closure:{closure:Illuminate\\Pipeline\\Pipeline::carry():194}:195}()
#41 /var/www/html/vendor/laravel/framework/src/Illuminate/Pipeline/Pipeline.php(219): Illuminate\\Http\\Middleware\\ValidatePathEncoding->handle()
#42 /var/www/html/vendor/laravel/framework/src/Illuminate/Pipeline/Pipeline.php(137): Illuminate\\Pipeline\\Pipeline->{closure:{closure:Illuminate\\Pipeline\\Pipeline::carry():194}:195}()
#43 /var/www/html/vendor/laravel/framework/src/Illuminate/Foundation/Http/Kernel.php(175): Illuminate\\Pipeline\\Pipeline->then()
#44 /var/www/html/vendor/laravel/framework/src/Illuminate/Foundation/Http/Kernel.php(144): Illuminate\\Foundation\\Http\\Kernel->sendRequestThroughRouter()
#45 /var/www/html/vendor/laravel/framework/src/Illuminate/Foundation/Application.php(1220): Illuminate\\Foundation\\Http\\Kernel->handle()
#46 /var/www/html/public/index.php(20): Illuminate\\Foundation\\Application->handleRequest()
#47 /var/www/html/vendor/laravel/framework/src/Illuminate/Foundation/resources/server.php(23): require_once('...')
#48 {main}
"} 
[2025-12-02 13:04:38] local.ERROR: No application encryption key has been specified. {"exception":"[object] (Illuminate\\Encryption\\MissingAppKeyException(code: 0): No application encryption key has been specified. at /var/www/html/vendor/laravel/framework/src/Illuminate/Encryption/EncryptionServiceProvider.php:83)
[stacktrace]
#0 /var/www/html/vendor/laravel/framework/src/Illuminate/Support/helpers.php(390): Illuminate\\Encryption\\EncryptionServiceProvider->{closure:Illuminate\\Encryption\\EncryptionServiceProvider::key():81}()
#1 /var/www/html/vendor/laravel/framework/src/Illuminate/Encryption/EncryptionServiceProvider.php(81): tap()
#2 /var/www/html/vendor/laravel/framework/src/Illuminate/Encryption/EncryptionServiceProvider.php(64): Illuminate\\Encryption\\EncryptionServiceProvider->key()
#3 /var/www/html/vendor/laravel/framework/src/Illuminate/Encryption/EncryptionServiceProvider.php(32): Illuminate\\Encryption\\EncryptionServiceProvider->parseKey()
#4 /var/www/html/vendor/laravel/framework/src/Illuminate/Container/Container.php(1154): Illuminate\\Encryption\\EncryptionServiceProvider->{closure:Illuminate\\Encryption\\EncryptionServiceProvider::registerEncrypter():29}()
#5 /var/www/html/vendor/laravel/framework/src/Illuminate/Container/Container.php(972): Illuminate\\Container\\Container->build()
#6 /var/www/html/vendor/laravel/framework/src/Illuminate/Foundation/Application.php(1078): Illuminate\\Container\\Container->resolve()
#7 /var/www/html/vendor/laravel/framework/src/Illuminate/Container/Container.php(903): Illuminate\\Foundation\\Application->resolve()
#8 /var/www/html/vendor/laravel/framework/src/Illuminate/Foundation/Application.php(1058): Illuminate\\Container\\Container->make()
#9 /var/www/html/vendor/laravel/framework/src/Illuminate/Container/Container.php(1379): Illuminate\\Foundation\\Application->make()
#10 /var/www/html/vendor/laravel/framework/src/Illuminate/Container/Container.php(1278): Illuminate\\Container\\Container->resolveClass()
#11 /var/www/html/vendor/laravel/framework/src/Illuminate/Container/Container.php(1201): Illuminate\\Container\\Container->resolveDependencies()
#12 /var/www/html/vendor/laravel/framework/src/Illuminate/Container/Container.php(972): Illuminate\\Container\\Container->build()
#13 /var/www/html/vendor/laravel/framework/src/Illuminate/Foundation/Application.php(1078): Illuminate\\Container\\Container->resolve()
#14 /var/www/html/vendor/laravel/framework/src/Illuminate/Container/Container.php(903): Illuminate\\Foundation\\Application->resolve()
#15 /var/www/html/vendor/laravel/framework/src/Illuminate/Foundation/Application.php(1058): Illuminate\\Container\\Container->make()
#16 /var/www/html/vendor/laravel/framework/src/Illuminate/Foundation/Http/Kernel.php(257): Illuminate\\Foundation\\Application->make()
#17 /var/www/html/vendor/laravel/framework/src/Illuminate/Foundation/Http/Kernel.php(215): Illuminate\\Foundation\\Http\\Kernel->terminateMiddleware()
#18 /var/www/html/vendor/laravel/framework/src/Illuminate/Foundation/Application.php(1222): Illuminate\\Foundation\\Http\\Kernel->terminate()
#19 /var/www/html/public/index.php(20): Illuminate\\Foundation\\Application->handleRequest()
#20 /var/www/html/vendor/laravel/framework/src/Illuminate/Foundation/resources/server.php(23): require_once('...')
#21 {main}
"} 
[2025-12-02 13:08:20] local.INFO: LogRequests middleware called {"url":"http://localhost/api/auth/register","method":"POST","headers":{"host":["localhost"],"connection":["keep-alive"],"content-length":["103"],"sec-ch-ua-platform":["\"Windows\""],"user-agent":["Mozilla/5.0 (Windows NT 10.0; Win64; x64) AppleWebKit/537.36 (KHTML, like Gecko) Chrome/142.0.0.0 Safari/537.36"],"accept":["application/json"],"sec-ch-ua":["\"Chromium\";v=\"142\", \"Google Chrome\";v=\"142\", \"Not_A Brand\";v=\"99\""],"content-type":["application/json"],"sec-ch-ua-mobile":["?0"],"origin":["http://localhost"],"sec-fetch-site":["same-origin"],"sec-fetch-mode":["cors"],"sec-fetch-dest":["empty"],"referer":["http://localhost/"],"accept-encoding":["gzip, deflate, br, zstd"],"accept-language":["ru-RU,ru;q=0.9,en-US;q=0.8,en;q=0.7"],"cookie":["remember_web_59ba36addc2b2f9401580f014c7f58ea4e30989d=eyJpdiI6IitGb2wvTkZVRnYxOWV1QmRobzBZSmc9PSIsInZhbHVlIjoiYm5KR29iQ0E0SmdxdUN5ZGJGQ2kyQmQvdU9ibWVMR0hoa1dIbzlIQzBaakZjM0NISjdqcXBDakpWd3RwYVZPM3Q0VXlJWWQzMWw1SkJoTmxmMzBScllBdWtvZk1VT1JYWWFPUUFWQ3ZzTkpZSndWaDczYVJBdWV1T3R0bjlmbXA3d0dlMDJWSm5sRXFnYk1pdGtuSlB2ZUF1aVVOT28zQVBrdmRXMk8wYXdPVDE4ZGs0UnNWclZVeW1tcUxQM0tqbEJ6ZVllZTBrSmdrWnRBM3BmTHNacnhORmFna1lXNm5IbW16VldMcnhKTT0iLCJtYWMiOiIyOWIyNjExYzIzY2RhZWI4MzdjMTMxZGY5MmU2NGI2MzIwMzc3Y2U4M2U1NTdjNTczMDg0ODA5YTJiNDhmYmQ1IiwidGFnIjoiIn0%3D; operator_client_id=eyJpdiI6Ilc3UFBRTEhlKzBhdDkzT0wvOGJhcGc9PSIsInZhbHVlIjoiaHNXdzZYbCtNZ2ZFdUdyQjAzTG9idWxLVlZKNmZYMHE4STU2RFNKTmlobWhZSVNuN2dTcDhYK1BHOFRyRDU2SyIsIm1hYyI6IjU1ZjcyMTY0NWEzMDRhZGU5ZWUxNjlhNWUyYTBjYjI3NjJkZjYwODg4YjkxODVlNWQxMDFlNjY3Yjk3MTI4YzgiLCJ0YWciOiIifQ%3D%3D; current_hotel_id=eyJpdiI6ImpZL3BPMEI2eXIzUC9yR0daMlhhTEE9PSIsInZhbHVlIjoiS0FLc1hyd1I5ZFFvRk5QcEliUFhsS1c1YjlnNFk1VDZiVFdlak5INFhFTmhoUmo5UXlzY1ExZkpZTHpDSUEwayIsIm1hYyI6IjhjYTE0ZDEwNmNhNDBlNGRjZjlkYTYxZWNkMjA5OGUxODRiZGIwNDk3NTk3M2MxODE4Y2I5NjFiMTUxZmY1NmMiLCJ0YWciOiIifQ%3D%3D; XSRF-TOKEN=eyJpdiI6IkRIYnFDRnpaS3RmeXplbjNiUTVHVkE9PSIsInZhbHVlIjoiTklkV0ZvTTMxaEFjckFza09nV203QTh2L3gzSVd0QTMvT3BORS91RjE5a3JxUEV5NkltcS9EbVFKdGVhcmpIR2c1V2dvU3dCNEdpYzgvUnNIWlhBSUNkcktqcmg0UWw3WERyMDZSb0ovY2dWN1Z2c0pMR3NiZS9BbFZmS0RKNVciLCJtYWMiOiJiMTIxMWIzNjhlZjhmMWMzYWU2NDE3NTE5OTljMTBlZjQ1ZTFmNTc2Mzk0NTg2Y2Q2MTk3MzhlYTk4MDFmM2E0IiwidGFnIjoiIn0%3D; laravel-session=eyJpdiI6Im5MR2NJVUY1ZHpRQmFGWGg5RE01a2c9PSIsInZhbHVlIjoiaG9mTy9IQmlBQkJwTGVFMWwrSDZJeWVqQnh1amZrRE9BRTkrSEJoaVRLKzB5NW1xdkV4K1dFY3M5NWdwc25CbThOaGhYeGVjUmRXajZRWG54TUwvaG5zMU5Xb3M4Y1B3c0pHTllFQXhTeVRQNkFTbi9xK2ROSkhoQ2Z4dW5LUGQiLCJtYWMiOiIwODIyYmNmNzFmZWY0MjMxY2FhNGNmNmNmNGEyZWUzNjA3NzZmYzMyMmMyNTVlNjFhZjk1NDE2NjdmNmM1ZTQzIiwidGFnIjoiIn0%3D"]},"cookies":{"remember_web_59ba36addc2b2f9401580f014c7f58ea4e30989d":"eyJpdiI6IitGb2wvTkZVRnYxOWV1QmRobzBZSmc9PSIsInZhbHVlIjoiYm5KR29iQ0E0SmdxdUN5ZGJGQ2kyQmQvdU9ibWVMR0hoa1dIbzlIQzBaakZjM0NISjdqcXBDakpWd3RwYVZPM3Q0VXlJWWQzMWw1SkJoTmxmMzBScllBdWtvZk1VT1JYWWFPUUFWQ3ZzTkpZSndWaDczYVJBdWV1T3R0bjlmbXA3d0dlMDJWSm5sRXFnYk1pdGtuSlB2ZUF1aVVOT28zQVBrdmRXMk8wYXdPVDE4ZGs0UnNWclZVeW1tcUxQM0tqbEJ6ZVllZTBrSmdrWnRBM3BmTHNacnhORmFna1lXNm5IbW16VldMcnhKTT0iLCJtYWMiOiIyOWIyNjExYzIzY2RhZWI4MzdjMTMxZGY5MmU2NGI2MzIwMzc3Y2U4M2U1NTdjNTczMDg0ODA5YTJiNDhmYmQ1IiwidGFnIjoiIn0=","operator_client_id":"eyJpdiI6Ilc3UFBRTEhlKzBhdDkzT0wvOGJhcGc9PSIsInZhbHVlIjoiaHNXdzZYbCtNZ2ZFdUdyQjAzTG9idWxLVlZKNmZYMHE4STU2RFNKTmlobWhZSVNuN2dTcDhYK1BHOFRyRDU2SyIsIm1hYyI6IjU1ZjcyMTY0NWEzMDRhZGU5ZWUxNjlhNWUyYTBjYjI3NjJkZjYwODg4YjkxODVlNWQxMDFlNjY3Yjk3MTI4YzgiLCJ0YWciOiIifQ==","current_hotel_id":"eyJpdiI6ImpZL3BPMEI2eXIzUC9yR0daMlhhTEE9PSIsInZhbHVlIjoiS0FLc1hyd1I5ZFFvRk5QcEliUFhsS1c1YjlnNFk1VDZiVFdlak5INFhFTmhoUmo5UXlzY1ExZkpZTHpDSUEwayIsIm1hYyI6IjhjYTE0ZDEwNmNhNDBlNGRjZjlkYTYxZWNkMjA5OGUxODRiZGIwNDk3NTk3M2MxODE4Y2I5NjFiMTUxZmY1NmMiLCJ0YWciOiIifQ==","XSRF-TOKEN":"eyJpdiI6IkRIYnFDRnpaS3RmeXplbjNiUTVHVkE9PSIsInZhbHVlIjoiTklkV0ZvTTMxaEFjckFza09nV203QTh2L3gzSVd0QTMvT3BORS91RjE5a3JxUEV5NkltcS9EbVFKdGVhcmpIR2c1V2dvU3dCNEdpYzgvUnNIWlhBSUNkcktqcmg0UWw3WERyMDZSb0ovY2dWN1Z2c0pMR3NiZS9BbFZmS0RKNVciLCJtYWMiOiJiMTIxMWIzNjhlZjhmMWMzYWU2NDE3NTE5OTljMTBlZjQ1ZTFmNTc2Mzk0NTg2Y2Q2MTk3MzhlYTk4MDFmM2E0IiwidGFnIjoiIn0=","laravel-session":"eyJpdiI6Im5MR2NJVUY1ZHpRQmFGWGg5RE01a2c9PSIsInZhbHVlIjoiaG9mTy9IQmlBQkJwTGVFMWwrSDZJeWVqQnh1amZrRE9BRTkrSEJoaVRLKzB5NW1xdkV4K1dFY3M5NWdwc25CbThOaGhYeGVjUmRXajZRWG54TUwvaG5zMU5Xb3M4Y1B3c0pHTllFQXhTeVRQNkFTbi9xK2ROSkhoQ2Z4dW5LUGQiLCJtYWMiOiIwODIyYmNmNzFmZWY0MjMxY2FhNGNmNmNmNGEyZWUzNjA3NzZmYzMyMmMyNTVlNjFhZjk1NDE2NjdmNmM1ZTQzIiwidGFnIjoiIn0="}} 
[2025-12-02 13:08:29] local.INFO: LogRequests middleware called {"url":"http://localhost/api/auth/login","method":"POST","headers":{"host":["localhost"],"connection":["keep-alive"],"content-length":["52"],"sec-ch-ua-platform":["\"Windows\""],"user-agent":["Mozilla/5.0 (Windows NT 10.0; Win64; x64) AppleWebKit/537.36 (KHTML, like Gecko) Chrome/142.0.0.0 Safari/537.36"],"accept":["application/json"],"sec-ch-ua":["\"Chromium\";v=\"142\", \"Google Chrome\";v=\"142\", \"Not_A Brand\";v=\"99\""],"content-type":["application/json"],"sec-ch-ua-mobile":["?0"],"origin":["http://localhost"],"sec-fetch-site":["same-origin"],"sec-fetch-mode":["cors"],"sec-fetch-dest":["empty"],"referer":["http://localhost/"],"accept-encoding":["gzip, deflate, br, zstd"],"accept-language":["ru-RU,ru;q=0.9,en-US;q=0.8,en;q=0.7"],"cookie":["remember_web_59ba36addc2b2f9401580f014c7f58ea4e30989d=eyJpdiI6IitGb2wvTkZVRnYxOWV1QmRobzBZSmc9PSIsInZhbHVlIjoiYm5KR29iQ0E0SmdxdUN5ZGJGQ2kyQmQvdU9ibWVMR0hoa1dIbzlIQzBaakZjM0NISjdqcXBDakpWd3RwYVZPM3Q0VXlJWWQzMWw1SkJoTmxmMzBScllBdWtvZk1VT1JYWWFPUUFWQ3ZzTkpZSndWaDczYVJBdWV1T3R0bjlmbXA3d0dlMDJWSm5sRXFnYk1pdGtuSlB2ZUF1aVVOT28zQVBrdmRXMk8wYXdPVDE4ZGs0UnNWclZVeW1tcUxQM0tqbEJ6ZVllZTBrSmdrWnRBM3BmTHNacnhORmFna1lXNm5IbW16VldMcnhKTT0iLCJtYWMiOiIyOWIyNjExYzIzY2RhZWI4MzdjMTMxZGY5MmU2NGI2MzIwMzc3Y2U4M2U1NTdjNTczMDg0ODA5YTJiNDhmYmQ1IiwidGFnIjoiIn0%3D; operator_client_id=eyJpdiI6Ilc3UFBRTEhlKzBhdDkzT0wvOGJhcGc9PSIsInZhbHVlIjoiaHNXdzZYbCtNZ2ZFdUdyQjAzTG9idWxLVlZKNmZYMHE4STU2RFNKTmlobWhZSVNuN2dTcDhYK1BHOFRyRDU2SyIsIm1hYyI6IjU1ZjcyMTY0NWEzMDRhZGU5ZWUxNjlhNWUyYTBjYjI3NjJkZjYwODg4YjkxODVlNWQxMDFlNjY3Yjk3MTI4YzgiLCJ0YWciOiIifQ%3D%3D; current_hotel_id=eyJpdiI6ImpZL3BPMEI2eXIzUC9yR0daMlhhTEE9PSIsInZhbHVlIjoiS0FLc1hyd1I5ZFFvRk5QcEliUFhsS1c1YjlnNFk1VDZiVFdlak5INFhFTmhoUmo5UXlzY1ExZkpZTHpDSUEwayIsIm1hYyI6IjhjYTE0ZDEwNmNhNDBlNGRjZjlkYTYxZWNkMjA5OGUxODRiZGIwNDk3NTk3M2MxODE4Y2I5NjFiMTUxZmY1NmMiLCJ0YWciOiIifQ%3D%3D; XSRF-TOKEN=eyJpdiI6IkRIYnFDRnpaS3RmeXplbjNiUTVHVkE9PSIsInZhbHVlIjoiTklkV0ZvTTMxaEFjckFza09nV203QTh2L3gzSVd0QTMvT3BORS91RjE5a3JxUEV5NkltcS9EbVFKdGVhcmpIR2c1V2dvU3dCNEdpYzgvUnNIWlhBSUNkcktqcmg0UWw3WERyMDZSb0ovY2dWN1Z2c0pMR3NiZS9BbFZmS0RKNVciLCJtYWMiOiJiMTIxMWIzNjhlZjhmMWMzYWU2NDE3NTE5OTljMTBlZjQ1ZTFmNTc2Mzk0NTg2Y2Q2MTk3MzhlYTk4MDFmM2E0IiwidGFnIjoiIn0%3D; laravel-session=eyJpdiI6Im5MR2NJVUY1ZHpRQmFGWGg5RE01a2c9PSIsInZhbHVlIjoiaG9mTy9IQmlBQkJwTGVFMWwrSDZJeWVqQnh1amZrRE9BRTkrSEJoaVRLKzB5NW1xdkV4K1dFY3M5NWdwc25CbThOaGhYeGVjUmRXajZRWG54TUwvaG5zMU5Xb3M4Y1B3c0pHTllFQXhTeVRQNkFTbi9xK2ROSkhoQ2Z4dW5LUGQiLCJtYWMiOiIwODIyYmNmNzFmZWY0MjMxY2FhNGNmNmNmNGEyZWUzNjA3NzZmYzMyMmMyNTVlNjFhZjk1NDE2NjdmNmM1ZTQzIiwidGFnIjoiIn0%3D"]},"cookies":{"remember_web_59ba36addc2b2f9401580f014c7f58ea4e30989d":"eyJpdiI6IitGb2wvTkZVRnYxOWV1QmRobzBZSmc9PSIsInZhbHVlIjoiYm5KR29iQ0E0SmdxdUN5ZGJGQ2kyQmQvdU9ibWVMR0hoa1dIbzlIQzBaakZjM0NISjdqcXBDakpWd3RwYVZPM3Q0VXlJWWQzMWw1SkJoTmxmMzBScllBdWtvZk1VT1JYWWFPUUFWQ3ZzTkpZSndWaDczYVJBdWV1T3R0bjlmbXA3d0dlMDJWSm5sRXFnYk1pdGtuSlB2ZUF1aVVOT28zQVBrdmRXMk8wYXdPVDE4ZGs0UnNWclZVeW1tcUxQM0tqbEJ6ZVllZTBrSmdrWnRBM3BmTHNacnhORmFna1lXNm5IbW16VldMcnhKTT0iLCJtYWMiOiIyOWIyNjExYzIzY2RhZWI4MzdjMTMxZGY5MmU2NGI2MzIwMzc3Y2U4M2U1NTdjNTczMDg0ODA5YTJiNDhmYmQ1IiwidGFnIjoiIn0=","operator_client_id":"eyJpdiI6Ilc3UFBRTEhlKzBhdDkzT0wvOGJhcGc9PSIsInZhbHVlIjoiaHNXdzZYbCtNZ2ZFdUdyQjAzTG9idWxLVlZKNmZYMHE4STU2RFNKTmlobWhZSVNuN2dTcDhYK1BHOFRyRDU2SyIsIm1hYyI6IjU1ZjcyMTY0NWEzMDRhZGU5ZWUxNjlhNWUyYTBjYjI3NjJkZjYwODg4YjkxODVlNWQxMDFlNjY3Yjk3MTI4YzgiLCJ0YWciOiIifQ==","current_hotel_id":"eyJpdiI6ImpZL3BPMEI2eXIzUC9yR0daMlhhTEE9PSIsInZhbHVlIjoiS0FLc1hyd1I5ZFFvRk5QcEliUFhsS1c1YjlnNFk1VDZiVFdlak5INFhFTmhoUmo5UXlzY1ExZkpZTHpDSUEwayIsIm1hYyI6IjhjYTE0ZDEwNmNhNDBlNGRjZjlkYTYxZWNkMjA5OGUxODRiZGIwNDk3NTk3M2MxODE4Y2I5NjFiMTUxZmY1NmMiLCJ0YWciOiIifQ==","XSRF-TOKEN":"eyJpdiI6IkRIYnFDRnpaS3RmeXplbjNiUTVHVkE9PSIsInZhbHVlIjoiTklkV0ZvTTMxaEFjckFza09nV203QTh2L3gzSVd0QTMvT3BORS91RjE5a3JxUEV5NkltcS9EbVFKdGVhcmpIR2c1V2dvU3dCNEdpYzgvUnNIWlhBSUNkcktqcmg0UWw3WERyMDZSb0ovY2dWN1Z2c0pMR3NiZS9BbFZmS0RKNVciLCJtYWMiOiJiMTIxMWIzNjhlZjhmMWMzYWU2NDE3NTE5OTljMTBlZjQ1ZTFmNTc2Mzk0NTg2Y2Q2MTk3MzhlYTk4MDFmM2E0IiwidGFnIjoiIn0=","laravel-session":"eyJpdiI6Im5MR2NJVUY1ZHpRQmFGWGg5RE01a2c9PSIsInZhbHVlIjoiaG9mTy9IQmlBQkJwTGVFMWwrSDZJeWVqQnh1amZrRE9BRTkrSEJoaVRLKzB5NW1xdkV4K1dFY3M5NWdwc25CbThOaGhYeGVjUmRXajZRWG54TUwvaG5zMU5Xb3M4Y1B3c0pHTllFQXhTeVRQNkFTbi9xK2ROSkhoQ2Z4dW5LUGQiLCJtYWMiOiIwODIyYmNmNzFmZWY0MjMxY2FhNGNmNmNmNGEyZWUzNjA3NzZmYzMyMmMyNTVlNjFhZjk1NDE2NjdmNmM1ZTQzIiwidGFnIjoiIn0="}} 
[2025-12-02 13:29:26] local.INFO: LogRequests middleware called {"url":"http://localhost/api/auth/register","method":"POST","headers":{"host":["localhost"],"connection":["keep-alive"],"content-length":["103"],"sec-ch-ua-platform":["\"Windows\""],"user-agent":["Mozilla/5.0 (Windows NT 10.0; Win64; x64) AppleWebKit/537.36 (KHTML, like Gecko) Chrome/142.0.0.0 Safari/537.36"],"accept":["application/json"],"sec-ch-ua":["\"Chromium\";v=\"142\", \"Google Chrome\";v=\"142\", \"Not_A Brand\";v=\"99\""],"content-type":["application/json"],"sec-ch-ua-mobile":["?0"],"origin":["http://localhost"],"sec-fetch-site":["same-origin"],"sec-fetch-mode":["cors"],"sec-fetch-dest":["empty"],"referer":["http://localhost/"],"accept-encoding":["gzip, deflate, br, zstd"],"accept-language":["ru-RU,ru;q=0.9,en-US;q=0.8,en;q=0.7"],"cookie":["remember_web_59ba36addc2b2f9401580f014c7f58ea4e30989d=eyJpdiI6IitGb2wvTkZVRnYxOWV1QmRobzBZSmc9PSIsInZhbHVlIjoiYm5KR29iQ0E0SmdxdUN5ZGJGQ2kyQmQvdU9ibWVMR0hoa1dIbzlIQzBaakZjM0NISjdqcXBDakpWd3RwYVZPM3Q0VXlJWWQzMWw1SkJoTmxmMzBScllBdWtvZk1VT1JYWWFPUUFWQ3ZzTkpZSndWaDczYVJBdWV1T3R0bjlmbXA3d0dlMDJWSm5sRXFnYk1pdGtuSlB2ZUF1aVVOT28zQVBrdmRXMk8wYXdPVDE4ZGs0UnNWclZVeW1tcUxQM0tqbEJ6ZVllZTBrSmdrWnRBM3BmTHNacnhORmFna1lXNm5IbW16VldMcnhKTT0iLCJtYWMiOiIyOWIyNjExYzIzY2RhZWI4MzdjMTMxZGY5MmU2NGI2MzIwMzc3Y2U4M2U1NTdjNTczMDg0ODA5YTJiNDhmYmQ1IiwidGFnIjoiIn0%3D; operator_client_id=eyJpdiI6Ilc3UFBRTEhlKzBhdDkzT0wvOGJhcGc9PSIsInZhbHVlIjoiaHNXdzZYbCtNZ2ZFdUdyQjAzTG9idWxLVlZKNmZYMHE4STU2RFNKTmlobWhZSVNuN2dTcDhYK1BHOFRyRDU2SyIsIm1hYyI6IjU1ZjcyMTY0NWEzMDRhZGU5ZWUxNjlhNWUyYTBjYjI3NjJkZjYwODg4YjkxODVlNWQxMDFlNjY3Yjk3MTI4YzgiLCJ0YWciOiIifQ%3D%3D; current_hotel_id=eyJpdiI6ImpZL3BPMEI2eXIzUC9yR0daMlhhTEE9PSIsInZhbHVlIjoiS0FLc1hyd1I5ZFFvRk5QcEliUFhsS1c1YjlnNFk1VDZiVFdlak5INFhFTmhoUmo5UXlzY1ExZkpZTHpDSUEwayIsIm1hYyI6IjhjYTE0ZDEwNmNhNDBlNGRjZjlkYTYxZWNkMjA5OGUxODRiZGIwNDk3NTk3M2MxODE4Y2I5NjFiMTUxZmY1NmMiLCJ0YWciOiIifQ%3D%3D; XSRF-TOKEN=eyJpdiI6ImNQbmJBTWhNMk1vMnBuOVJQeWY2Z3c9PSIsInZhbHVlIjoiRi9xR3YwR1NMbDNvWjE3TVBxM25YTkgwcW1DVmFFdVNtWm91bXFoeWJpenhONjYxb1hIamtWUi9KVkR2UEIzMWw3cHVzS2habTZlYzNuR1VrOTdlcUxXZFlWSWhOSHFDZzk4bzN5WkRqb2N0UUQ0Z0dYQjBoanpDWjJFd3ZqeDIiLCJtYWMiOiI5MjkwYzI1N2UyNTlmZmYwNTliMzNhMWNkMDFkOTcyOWU1NWYyZWQ3NTMyYTFkZjk1MzdlNjI2MTNhMzAxNTNjIiwidGFnIjoiIn0%3D; laravel-session=eyJpdiI6ImhLU0kyWmtZc0k0OHpPaEtpTzNrNXc9PSIsInZhbHVlIjoiTUEvOXFELzBJSVVkVWlMdzIwSmNSQUJ1c3lzTlF0cHRKcVRaTmZnNHdIZTNJZjlnNEsycWpWdjJFMkY2UEhqSGJvVEtzSmY5M2JOWHd3c25IVFZyTmsyNXRlOWhGN1RnWlh3Mk5TaFk4MnZmNkRBMXh2amw4Z3pnM0hzTVpyajMiLCJtYWMiOiJlNTljMDIzYWI5ODJiNTc5MmViMzlmOTI2NDBhNzZmZTBjZGMzZjFkZjYyY2I3Y2M0Mzg0YzlkY2NjYjIwMzI0IiwidGFnIjoiIn0%3D"]},"cookies":{"remember_web_59ba36addc2b2f9401580f014c7f58ea4e30989d":"eyJpdiI6IitGb2wvTkZVRnYxOWV1QmRobzBZSmc9PSIsInZhbHVlIjoiYm5KR29iQ0E0SmdxdUN5ZGJGQ2kyQmQvdU9ibWVMR0hoa1dIbzlIQzBaakZjM0NISjdqcXBDakpWd3RwYVZPM3Q0VXlJWWQzMWw1SkJoTmxmMzBScllBdWtvZk1VT1JYWWFPUUFWQ3ZzTkpZSndWaDczYVJBdWV1T3R0bjlmbXA3d0dlMDJWSm5sRXFnYk1pdGtuSlB2ZUF1aVVOT28zQVBrdmRXMk8wYXdPVDE4ZGs0UnNWclZVeW1tcUxQM0tqbEJ6ZVllZTBrSmdrWnRBM3BmTHNacnhORmFna1lXNm5IbW16VldMcnhKTT0iLCJtYWMiOiIyOWIyNjExYzIzY2RhZWI4MzdjMTMxZGY5MmU2NGI2MzIwMzc3Y2U4M2U1NTdjNTczMDg0ODA5YTJiNDhmYmQ1IiwidGFnIjoiIn0=","operator_client_id":"eyJpdiI6Ilc3UFBRTEhlKzBhdDkzT0wvOGJhcGc9PSIsInZhbHVlIjoiaHNXdzZYbCtNZ2ZFdUdyQjAzTG9idWxLVlZKNmZYMHE4STU2RFNKTmlobWhZSVNuN2dTcDhYK1BHOFRyRDU2SyIsIm1hYyI6IjU1ZjcyMTY0NWEzMDRhZGU5ZWUxNjlhNWUyYTBjYjI3NjJkZjYwODg4YjkxODVlNWQxMDFlNjY3Yjk3MTI4YzgiLCJ0YWciOiIifQ==","current_hotel_id":"eyJpdiI6ImpZL3BPMEI2eXIzUC9yR0daMlhhTEE9PSIsInZhbHVlIjoiS0FLc1hyd1I5ZFFvRk5QcEliUFhsS1c1YjlnNFk1VDZiVFdlak5INFhFTmhoUmo5UXlzY1ExZkpZTHpDSUEwayIsIm1hYyI6IjhjYTE0ZDEwNmNhNDBlNGRjZjlkYTYxZWNkMjA5OGUxODRiZGIwNDk3NTk3M2MxODE4Y2I5NjFiMTUxZmY1NmMiLCJ0YWciOiIifQ==","XSRF-TOKEN":"eyJpdiI6ImNQbmJBTWhNMk1vMnBuOVJQeWY2Z3c9PSIsInZhbHVlIjoiRi9xR3YwR1NMbDNvWjE3TVBxM25YTkgwcW1DVmFFdVNtWm91bXFoeWJpenhONjYxb1hIamtWUi9KVkR2UEIzMWw3cHVzS2habTZlYzNuR1VrOTdlcUxXZFlWSWhOSHFDZzk4bzN5WkRqb2N0UUQ0Z0dYQjBoanpDWjJFd3ZqeDIiLCJtYWMiOiI5MjkwYzI1N2UyNTlmZmYwNTliMzNhMWNkMDFkOTcyOWU1NWYyZWQ3NTMyYTFkZjk1MzdlNjI2MTNhMzAxNTNjIiwidGFnIjoiIn0=","laravel-session":"eyJpdiI6ImhLU0kyWmtZc0k0OHpPaEtpTzNrNXc9PSIsInZhbHVlIjoiTUEvOXFELzBJSVVkVWlMdzIwSmNSQUJ1c3lzTlF0cHRKcVRaTmZnNHdIZTNJZjlnNEsycWpWdjJFMkY2UEhqSGJvVEtzSmY5M2JOWHd3c25IVFZyTmsyNXRlOWhGN1RnWlh3Mk5TaFk4MnZmNkRBMXh2amw4Z3pnM0hzTVpyajMiLCJtYWMiOiJlNTljMDIzYWI5ODJiNTc5MmViMzlmOTI2NDBhNzZmZTBjZGMzZjFkZjYyY2I3Y2M0Mzg0YzlkY2NjYjIwMzI0IiwidGFnIjoiIn0="}} 
[2025-12-02 14:24:10] local.INFO: LogRequests middleware called {"url":"http://localhost/api/auth/login","method":"POST","headers":{"host":["localhost"],"connection":["keep-alive"],"content-length":["52"],"sec-ch-ua-platform":["\"Windows\""],"user-agent":["Mozilla/5.0 (Windows NT 10.0; Win64; x64) AppleWebKit/537.36 (KHTML, like Gecko) Chrome/142.0.0.0 Safari/537.36"],"accept":["application/json"],"sec-ch-ua":["\"Chromium\";v=\"142\", \"Google Chrome\";v=\"142\", \"Not_A Brand\";v=\"99\""],"content-type":["application/json"],"sec-ch-ua-mobile":["?0"],"origin":["http://localhost"],"sec-fetch-site":["same-origin"],"sec-fetch-mode":["cors"],"sec-fetch-dest":["empty"],"referer":["http://localhost/"],"accept-encoding":["gzip, deflate, br, zstd"],"accept-language":["ru-RU,ru;q=0.9,en-US;q=0.8,en;q=0.7"],"cookie":["remember_web_59ba36addc2b2f9401580f014c7f58ea4e30989d=eyJpdiI6IitGb2wvTkZVRnYxOWV1QmRobzBZSmc9PSIsInZhbHVlIjoiYm5KR29iQ0E0SmdxdUN5ZGJGQ2kyQmQvdU9ibWVMR0hoa1dIbzlIQzBaakZjM0NISjdqcXBDakpWd3RwYVZPM3Q0VXlJWWQzMWw1SkJoTmxmMzBScllBdWtvZk1VT1JYWWFPUUFWQ3ZzTkpZSndWaDczYVJBdWV1T3R0bjlmbXA3d0dlMDJWSm5sRXFnYk1pdGtuSlB2ZUF1aVVOT28zQVBrdmRXMk8wYXdPVDE4ZGs0UnNWclZVeW1tcUxQM0tqbEJ6ZVllZTBrSmdrWnRBM3BmTHNacnhORmFna1lXNm5IbW16VldMcnhKTT0iLCJtYWMiOiIyOWIyNjExYzIzY2RhZWI4MzdjMTMxZGY5MmU2NGI2MzIwMzc3Y2U4M2U1NTdjNTczMDg0ODA5YTJiNDhmYmQ1IiwidGFnIjoiIn0%3D; operator_client_id=eyJpdiI6Ilc3UFBRTEhlKzBhdDkzT0wvOGJhcGc9PSIsInZhbHVlIjoiaHNXdzZYbCtNZ2ZFdUdyQjAzTG9idWxLVlZKNmZYMHE4STU2RFNKTmlobWhZSVNuN2dTcDhYK1BHOFRyRDU2SyIsIm1hYyI6IjU1ZjcyMTY0NWEzMDRhZGU5ZWUxNjlhNWUyYTBjYjI3NjJkZjYwODg4YjkxODVlNWQxMDFlNjY3Yjk3MTI4YzgiLCJ0YWciOiIifQ%3D%3D; current_hotel_id=eyJpdiI6ImpZL3BPMEI2eXIzUC9yR0daMlhhTEE9PSIsInZhbHVlIjoiS0FLc1hyd1I5ZFFvRk5QcEliUFhsS1c1YjlnNFk1VDZiVFdlak5INFhFTmhoUmo5UXlzY1ExZkpZTHpDSUEwayIsIm1hYyI6IjhjYTE0ZDEwNmNhNDBlNGRjZjlkYTYxZWNkMjA5OGUxODRiZGIwNDk3NTk3M2MxODE4Y2I5NjFiMTUxZmY1NmMiLCJ0YWciOiIifQ%3D%3D; XSRF-TOKEN=eyJpdiI6InRyNzZrTUZpanVuSDRLV3Rkb0M5NWc9PSIsInZhbHVlIjoiMHRYbHV2N2tiQ1lFenFWQkI3M3pGMHNBSk11YTliYURKd2NmTU9XMVpxeDY4QjFDOFNsTzlReXFsc1VLb1YybWkxM2xQRll2ZDRiMFREenBCT1puV2hKMkxYcWdFd212R0Rqei9YcmdpUmNLbGNJOXZrSVV1NTZ6S3dXQ1RvVnkiLCJtYWMiOiIxMDI2MGViZmIzNTYxM2U5M2Q1NTJiZWE3MzIyOGMzZGQ3NjI2ODY3NmE0MzQ2NGZjOWFiOTIwZWE0MGI2OWJlIiwidGFnIjoiIn0%3D; laravel-session=eyJpdiI6IjcvYTk0L0JxN081N1FmZnAzNW9BblE9PSIsInZhbHVlIjoidHdxbjJET1lmNlQybzU4L3pUOGdBdWFKS2N2QTVUSjhid2JtcDNxYzVZVjIrVmEreHJLaG9KdTVuOEljWVdCa29qSDV2SWVRbmd6RC9GaU8wSmcxWnZYVkRXa2RlN2xneXlxc0ZJYUNIMmFIdjRBTXYxVmFWVnZFdmZVMUtNVnMiLCJtYWMiOiJlNDk2OGE3M2MwMzc0MjFkODVjY2U3NTMzMjg3Nzg2NGUwMmU2OTkzZTVhZTUzMzg0ZGQ3MzczZDQwZDM5ZTVlIiwidGFnIjoiIn0%3D"]},"cookies":{"remember_web_59ba36addc2b2f9401580f014c7f58ea4e30989d":"eyJpdiI6IitGb2wvTkZVRnYxOWV1QmRobzBZSmc9PSIsInZhbHVlIjoiYm5KR29iQ0E0SmdxdUN5ZGJGQ2kyQmQvdU9ibWVMR0hoa1dIbzlIQzBaakZjM0NISjdqcXBDakpWd3RwYVZPM3Q0VXlJWWQzMWw1SkJoTmxmMzBScllBdWtvZk1VT1JYWWFPUUFWQ3ZzTkpZSndWaDczYVJBdWV1T3R0bjlmbXA3d0dlMDJWSm5sRXFnYk1pdGtuSlB2ZUF1aVVOT28zQVBrdmRXMk8wYXdPVDE4ZGs0UnNWclZVeW1tcUxQM0tqbEJ6ZVllZTBrSmdrWnRBM3BmTHNacnhORmFna1lXNm5IbW16VldMcnhKTT0iLCJtYWMiOiIyOWIyNjExYzIzY2RhZWI4MzdjMTMxZGY5MmU2NGI2MzIwMzc3Y2U4M2U1NTdjNTczMDg0ODA5YTJiNDhmYmQ1IiwidGFnIjoiIn0=","operator_client_id":"eyJpdiI6Ilc3UFBRTEhlKzBhdDkzT0wvOGJhcGc9PSIsInZhbHVlIjoiaHNXdzZYbCtNZ2ZFdUdyQjAzTG9idWxLVlZKNmZYMHE4STU2RFNKTmlobWhZSVNuN2dTcDhYK1BHOFRyRDU2SyIsIm1hYyI6IjU1ZjcyMTY0NWEzMDRhZGU5ZWUxNjlhNWUyYTBjYjI3NjJkZjYwODg4YjkxODVlNWQxMDFlNjY3Yjk3MTI4YzgiLCJ0YWciOiIifQ==","current_hotel_id":"eyJpdiI6ImpZL3BPMEI2eXIzUC9yR0daMlhhTEE9PSIsInZhbHVlIjoiS0FLc1hyd1I5ZFFvRk5QcEliUFhsS1c1YjlnNFk1VDZiVFdlak5INFhFTmhoUmo5UXlzY1ExZkpZTHpDSUEwayIsIm1hYyI6IjhjYTE0ZDEwNmNhNDBlNGRjZjlkYTYxZWNkMjA5OGUxODRiZGIwNDk3NTk3M2MxODE4Y2I5NjFiMTUxZmY1NmMiLCJ0YWciOiIifQ==","XSRF-TOKEN":"eyJpdiI6InRyNzZrTUZpanVuSDRLV3Rkb0M5NWc9PSIsInZhbHVlIjoiMHRYbHV2N2tiQ1lFenFWQkI3M3pGMHNBSk11YTliYURKd2NmTU9XMVpxeDY4QjFDOFNsTzlReXFsc1VLb1YybWkxM2xQRll2ZDRiMFREenBCT1puV2hKMkxYcWdFd212R0Rqei9YcmdpUmNLbGNJOXZrSVV1NTZ6S3dXQ1RvVnkiLCJtYWMiOiIxMDI2MGViZmIzNTYxM2U5M2Q1NTJiZWE3MzIyOGMzZGQ3NjI2ODY3NmE0MzQ2NGZjOWFiOTIwZWE0MGI2OWJlIiwidGFnIjoiIn0=","laravel-session":"eyJpdiI6IjcvYTk0L0JxN081N1FmZnAzNW9BblE9PSIsInZhbHVlIjoidHdxbjJET1lmNlQybzU4L3pUOGdBdWFKS2N2QTVUSjhid2JtcDNxYzVZVjIrVmEreHJLaG9KdTVuOEljWVdCa29qSDV2SWVRbmd6RC9GaU8wSmcxWnZYVkRXa2RlN2xneXlxc0ZJYUNIMmFIdjRBTXYxVmFWVnZFdmZVMUtNVnMiLCJtYWMiOiJlNDk2OGE3M2MwMzc0MjFkODVjY2U3NTMzMjg3Nzg2NGUwMmU2OTkzZTVhZTUzMzg0ZGQ3MzczZDQwZDM5ZTVlIiwidGFnIjoiIn0="}} 
[2025-12-02 14:48:18] local.INFO: LogRequests middleware called {"url":"http://localhost/api/auth/login","method":"POST","headers":{"host":["localhost"],"connection":["keep-alive"],"content-length":["52"],"sec-ch-ua-platform":["\"Windows\""],"user-agent":["Mozilla/5.0 (Windows NT 10.0; Win64; x64) AppleWebKit/537.36 (KHTML, like Gecko) Chrome/142.0.0.0 Safari/537.36"],"accept":["application/json"],"sec-ch-ua":["\"Chromium\";v=\"142\", \"Google Chrome\";v=\"142\", \"Not_A Brand\";v=\"99\""],"content-type":["application/json"],"sec-ch-ua-mobile":["?0"],"origin":["http://localhost"],"sec-fetch-site":["same-origin"],"sec-fetch-mode":["cors"],"sec-fetch-dest":["empty"],"referer":["http://localhost/"],"accept-encoding":["gzip, deflate, br, zstd"],"accept-language":["ru-RU,ru;q=0.9,en-US;q=0.8,en;q=0.7"],"cookie":["remember_web_59ba36addc2b2f9401580f014c7f58ea4e30989d=eyJpdiI6IitGb2wvTkZVRnYxOWV1QmRobzBZSmc9PSIsInZhbHVlIjoiYm5KR29iQ0E0SmdxdUN5ZGJGQ2kyQmQvdU9ibWVMR0hoa1dIbzlIQzBaakZjM0NISjdqcXBDakpWd3RwYVZPM3Q0VXlJWWQzMWw1SkJoTmxmMzBScllBdWtvZk1VT1JYWWFPUUFWQ3ZzTkpZSndWaDczYVJBdWV1T3R0bjlmbXA3d0dlMDJWSm5sRXFnYk1pdGtuSlB2ZUF1aVVOT28zQVBrdmRXMk8wYXdPVDE4ZGs0UnNWclZVeW1tcUxQM0tqbEJ6ZVllZTBrSmdrWnRBM3BmTHNacnhORmFna1lXNm5IbW16VldMcnhKTT0iLCJtYWMiOiIyOWIyNjExYzIzY2RhZWI4MzdjMTMxZGY5MmU2NGI2MzIwMzc3Y2U4M2U1NTdjNTczMDg0ODA5YTJiNDhmYmQ1IiwidGFnIjoiIn0%3D; operator_client_id=eyJpdiI6Ilc3UFBRTEhlKzBhdDkzT0wvOGJhcGc9PSIsInZhbHVlIjoiaHNXdzZYbCtNZ2ZFdUdyQjAzTG9idWxLVlZKNmZYMHE4STU2RFNKTmlobWhZSVNuN2dTcDhYK1BHOFRyRDU2SyIsIm1hYyI6IjU1ZjcyMTY0NWEzMDRhZGU5ZWUxNjlhNWUyYTBjYjI3NjJkZjYwODg4YjkxODVlNWQxMDFlNjY3Yjk3MTI4YzgiLCJ0YWciOiIifQ%3D%3D; current_hotel_id=eyJpdiI6ImpZL3BPMEI2eXIzUC9yR0daMlhhTEE9PSIsInZhbHVlIjoiS0FLc1hyd1I5ZFFvRk5QcEliUFhsS1c1YjlnNFk1VDZiVFdlak5INFhFTmhoUmo5UXlzY1ExZkpZTHpDSUEwayIsIm1hYyI6IjhjYTE0ZDEwNmNhNDBlNGRjZjlkYTYxZWNkMjA5OGUxODRiZGIwNDk3NTk3M2MxODE4Y2I5NjFiMTUxZmY1NmMiLCJ0YWciOiIifQ%3D%3D; XSRF-TOKEN=eyJpdiI6ImY1V1loUU5JeFNiU1VYYjNkWmRNU2c9PSIsInZhbHVlIjoiZXB6ZnhZZWJtT0ZpMEZqc2IyQVI4Vktad3UzM0w4NnNlQ1hieG9vRHZrUlpWNmFvdjdaTzA1YUt5YUFqV2lHdDMxSEJvZlF1WDdrbHhaYkVuald3b2RTNnQ0RTFwWHdRaUtoK25CbUtXZWNFNlIzZ1drMkVXNnk2Qmx1SCsyWDEiLCJtYWMiOiI4NjA5YTEwOTM2NjA1MTIxYTAxN2ZjNzA4ZjkwN2Y0ZTUwM2Q5ZTM1NDdmNTNkZWQzMDAyMDM5ZTQyMDdmZjFlIiwidGFnIjoiIn0%3D; laravel-session=eyJpdiI6IjJweklDM1JTRVF0UUxCMlViZ2ZmWkE9PSIsInZhbHVlIjoielc0YnhkZG5GT2pwRmRCbHFVYnRzMS9BUnY2LzZYU2UzRmdNS3FRclRPZ1VyMG40VnNLVlB6eU9ialhCUjQ0Nmh0Vllob3lwaWpXOTZFM3lyWVpzQmVvaGVPclRST0Y4cDZlN1J1R2FacWdJdXIzejQ4am41SGk5SlpuVlQwTzgiLCJtYWMiOiJhMTM3ZTUyODJiNjk3ZjUyMzkzYzFhMTk3YjBmMjY1NjVjY2VjMmM4MWJiNjlhZTRlZDNkMDcyZTZkMGM2Y2RjIiwidGFnIjoiIn0%3D"]},"cookies":{"remember_web_59ba36addc2b2f9401580f014c7f58ea4e30989d":"eyJpdiI6IitGb2wvTkZVRnYxOWV1QmRobzBZSmc9PSIsInZhbHVlIjoiYm5KR29iQ0E0SmdxdUN5ZGJGQ2kyQmQvdU9ibWVMR0hoa1dIbzlIQzBaakZjM0NISjdqcXBDakpWd3RwYVZPM3Q0VXlJWWQzMWw1SkJoTmxmMzBScllBdWtvZk1VT1JYWWFPUUFWQ3ZzTkpZSndWaDczYVJBdWV1T3R0bjlmbXA3d0dlMDJWSm5sRXFnYk1pdGtuSlB2ZUF1aVVOT28zQVBrdmRXMk8wYXdPVDE4ZGs0UnNWclZVeW1tcUxQM0tqbEJ6ZVllZTBrSmdrWnRBM3BmTHNacnhORmFna1lXNm5IbW16VldMcnhKTT0iLCJtYWMiOiIyOWIyNjExYzIzY2RhZWI4MzdjMTMxZGY5MmU2NGI2MzIwMzc3Y2U4M2U1NTdjNTczMDg0ODA5YTJiNDhmYmQ1IiwidGFnIjoiIn0=","operator_client_id":"eyJpdiI6Ilc3UFBRTEhlKzBhdDkzT0wvOGJhcGc9PSIsInZhbHVlIjoiaHNXdzZYbCtNZ2ZFdUdyQjAzTG9idWxLVlZKNmZYMHE4STU2RFNKTmlobWhZSVNuN2dTcDhYK1BHOFRyRDU2SyIsIm1hYyI6IjU1ZjcyMTY0NWEzMDRhZGU5ZWUxNjlhNWUyYTBjYjI3NjJkZjYwODg4YjkxODVlNWQxMDFlNjY3Yjk3MTI4YzgiLCJ0YWciOiIifQ==","current_hotel_id":"eyJpdiI6ImpZL3BPMEI2eXIzUC9yR0daMlhhTEE9PSIsInZhbHVlIjoiS0FLc1hyd1I5ZFFvRk5QcEliUFhsS1c1YjlnNFk1VDZiVFdlak5INFhFTmhoUmo5UXlzY1ExZkpZTHpDSUEwayIsIm1hYyI6IjhjYTE0ZDEwNmNhNDBlNGRjZjlkYTYxZWNkMjA5OGUxODRiZGIwNDk3NTk3M2MxODE4Y2I5NjFiMTUxZmY1NmMiLCJ0YWciOiIifQ==","XSRF-TOKEN":"eyJpdiI6ImY1V1loUU5JeFNiU1VYYjNkWmRNU2c9PSIsInZhbHVlIjoiZXB6ZnhZZWJtT0ZpMEZqc2IyQVI4Vktad3UzM0w4NnNlQ1hieG9vRHZrUlpWNmFvdjdaTzA1YUt5YUFqV2lHdDMxSEJvZlF1WDdrbHhaYkVuald3b2RTNnQ0RTFwWHdRaUtoK25CbUtXZWNFNlIzZ1drMkVXNnk2Qmx1SCsyWDEiLCJtYWMiOiI4NjA5YTEwOTM2NjA1MTIxYTAxN2ZjNzA4ZjkwN2Y0ZTUwM2Q5ZTM1NDdmNTNkZWQzMDAyMDM5ZTQyMDdmZjFlIiwidGFnIjoiIn0=","laravel-session":"eyJpdiI6IjJweklDM1JTRVF0UUxCMlViZ2ZmWkE9PSIsInZhbHVlIjoielc0YnhkZG5GT2pwRmRCbHFVYnRzMS9BUnY2LzZYU2UzRmdNS3FRclRPZ1VyMG40VnNLVlB6eU9ialhCUjQ0Nmh0Vllob3lwaWpXOTZFM3lyWVpzQmVvaGVPclRST0Y4cDZlN1J1R2FacWdJdXIzejQ4am41SGk5SlpuVlQwTzgiLCJtYWMiOiJhMTM3ZTUyODJiNjk3ZjUyMzkzYzFhMTk3YjBmMjY1NjVjY2VjMmM4MWJiNjlhZTRlZDNkMDcyZTZkMGM2Y2RjIiwidGFnIjoiIn0="}} 
[2025-12-03 12:16:21] local.INFO: LogRequests middleware called {"url":"http://localhost/api/auth/login","method":"POST","headers":{"host":["localhost"],"connection":["keep-alive"],"content-length":["0"],"sec-ch-ua-platform":["\"Windows\""],"authorization":["Bearer 4|EoyZ5RfhwzlfmqI5okvcLCUuJrPCFCFx1lOInYdM547482ba"],"user-agent":["Mozilla/5.0 (Windows NT 10.0; Win64; x64) AppleWebKit/537.36 (KHTML, like Gecko) Chrome/142.0.0.0 Safari/537.36"],"accept":["application/json"],"sec-ch-ua":["\"Chromium\";v=\"142\", \"Google Chrome\";v=\"142\", \"Not_A Brand\";v=\"99\""],"content-type":["application/json"],"sec-ch-ua-mobile":["?0"],"origin":["http://localhost"],"sec-fetch-site":["same-origin"],"sec-fetch-mode":["cors"],"sec-fetch-dest":["empty"],"referer":["http://localhost/"],"accept-encoding":["gzip, deflate, br, zstd"],"accept-language":["ru-RU,ru;q=0.9,en-US;q=0.8,en;q=0.7"],"cookie":["remember_web_59ba36addc2b2f9401580f014c7f58ea4e30989d=eyJpdiI6IitGb2wvTkZVRnYxOWV1QmRobzBZSmc9PSIsInZhbHVlIjoiYm5KR29iQ0E0SmdxdUN5ZGJGQ2kyQmQvdU9ibWVMR0hoa1dIbzlIQzBaakZjM0NISjdqcXBDakpWd3RwYVZPM3Q0VXlJWWQzMWw1SkJoTmxmMzBScllBdWtvZk1VT1JYWWFPUUFWQ3ZzTkpZSndWaDczYVJBdWV1T3R0bjlmbXA3d0dlMDJWSm5sRXFnYk1pdGtuSlB2ZUF1aVVOT28zQVBrdmRXMk8wYXdPVDE4ZGs0UnNWclZVeW1tcUxQM0tqbEJ6ZVllZTBrSmdrWnRBM3BmTHNacnhORmFna1lXNm5IbW16VldMcnhKTT0iLCJtYWMiOiIyOWIyNjExYzIzY2RhZWI4MzdjMTMxZGY5MmU2NGI2MzIwMzc3Y2U4M2U1NTdjNTczMDg0ODA5YTJiNDhmYmQ1IiwidGFnIjoiIn0%3D; operator_client_id=eyJpdiI6Ilc3UFBRTEhlKzBhdDkzT0wvOGJhcGc9PSIsInZhbHVlIjoiaHNXdzZYbCtNZ2ZFdUdyQjAzTG9idWxLVlZKNmZYMHE4STU2RFNKTmlobWhZSVNuN2dTcDhYK1BHOFRyRDU2SyIsIm1hYyI6IjU1ZjcyMTY0NWEzMDRhZGU5ZWUxNjlhNWUyYTBjYjI3NjJkZjYwODg4YjkxODVlNWQxMDFlNjY3Yjk3MTI4YzgiLCJ0YWciOiIifQ%3D%3D; current_hotel_id=eyJpdiI6ImpZL3BPMEI2eXIzUC9yR0daMlhhTEE9PSIsInZhbHVlIjoiS0FLc1hyd1I5ZFFvRk5QcEliUFhsS1c1YjlnNFk1VDZiVFdlak5INFhFTmhoUmo5UXlzY1ExZkpZTHpDSUEwayIsIm1hYyI6IjhjYTE0ZDEwNmNhNDBlNGRjZjlkYTYxZWNkMjA5OGUxODRiZGIwNDk3NTk3M2MxODE4Y2I5NjFiMTUxZmY1NmMiLCJ0YWciOiIifQ%3D%3D; XSRF-TOKEN=eyJpdiI6IitZQlRYaXc0bUExVHBhcUpwWTUwc3c9PSIsInZhbHVlIjoiaDNQc3JTcHJ1YXVQaWZRZkV2OFZoNEIybnpMcDBBVis3UFpYK1daNy9yQURZTkxFR0I3TGU3cFVLNkRZeE54ZTBWS282SzE0bUdvZ3lKcStyUWpUYnIvZi9kVjZmcGhnUUFEK2ZKMWErZG1kZWM1aExRc0pScmFncVovenhpSXIiLCJtYWMiOiJmZGE3NDkxMjY1ODk1ZjUzNDAyZjlmZDlkZDI1ZWEwNzQ3NjdlNTU3OWZmZjNlMjFkZTViZDA5MjYyYTE0ZGM2IiwidGFnIjoiIn0%3D; laravel-session=eyJpdiI6ImFFa3hoTE9KeFBPVnFjNm1zTS8zYUE9PSIsInZhbHVlIjoiWTJ2eHRqZU1lcUVzSk5vdzR2c0JmZlZ3NGxGczZxeXo4dG5mOVR6VnM1WmszZkljWFVIaTRBZGRsZUtWZHBqcnc1ajROSzNrMm1zMHhiY3VabXpRMHdKUjJvL2E3SGNXNUo2dzh1VWZkeGhQWjdLWEkzUlhreW1sV2xoVVFWZEciLCJtYWMiOiI5YWI2NTdhYzE4ZGU2M2JmNDE2M2U1NGQwNzQ4NDNlNmU2ZTExNzhlMjAzYzdhY2QxNTc5NjJmZDJmYmMyMzZlIiwidGFnIjoiIn0%3D"]},"cookies":{"remember_web_59ba36addc2b2f9401580f014c7f58ea4e30989d":"eyJpdiI6IitGb2wvTkZVRnYxOWV1QmRobzBZSmc9PSIsInZhbHVlIjoiYm5KR29iQ0E0SmdxdUN5ZGJGQ2kyQmQvdU9ibWVMR0hoa1dIbzlIQzBaakZjM0NISjdqcXBDakpWd3RwYVZPM3Q0VXlJWWQzMWw1SkJoTmxmMzBScllBdWtvZk1VT1JYWWFPUUFWQ3ZzTkpZSndWaDczYVJBdWV1T3R0bjlmbXA3d0dlMDJWSm5sRXFnYk1pdGtuSlB2ZUF1aVVOT28zQVBrdmRXMk8wYXdPVDE4ZGs0UnNWclZVeW1tcUxQM0tqbEJ6ZVllZTBrSmdrWnRBM3BmTHNacnhORmFna1lXNm5IbW16VldMcnhKTT0iLCJtYWMiOiIyOWIyNjExYzIzY2RhZWI4MzdjMTMxZGY5MmU2NGI2MzIwMzc3Y2U4M2U1NTdjNTczMDg0ODA5YTJiNDhmYmQ1IiwidGFnIjoiIn0=","operator_client_id":"eyJpdiI6Ilc3UFBRTEhlKzBhdDkzT0wvOGJhcGc9PSIsInZhbHVlIjoiaHNXdzZYbCtNZ2ZFdUdyQjAzTG9idWxLVlZKNmZYMHE4STU2RFNKTmlobWhZSVNuN2dTcDhYK1BHOFRyRDU2SyIsIm1hYyI6IjU1ZjcyMTY0NWEzMDRhZGU5ZWUxNjlhNWUyYTBjYjI3NjJkZjYwODg4YjkxODVlNWQxMDFlNjY3Yjk3MTI4YzgiLCJ0YWciOiIifQ==","current_hotel_id":"eyJpdiI6ImpZL3BPMEI2eXIzUC9yR0daMlhhTEE9PSIsInZhbHVlIjoiS0FLc1hyd1I5ZFFvRk5QcEliUFhsS1c1YjlnNFk1VDZiVFdlak5INFhFTmhoUmo5UXlzY1ExZkpZTHpDSUEwayIsIm1hYyI6IjhjYTE0ZDEwNmNhNDBlNGRjZjlkYTYxZWNkMjA5OGUxODRiZGIwNDk3NTk3M2MxODE4Y2I5NjFiMTUxZmY1NmMiLCJ0YWciOiIifQ==","XSRF-TOKEN":"eyJpdiI6IitZQlRYaXc0bUExVHBhcUpwWTUwc3c9PSIsInZhbHVlIjoiaDNQc3JTcHJ1YXVQaWZRZkV2OFZoNEIybnpMcDBBVis3UFpYK1daNy9yQURZTkxFR0I3TGU3cFVLNkRZeE54ZTBWS282SzE0bUdvZ3lKcStyUWpUYnIvZi9kVjZmcGhnUUFEK2ZKMWErZG1kZWM1aExRc0pScmFncVovenhpSXIiLCJtYWMiOiJmZGE3NDkxMjY1ODk1ZjUzNDAyZjlmZDlkZDI1ZWEwNzQ3NjdlNTU3OWZmZjNlMjFkZTViZDA5MjYyYTE0ZGM2IiwidGFnIjoiIn0=","laravel-session":"eyJpdiI6ImFFa3hoTE9KeFBPVnFjNm1zTS8zYUE9PSIsInZhbHVlIjoiWTJ2eHRqZU1lcUVzSk5vdzR2c0JmZlZ3NGxGczZxeXo4dG5mOVR6VnM1WmszZkljWFVIaTRBZGRsZUtWZHBqcnc1ajROSzNrMm1zMHhiY3VabXpRMHdKUjJvL2E3SGNXNUo2dzh1VWZkeGhQWjdLWEkzUlhreW1sV2xoVVFWZEciLCJtYWMiOiI5YWI2NTdhYzE4ZGU2M2JmNDE2M2U1NGQwNzQ4NDNlNmU2ZTExNzhlMjAzYzdhY2QxNTc5NjJmZDJmYmMyMzZlIiwidGFnIjoiIn0="}} 
[2025-12-03 12:16:37] local.INFO: LogRequests middleware called {"url":"http://localhost/api/auth/login","method":"POST","headers":{"host":["localhost"],"connection":["keep-alive"],"content-length":["52"],"sec-ch-ua-platform":["\"Windows\""],"user-agent":["Mozilla/5.0 (Windows NT 10.0; Win64; x64) AppleWebKit/537.36 (KHTML, like Gecko) Chrome/142.0.0.0 Safari/537.36"],"accept":["application/json"],"sec-ch-ua":["\"Chromium\";v=\"142\", \"Google Chrome\";v=\"142\", \"Not_A Brand\";v=\"99\""],"content-type":["application/json"],"sec-ch-ua-mobile":["?0"],"origin":["http://localhost"],"sec-fetch-site":["same-origin"],"sec-fetch-mode":["cors"],"sec-fetch-dest":["empty"],"referer":["http://localhost/"],"accept-encoding":["gzip, deflate, br, zstd"],"accept-language":["ru-RU,ru;q=0.9,en-US;q=0.8,en;q=0.7"],"cookie":["remember_web_59ba36addc2b2f9401580f014c7f58ea4e30989d=eyJpdiI6IitGb2wvTkZVRnYxOWV1QmRobzBZSmc9PSIsInZhbHVlIjoiYm5KR29iQ0E0SmdxdUN5ZGJGQ2kyQmQvdU9ibWVMR0hoa1dIbzlIQzBaakZjM0NISjdqcXBDakpWd3RwYVZPM3Q0VXlJWWQzMWw1SkJoTmxmMzBScllBdWtvZk1VT1JYWWFPUUFWQ3ZzTkpZSndWaDczYVJBdWV1T3R0bjlmbXA3d0dlMDJWSm5sRXFnYk1pdGtuSlB2ZUF1aVVOT28zQVBrdmRXMk8wYXdPVDE4ZGs0UnNWclZVeW1tcUxQM0tqbEJ6ZVllZTBrSmdrWnRBM3BmTHNacnhORmFna1lXNm5IbW16VldMcnhKTT0iLCJtYWMiOiIyOWIyNjExYzIzY2RhZWI4MzdjMTMxZGY5MmU2NGI2MzIwMzc3Y2U4M2U1NTdjNTczMDg0ODA5YTJiNDhmYmQ1IiwidGFnIjoiIn0%3D; operator_client_id=eyJpdiI6Ilc3UFBRTEhlKzBhdDkzT0wvOGJhcGc9PSIsInZhbHVlIjoiaHNXdzZYbCtNZ2ZFdUdyQjAzTG9idWxLVlZKNmZYMHE4STU2RFNKTmlobWhZSVNuN2dTcDhYK1BHOFRyRDU2SyIsIm1hYyI6IjU1ZjcyMTY0NWEzMDRhZGU5ZWUxNjlhNWUyYTBjYjI3NjJkZjYwODg4YjkxODVlNWQxMDFlNjY3Yjk3MTI4YzgiLCJ0YWciOiIifQ%3D%3D; current_hotel_id=eyJpdiI6ImpZL3BPMEI2eXIzUC9yR0daMlhhTEE9PSIsInZhbHVlIjoiS0FLc1hyd1I5ZFFvRk5QcEliUFhsS1c1YjlnNFk1VDZiVFdlak5INFhFTmhoUmo5UXlzY1ExZkpZTHpDSUEwayIsIm1hYyI6IjhjYTE0ZDEwNmNhNDBlNGRjZjlkYTYxZWNkMjA5OGUxODRiZGIwNDk3NTk3M2MxODE4Y2I5NjFiMTUxZmY1NmMiLCJ0YWciOiIifQ%3D%3D; XSRF-TOKEN=eyJpdiI6IjBXdGxwb1orQ3BRb3ZUMHJHQjg3NHc9PSIsInZhbHVlIjoiM2FOK2wzZ0dHMkRRMUVPeU5QZTZNSTA1RTdnU2NiOU9PWEROYk45OXE2MENMS0sxYVhYTFlkcDZUTzU1YitBMm56L0hka2N5MDlxNTRrY1dtb2UwUzd0dVB4UTBMRUpmOE5SSXNyOVc1OEl0KzQzanh3MFB6K3hrcHVib2tDbi8iLCJtYWMiOiI0ZTJjM2RlZWYyOWUzMzIyYjA1YmE4Mjg0YTZiZTNmNWU4NGFlODllNWY4ZDg2OTdkYzJhZWFiMTEyNzQ3NmY0IiwidGFnIjoiIn0%3D; laravel-session=eyJpdiI6Ii8rdmErTHVDd2hkeUc5WXBVNWdDUWc9PSIsInZhbHVlIjoiL3pkUUtLZThKRTNMNlB4MDhrSFBxdjF0VnpEdWlJWTZYbm1lSkVTNVA3MVQxelI4Rm9ocldxMTFiVzMvNW1rS3VNYk1hZTlUa29LNXFLKzk3T2lXM0JGeGpuUU1zWVVnM3MyK2JqMkRSeWNTOFpkejRqR1NmQW1UcHc0d3dMUGEiLCJtYWMiOiJmNmEwN2Y1MjE3MGNmMThjODY3YmY0NjIzMzk4MGQ3MmFhMjdhNmY3MmVmZmM0ODUyMzQ3OTZhMDI2NDQ0MzU1IiwidGFnIjoiIn0%3D"]},"cookies":{"remember_web_59ba36addc2b2f9401580f014c7f58ea4e30989d":"eyJpdiI6IitGb2wvTkZVRnYxOWV1QmRobzBZSmc9PSIsInZhbHVlIjoiYm5KR29iQ0E0SmdxdUN5ZGJGQ2kyQmQvdU9ibWVMR0hoa1dIbzlIQzBaakZjM0NISjdqcXBDakpWd3RwYVZPM3Q0VXlJWWQzMWw1SkJoTmxmMzBScllBdWtvZk1VT1JYWWFPUUFWQ3ZzTkpZSndWaDczYVJBdWV1T3R0bjlmbXA3d0dlMDJWSm5sRXFnYk1pdGtuSlB2ZUF1aVVOT28zQVBrdmRXMk8wYXdPVDE4ZGs0UnNWclZVeW1tcUxQM0tqbEJ6ZVllZTBrSmdrWnRBM3BmTHNacnhORmFna1lXNm5IbW16VldMcnhKTT0iLCJtYWMiOiIyOWIyNjExYzIzY2RhZWI4MzdjMTMxZGY5MmU2NGI2MzIwMzc3Y2U4M2U1NTdjNTczMDg0ODA5YTJiNDhmYmQ1IiwidGFnIjoiIn0=","operator_client_id":"eyJpdiI6Ilc3UFBRTEhlKzBhdDkzT0wvOGJhcGc9PSIsInZhbHVlIjoiaHNXdzZYbCtNZ2ZFdUdyQjAzTG9idWxLVlZKNmZYMHE4STU2RFNKTmlobWhZSVNuN2dTcDhYK1BHOFRyRDU2SyIsIm1hYyI6IjU1ZjcyMTY0NWEzMDRhZGU5ZWUxNjlhNWUyYTBjYjI3NjJkZjYwODg4YjkxODVlNWQxMDFlNjY3Yjk3MTI4YzgiLCJ0YWciOiIifQ==","current_hotel_id":"eyJpdiI6ImpZL3BPMEI2eXIzUC9yR0daMlhhTEE9PSIsInZhbHVlIjoiS0FLc1hyd1I5ZFFvRk5QcEliUFhsS1c1YjlnNFk1VDZiVFdlak5INFhFTmhoUmo5UXlzY1ExZkpZTHpDSUEwayIsIm1hYyI6IjhjYTE0ZDEwNmNhNDBlNGRjZjlkYTYxZWNkMjA5OGUxODRiZGIwNDk3NTk3M2MxODE4Y2I5NjFiMTUxZmY1NmMiLCJ0YWciOiIifQ==","XSRF-TOKEN":"eyJpdiI6IjBXdGxwb1orQ3BRb3ZUMHJHQjg3NHc9PSIsInZhbHVlIjoiM2FOK2wzZ0dHMkRRMUVPeU5QZTZNSTA1RTdnU2NiOU9PWEROYk45OXE2MENMS0sxYVhYTFlkcDZUTzU1YitBMm56L0hka2N5MDlxNTRrY1dtb2UwUzd0dVB4UTBMRUpmOE5SSXNyOVc1OEl0KzQzanh3MFB6K3hrcHVib2tDbi8iLCJtYWMiOiI0ZTJjM2RlZWYyOWUzMzIyYjA1YmE4Mjg0YTZiZTNmNWU4NGFlODllNWY4ZDg2OTdkYzJhZWFiMTEyNzQ3NmY0IiwidGFnIjoiIn0=","laravel-session":"eyJpdiI6Ii8rdmErTHVDd2hkeUc5WXBVNWdDUWc9PSIsInZhbHVlIjoiL3pkUUtLZThKRTNMNlB4MDhrSFBxdjF0VnpEdWlJWTZYbm1lSkVTNVA3MVQxelI4Rm9ocldxMTFiVzMvNW1rS3VNYk1hZTlUa29LNXFLKzk3T2lXM0JGeGpuUU1zWVVnM3MyK2JqMkRSeWNTOFpkejRqR1NmQW1UcHc0d3dMUGEiLCJtYWMiOiJmNmEwN2Y1MjE3MGNmMThjODY3YmY0NjIzMzk4MGQ3MmFhMjdhNmY3MmVmZmM0ODUyMzQ3OTZhMDI2NDQ0MzU1IiwidGFnIjoiIn0="}} 
[2025-12-03 12:16:43] local.INFO: LogRequests middleware called {"url":"http://localhost/api/auth/login","method":"POST","headers":{"host":["localhost"],"connection":["keep-alive"],"content-length":["0"],"sec-ch-ua-platform":["\"Windows\""],"user-agent":["Mozilla/5.0 (Windows NT 10.0; Win64; x64) AppleWebKit/537.36 (KHTML, like Gecko) Chrome/142.0.0.0 Safari/537.36"],"accept":["application/json"],"sec-ch-ua":["\"Chromium\";v=\"142\", \"Google Chrome\";v=\"142\", \"Not_A Brand\";v=\"99\""],"content-type":["application/json"],"sec-ch-ua-mobile":["?0"],"origin":["http://localhost"],"sec-fetch-site":["same-origin"],"sec-fetch-mode":["cors"],"sec-fetch-dest":["empty"],"referer":["http://localhost/"],"accept-encoding":["gzip, deflate, br, zstd"],"accept-language":["ru-RU,ru;q=0.9,en-US;q=0.8,en;q=0.7"],"cookie":["remember_web_59ba36addc2b2f9401580f014c7f58ea4e30989d=eyJpdiI6IitGb2wvTkZVRnYxOWV1QmRobzBZSmc9PSIsInZhbHVlIjoiYm5KR29iQ0E0SmdxdUN5ZGJGQ2kyQmQvdU9ibWVMR0hoa1dIbzlIQzBaakZjM0NISjdqcXBDakpWd3RwYVZPM3Q0VXlJWWQzMWw1SkJoTmxmMzBScllBdWtvZk1VT1JYWWFPUUFWQ3ZzTkpZSndWaDczYVJBdWV1T3R0bjlmbXA3d0dlMDJWSm5sRXFnYk1pdGtuSlB2ZUF1aVVOT28zQVBrdmRXMk8wYXdPVDE4ZGs0UnNWclZVeW1tcUxQM0tqbEJ6ZVllZTBrSmdrWnRBM3BmTHNacnhORmFna1lXNm5IbW16VldMcnhKTT0iLCJtYWMiOiIyOWIyNjExYzIzY2RhZWI4MzdjMTMxZGY5MmU2NGI2MzIwMzc3Y2U4M2U1NTdjNTczMDg0ODA5YTJiNDhmYmQ1IiwidGFnIjoiIn0%3D; operator_client_id=eyJpdiI6Ilc3UFBRTEhlKzBhdDkzT0wvOGJhcGc9PSIsInZhbHVlIjoiaHNXdzZYbCtNZ2ZFdUdyQjAzTG9idWxLVlZKNmZYMHE4STU2RFNKTmlobWhZSVNuN2dTcDhYK1BHOFRyRDU2SyIsIm1hYyI6IjU1ZjcyMTY0NWEzMDRhZGU5ZWUxNjlhNWUyYTBjYjI3NjJkZjYwODg4YjkxODVlNWQxMDFlNjY3Yjk3MTI4YzgiLCJ0YWciOiIifQ%3D%3D; current_hotel_id=eyJpdiI6ImpZL3BPMEI2eXIzUC9yR0daMlhhTEE9PSIsInZhbHVlIjoiS0FLc1hyd1I5ZFFvRk5QcEliUFhsS1c1YjlnNFk1VDZiVFdlak5INFhFTmhoUmo5UXlzY1ExZkpZTHpDSUEwayIsIm1hYyI6IjhjYTE0ZDEwNmNhNDBlNGRjZjlkYTYxZWNkMjA5OGUxODRiZGIwNDk3NTk3M2MxODE4Y2I5NjFiMTUxZmY1NmMiLCJ0YWciOiIifQ%3D%3D; XSRF-TOKEN=eyJpdiI6IjBXdGxwb1orQ3BRb3ZUMHJHQjg3NHc9PSIsInZhbHVlIjoiM2FOK2wzZ0dHMkRRMUVPeU5QZTZNSTA1RTdnU2NiOU9PWEROYk45OXE2MENMS0sxYVhYTFlkcDZUTzU1YitBMm56L0hka2N5MDlxNTRrY1dtb2UwUzd0dVB4UTBMRUpmOE5SSXNyOVc1OEl0KzQzanh3MFB6K3hrcHVib2tDbi8iLCJtYWMiOiI0ZTJjM2RlZWYyOWUzMzIyYjA1YmE4Mjg0YTZiZTNmNWU4NGFlODllNWY4ZDg2OTdkYzJhZWFiMTEyNzQ3NmY0IiwidGFnIjoiIn0%3D; laravel-session=eyJpdiI6Ii8rdmErTHVDd2hkeUc5WXBVNWdDUWc9PSIsInZhbHVlIjoiL3pkUUtLZThKRTNMNlB4MDhrSFBxdjF0VnpEdWlJWTZYbm1lSkVTNVA3MVQxelI4Rm9ocldxMTFiVzMvNW1rS3VNYk1hZTlUa29LNXFLKzk3T2lXM0JGeGpuUU1zWVVnM3MyK2JqMkRSeWNTOFpkejRqR1NmQW1UcHc0d3dMUGEiLCJtYWMiOiJmNmEwN2Y1MjE3MGNmMThjODY3YmY0NjIzMzk4MGQ3MmFhMjdhNmY3MmVmZmM0ODUyMzQ3OTZhMDI2NDQ0MzU1IiwidGFnIjoiIn0%3D"]},"cookies":{"remember_web_59ba36addc2b2f9401580f014c7f58ea4e30989d":"eyJpdiI6IitGb2wvTkZVRnYxOWV1QmRobzBZSmc9PSIsInZhbHVlIjoiYm5KR29iQ0E0SmdxdUN5ZGJGQ2kyQmQvdU9ibWVMR0hoa1dIbzlIQzBaakZjM0NISjdqcXBDakpWd3RwYVZPM3Q0VXlJWWQzMWw1SkJoTmxmMzBScllBdWtvZk1VT1JYWWFPUUFWQ3ZzTkpZSndWaDczYVJBdWV1T3R0bjlmbXA3d0dlMDJWSm5sRXFnYk1pdGtuSlB2ZUF1aVVOT28zQVBrdmRXMk8wYXdPVDE4ZGs0UnNWclZVeW1tcUxQM0tqbEJ6ZVllZTBrSmdrWnRBM3BmTHNacnhORmFna1lXNm5IbW16VldMcnhKTT0iLCJtYWMiOiIyOWIyNjExYzIzY2RhZWI4MzdjMTMxZGY5MmU2NGI2MzIwMzc3Y2U4M2U1NTdjNTczMDg0ODA5YTJiNDhmYmQ1IiwidGFnIjoiIn0=","operator_client_id":"eyJpdiI6Ilc3UFBRTEhlKzBhdDkzT0wvOGJhcGc9PSIsInZhbHVlIjoiaHNXdzZYbCtNZ2ZFdUdyQjAzTG9idWxLVlZKNmZYMHE4STU2RFNKTmlobWhZSVNuN2dTcDhYK1BHOFRyRDU2SyIsIm1hYyI6IjU1ZjcyMTY0NWEzMDRhZGU5ZWUxNjlhNWUyYTBjYjI3NjJkZjYwODg4YjkxODVlNWQxMDFlNjY3Yjk3MTI4YzgiLCJ0YWciOiIifQ==","current_hotel_id":"eyJpdiI6ImpZL3BPMEI2eXIzUC9yR0daMlhhTEE9PSIsInZhbHVlIjoiS0FLc1hyd1I5ZFFvRk5QcEliUFhsS1c1YjlnNFk1VDZiVFdlak5INFhFTmhoUmo5UXlzY1ExZkpZTHpDSUEwayIsIm1hYyI6IjhjYTE0ZDEwNmNhNDBlNGRjZjlkYTYxZWNkMjA5OGUxODRiZGIwNDk3NTk3M2MxODE4Y2I5NjFiMTUxZmY1NmMiLCJ0YWciOiIifQ==","XSRF-TOKEN":"eyJpdiI6IjBXdGxwb1orQ3BRb3ZUMHJHQjg3NHc9PSIsInZhbHVlIjoiM2FOK2wzZ0dHMkRRMUVPeU5QZTZNSTA1RTdnU2NiOU9PWEROYk45OXE2MENMS0sxYVhYTFlkcDZUTzU1YitBMm56L0hka2N5MDlxNTRrY1dtb2UwUzd0dVB4UTBMRUpmOE5SSXNyOVc1OEl0KzQzanh3MFB6K3hrcHVib2tDbi8iLCJtYWMiOiI0ZTJjM2RlZWYyOWUzMzIyYjA1YmE4Mjg0YTZiZTNmNWU4NGFlODllNWY4ZDg2OTdkYzJhZWFiMTEyNzQ3NmY0IiwidGFnIjoiIn0=","laravel-session":"eyJpdiI6Ii8rdmErTHVDd2hkeUc5WXBVNWdDUWc9PSIsInZhbHVlIjoiL3pkUUtLZThKRTNMNlB4MDhrSFBxdjF0VnpEdWlJWTZYbm1lSkVTNVA3MVQxelI4Rm9ocldxMTFiVzMvNW1rS3VNYk1hZTlUa29LNXFLKzk3T2lXM0JGeGpuUU1zWVVnM3MyK2JqMkRSeWNTOFpkejRqR1NmQW1UcHc0d3dMUGEiLCJtYWMiOiJmNmEwN2Y1MjE3MGNmMThjODY3YmY0NjIzMzk4MGQ3MmFhMjdhNmY3MmVmZmM0ODUyMzQ3OTZhMDI2NDQ0MzU1IiwidGFnIjoiIn0="}} 
[2025-12-03 12:17:53] local.INFO: LogRequests middleware called {"url":"http://localhost/api/auth/login","method":"POST","headers":{"host":["localhost"],"connection":["keep-alive"],"content-length":["52"],"sec-ch-ua-platform":["\"Windows\""],"user-agent":["Mozilla/5.0 (Windows NT 10.0; Win64; x64) AppleWebKit/537.36 (KHTML, like Gecko) Chrome/142.0.0.0 Safari/537.36"],"accept":["application/json"],"sec-ch-ua":["\"Chromium\";v=\"142\", \"Google Chrome\";v=\"142\", \"Not_A Brand\";v=\"99\""],"content-type":["application/json"],"sec-ch-ua-mobile":["?0"],"origin":["http://localhost"],"sec-fetch-site":["same-origin"],"sec-fetch-mode":["cors"],"sec-fetch-dest":["empty"],"referer":["http://localhost/"],"accept-encoding":["gzip, deflate, br, zstd"],"accept-language":["ru-RU,ru;q=0.9,en-US;q=0.8,en;q=0.7"],"cookie":["remember_web_59ba36addc2b2f9401580f014c7f58ea4e30989d=eyJpdiI6IitGb2wvTkZVRnYxOWV1QmRobzBZSmc9PSIsInZhbHVlIjoiYm5KR29iQ0E0SmdxdUN5ZGJGQ2kyQmQvdU9ibWVMR0hoa1dIbzlIQzBaakZjM0NISjdqcXBDakpWd3RwYVZPM3Q0VXlJWWQzMWw1SkJoTmxmMzBScllBdWtvZk1VT1JYWWFPUUFWQ3ZzTkpZSndWaDczYVJBdWV1T3R0bjlmbXA3d0dlMDJWSm5sRXFnYk1pdGtuSlB2ZUF1aVVOT28zQVBrdmRXMk8wYXdPVDE4ZGs0UnNWclZVeW1tcUxQM0tqbEJ6ZVllZTBrSmdrWnRBM3BmTHNacnhORmFna1lXNm5IbW16VldMcnhKTT0iLCJtYWMiOiIyOWIyNjExYzIzY2RhZWI4MzdjMTMxZGY5MmU2NGI2MzIwMzc3Y2U4M2U1NTdjNTczMDg0ODA5YTJiNDhmYmQ1IiwidGFnIjoiIn0%3D; operator_client_id=eyJpdiI6Ilc3UFBRTEhlKzBhdDkzT0wvOGJhcGc9PSIsInZhbHVlIjoiaHNXdzZYbCtNZ2ZFdUdyQjAzTG9idWxLVlZKNmZYMHE4STU2RFNKTmlobWhZSVNuN2dTcDhYK1BHOFRyRDU2SyIsIm1hYyI6IjU1ZjcyMTY0NWEzMDRhZGU5ZWUxNjlhNWUyYTBjYjI3NjJkZjYwODg4YjkxODVlNWQxMDFlNjY3Yjk3MTI4YzgiLCJ0YWciOiIifQ%3D%3D; current_hotel_id=eyJpdiI6ImpZL3BPMEI2eXIzUC9yR0daMlhhTEE9PSIsInZhbHVlIjoiS0FLc1hyd1I5ZFFvRk5QcEliUFhsS1c1YjlnNFk1VDZiVFdlak5INFhFTmhoUmo5UXlzY1ExZkpZTHpDSUEwayIsIm1hYyI6IjhjYTE0ZDEwNmNhNDBlNGRjZjlkYTYxZWNkMjA5OGUxODRiZGIwNDk3NTk3M2MxODE4Y2I5NjFiMTUxZmY1NmMiLCJ0YWciOiIifQ%3D%3D; XSRF-TOKEN=eyJpdiI6IjBXdGxwb1orQ3BRb3ZUMHJHQjg3NHc9PSIsInZhbHVlIjoiM2FOK2wzZ0dHMkRRMUVPeU5QZTZNSTA1RTdnU2NiOU9PWEROYk45OXE2MENMS0sxYVhYTFlkcDZUTzU1YitBMm56L0hka2N5MDlxNTRrY1dtb2UwUzd0dVB4UTBMRUpmOE5SSXNyOVc1OEl0KzQzanh3MFB6K3hrcHVib2tDbi8iLCJtYWMiOiI0ZTJjM2RlZWYyOWUzMzIyYjA1YmE4Mjg0YTZiZTNmNWU4NGFlODllNWY4ZDg2OTdkYzJhZWFiMTEyNzQ3NmY0IiwidGFnIjoiIn0%3D; laravel-session=eyJpdiI6Ii8rdmErTHVDd2hkeUc5WXBVNWdDUWc9PSIsInZhbHVlIjoiL3pkUUtLZThKRTNMNlB4MDhrSFBxdjF0VnpEdWlJWTZYbm1lSkVTNVA3MVQxelI4Rm9ocldxMTFiVzMvNW1rS3VNYk1hZTlUa29LNXFLKzk3T2lXM0JGeGpuUU1zWVVnM3MyK2JqMkRSeWNTOFpkejRqR1NmQW1UcHc0d3dMUGEiLCJtYWMiOiJmNmEwN2Y1MjE3MGNmMThjODY3YmY0NjIzMzk4MGQ3MmFhMjdhNmY3MmVmZmM0ODUyMzQ3OTZhMDI2NDQ0MzU1IiwidGFnIjoiIn0%3D"]},"cookies":{"remember_web_59ba36addc2b2f9401580f014c7f58ea4e30989d":"eyJpdiI6IitGb2wvTkZVRnYxOWV1QmRobzBZSmc9PSIsInZhbHVlIjoiYm5KR29iQ0E0SmdxdUN5ZGJGQ2kyQmQvdU9ibWVMR0hoa1dIbzlIQzBaakZjM0NISjdqcXBDakpWd3RwYVZPM3Q0VXlJWWQzMWw1SkJoTmxmMzBScllBdWtvZk1VT1JYWWFPUUFWQ3ZzTkpZSndWaDczYVJBdWV1T3R0bjlmbXA3d0dlMDJWSm5sRXFnYk1pdGtuSlB2ZUF1aVVOT28zQVBrdmRXMk8wYXdPVDE4ZGs0UnNWclZVeW1tcUxQM0tqbEJ6ZVllZTBrSmdrWnRBM3BmTHNacnhORmFna1lXNm5IbW16VldMcnhKTT0iLCJtYWMiOiIyOWIyNjExYzIzY2RhZWI4MzdjMTMxZGY5MmU2NGI2MzIwMzc3Y2U4M2U1NTdjNTczMDg0ODA5YTJiNDhmYmQ1IiwidGFnIjoiIn0=","operator_client_id":"eyJpdiI6Ilc3UFBRTEhlKzBhdDkzT0wvOGJhcGc9PSIsInZhbHVlIjoiaHNXdzZYbCtNZ2ZFdUdyQjAzTG9idWxLVlZKNmZYMHE4STU2RFNKTmlobWhZSVNuN2dTcDhYK1BHOFRyRDU2SyIsIm1hYyI6IjU1ZjcyMTY0NWEzMDRhZGU5ZWUxNjlhNWUyYTBjYjI3NjJkZjYwODg4YjkxODVlNWQxMDFlNjY3Yjk3MTI4YzgiLCJ0YWciOiIifQ==","current_hotel_id":"eyJpdiI6ImpZL3BPMEI2eXIzUC9yR0daMlhhTEE9PSIsInZhbHVlIjoiS0FLc1hyd1I5ZFFvRk5QcEliUFhsS1c1YjlnNFk1VDZiVFdlak5INFhFTmhoUmo5UXlzY1ExZkpZTHpDSUEwayIsIm1hYyI6IjhjYTE0ZDEwNmNhNDBlNGRjZjlkYTYxZWNkMjA5OGUxODRiZGIwNDk3NTk3M2MxODE4Y2I5NjFiMTUxZmY1NmMiLCJ0YWciOiIifQ==","XSRF-TOKEN":"eyJpdiI6IjBXdGxwb1orQ3BRb3ZUMHJHQjg3NHc9PSIsInZhbHVlIjoiM2FOK2wzZ0dHMkRRMUVPeU5QZTZNSTA1RTdnU2NiOU9PWEROYk45OXE2MENMS0sxYVhYTFlkcDZUTzU1YitBMm56L0hka2N5MDlxNTRrY1dtb2UwUzd0dVB4UTBMRUpmOE5SSXNyOVc1OEl0KzQzanh3MFB6K3hrcHVib2tDbi8iLCJtYWMiOiI0ZTJjM2RlZWYyOWUzMzIyYjA1YmE4Mjg0YTZiZTNmNWU4NGFlODllNWY4ZDg2OTdkYzJhZWFiMTEyNzQ3NmY0IiwidGFnIjoiIn0=","laravel-session":"eyJpdiI6Ii8rdmErTHVDd2hkeUc5WXBVNWdDUWc9PSIsInZhbHVlIjoiL3pkUUtLZThKRTNMNlB4MDhrSFBxdjF0VnpEdWlJWTZYbm1lSkVTNVA3MVQxelI4Rm9ocldxMTFiVzMvNW1rS3VNYk1hZTlUa29LNXFLKzk3T2lXM0JGeGpuUU1zWVVnM3MyK2JqMkRSeWNTOFpkejRqR1NmQW1UcHc0d3dMUGEiLCJtYWMiOiJmNmEwN2Y1MjE3MGNmMThjODY3YmY0NjIzMzk4MGQ3MmFhMjdhNmY3MmVmZmM0ODUyMzQ3OTZhMDI2NDQ0MzU1IiwidGFnIjoiIn0="}} 
[2025-12-03 12:18:10] local.INFO: LogRequests middleware called {"url":"http://localhost/api/auth/login","method":"POST","headers":{"host":["localhost"],"connection":["keep-alive"],"content-length":["52"],"sec-ch-ua-platform":["\"Windows\""],"user-agent":["Mozilla/5.0 (Windows NT 10.0; Win64; x64) AppleWebKit/537.36 (KHTML, like Gecko) Chrome/142.0.0.0 Safari/537.36"],"accept":["application/json"],"sec-ch-ua":["\"Chromium\";v=\"142\", \"Google Chrome\";v=\"142\", \"Not_A Brand\";v=\"99\""],"content-type":["application/json"],"sec-ch-ua-mobile":["?0"],"origin":["http://localhost"],"sec-fetch-site":["same-origin"],"sec-fetch-mode":["cors"],"sec-fetch-dest":["empty"],"referer":["http://localhost/"],"accept-encoding":["gzip, deflate, br, zstd"],"accept-language":["ru-RU,ru;q=0.9,en-US;q=0.8,en;q=0.7"],"cookie":["remember_web_59ba36addc2b2f9401580f014c7f58ea4e30989d=eyJpdiI6IitGb2wvTkZVRnYxOWV1QmRobzBZSmc9PSIsInZhbHVlIjoiYm5KR29iQ0E0SmdxdUN5ZGJGQ2kyQmQvdU9ibWVMR0hoa1dIbzlIQzBaakZjM0NISjdqcXBDakpWd3RwYVZPM3Q0VXlJWWQzMWw1SkJoTmxmMzBScllBdWtvZk1VT1JYWWFPUUFWQ3ZzTkpZSndWaDczYVJBdWV1T3R0bjlmbXA3d0dlMDJWSm5sRXFnYk1pdGtuSlB2ZUF1aVVOT28zQVBrdmRXMk8wYXdPVDE4ZGs0UnNWclZVeW1tcUxQM0tqbEJ6ZVllZTBrSmdrWnRBM3BmTHNacnhORmFna1lXNm5IbW16VldMcnhKTT0iLCJtYWMiOiIyOWIyNjExYzIzY2RhZWI4MzdjMTMxZGY5MmU2NGI2MzIwMzc3Y2U4M2U1NTdjNTczMDg0ODA5YTJiNDhmYmQ1IiwidGFnIjoiIn0%3D; operator_client_id=eyJpdiI6Ilc3UFBRTEhlKzBhdDkzT0wvOGJhcGc9PSIsInZhbHVlIjoiaHNXdzZYbCtNZ2ZFdUdyQjAzTG9idWxLVlZKNmZYMHE4STU2RFNKTmlobWhZSVNuN2dTcDhYK1BHOFRyRDU2SyIsIm1hYyI6IjU1ZjcyMTY0NWEzMDRhZGU5ZWUxNjlhNWUyYTBjYjI3NjJkZjYwODg4YjkxODVlNWQxMDFlNjY3Yjk3MTI4YzgiLCJ0YWciOiIifQ%3D%3D; current_hotel_id=eyJpdiI6ImpZL3BPMEI2eXIzUC9yR0daMlhhTEE9PSIsInZhbHVlIjoiS0FLc1hyd1I5ZFFvRk5QcEliUFhsS1c1YjlnNFk1VDZiVFdlak5INFhFTmhoUmo5UXlzY1ExZkpZTHpDSUEwayIsIm1hYyI6IjhjYTE0ZDEwNmNhNDBlNGRjZjlkYTYxZWNkMjA5OGUxODRiZGIwNDk3NTk3M2MxODE4Y2I5NjFiMTUxZmY1NmMiLCJ0YWciOiIifQ%3D%3D; XSRF-TOKEN=eyJpdiI6ImFGcEswRTNWNmN4bUdONTRsL3BQUFE9PSIsInZhbHVlIjoiUDRHdUpzMGRsL0tiTmFRM3lnVDFEeS9DNGtOUHNMZzBMaTBWSlNRclVlRkQwRXNDN2RSVW1tbFlrM0JYeG9FalpObndCeTd6akpFTDVtNWZTRlF1RzRlYmQzUzRaaWxqL1Btd2M0K3llWnFtZXQ3a0FLYTRBWE84TTVDNVYzS2ciLCJtYWMiOiI4MTNjYzZkNDA5ZWZiMzRjNzk0Nzk2ZTE0ZWZhYWVmNDM2OGIyNTMyODZiNTAxY2MyN2EyMThhODUyZjliYTY4IiwidGFnIjoiIn0%3D; laravel-session=eyJpdiI6IlF2U0FLbE5RNFJlQ1hlV2wrV3p0VEE9PSIsInZhbHVlIjoiQXZjTkpyTHNVZklBbDNZbUpWcllBaTlXZVcwci9GOWN3YXhhZEs3Ti9LSGN1M3JQWnZtVU1SMk9IcFNtUW9pWjFjWTNLSDdSNVRvak45ZjBRb3YzZFlvUFdHNGVOMjk4MUJsMVhXZG9ocGhBQms3d1pwUUI2cXJZTjFwUjBBSmkiLCJtYWMiOiJlZjI5M2EwZjMwMmRhMmRkZWEzZDk3YTdiNWI3NjVkYTIwMGM2ZGRhMWZjMzJlYTQ3MDU0YzliNDIxNjMwNWU0IiwidGFnIjoiIn0%3D"]},"cookies":{"remember_web_59ba36addc2b2f9401580f014c7f58ea4e30989d":"eyJpdiI6IitGb2wvTkZVRnYxOWV1QmRobzBZSmc9PSIsInZhbHVlIjoiYm5KR29iQ0E0SmdxdUN5ZGJGQ2kyQmQvdU9ibWVMR0hoa1dIbzlIQzBaakZjM0NISjdqcXBDakpWd3RwYVZPM3Q0VXlJWWQzMWw1SkJoTmxmMzBScllBdWtvZk1VT1JYWWFPUUFWQ3ZzTkpZSndWaDczYVJBdWV1T3R0bjlmbXA3d0dlMDJWSm5sRXFnYk1pdGtuSlB2ZUF1aVVOT28zQVBrdmRXMk8wYXdPVDE4ZGs0UnNWclZVeW1tcUxQM0tqbEJ6ZVllZTBrSmdrWnRBM3BmTHNacnhORmFna1lXNm5IbW16VldMcnhKTT0iLCJtYWMiOiIyOWIyNjExYzIzY2RhZWI4MzdjMTMxZGY5MmU2NGI2MzIwMzc3Y2U4M2U1NTdjNTczMDg0ODA5YTJiNDhmYmQ1IiwidGFnIjoiIn0=","operator_client_id":"eyJpdiI6Ilc3UFBRTEhlKzBhdDkzT0wvOGJhcGc9PSIsInZhbHVlIjoiaHNXdzZYbCtNZ2ZFdUdyQjAzTG9idWxLVlZKNmZYMHE4STU2RFNKTmlobWhZSVNuN2dTcDhYK1BHOFRyRDU2SyIsIm1hYyI6IjU1ZjcyMTY0NWEzMDRhZGU5ZWUxNjlhNWUyYTBjYjI3NjJkZjYwODg4YjkxODVlNWQxMDFlNjY3Yjk3MTI4YzgiLCJ0YWciOiIifQ==","current_hotel_id":"eyJpdiI6ImpZL3BPMEI2eXIzUC9yR0daMlhhTEE9PSIsInZhbHVlIjoiS0FLc1hyd1I5ZFFvRk5QcEliUFhsS1c1YjlnNFk1VDZiVFdlak5INFhFTmhoUmo5UXlzY1ExZkpZTHpDSUEwayIsIm1hYyI6IjhjYTE0ZDEwNmNhNDBlNGRjZjlkYTYxZWNkMjA5OGUxODRiZGIwNDk3NTk3M2MxODE4Y2I5NjFiMTUxZmY1NmMiLCJ0YWciOiIifQ==","XSRF-TOKEN":"eyJpdiI6ImFGcEswRTNWNmN4bUdONTRsL3BQUFE9PSIsInZhbHVlIjoiUDRHdUpzMGRsL0tiTmFRM3lnVDFEeS9DNGtOUHNMZzBMaTBWSlNRclVlRkQwRXNDN2RSVW1tbFlrM0JYeG9FalpObndCeTd6akpFTDVtNWZTRlF1RzRlYmQzUzRaaWxqL1Btd2M0K3llWnFtZXQ3a0FLYTRBWE84TTVDNVYzS2ciLCJtYWMiOiI4MTNjYzZkNDA5ZWZiMzRjNzk0Nzk2ZTE0ZWZhYWVmNDM2OGIyNTMyODZiNTAxY2MyN2EyMThhODUyZjliYTY4IiwidGFnIjoiIn0=","laravel-session":"eyJpdiI6IlF2U0FLbE5RNFJlQ1hlV2wrV3p0VEE9PSIsInZhbHVlIjoiQXZjTkpyTHNVZklBbDNZbUpWcllBaTlXZVcwci9GOWN3YXhhZEs3Ti9LSGN1M3JQWnZtVU1SMk9IcFNtUW9pWjFjWTNLSDdSNVRvak45ZjBRb3YzZFlvUFdHNGVOMjk4MUJsMVhXZG9ocGhBQms3d1pwUUI2cXJZTjFwUjBBSmkiLCJtYWMiOiJlZjI5M2EwZjMwMmRhMmRkZWEzZDk3YTdiNWI3NjVkYTIwMGM2ZGRhMWZjMzJlYTQ3MDU0YzliNDIxNjMwNWU0IiwidGFnIjoiIn0="}} 
[2025-12-03 12:18:44] local.INFO: LogRequests middleware called {"url":"http://localhost/api/auth/login","method":"POST","headers":{"host":["localhost"],"connection":["keep-alive"],"content-length":["52"],"sec-ch-ua-platform":["\"Windows\""],"user-agent":["Mozilla/5.0 (Windows NT 10.0; Win64; x64) AppleWebKit/537.36 (KHTML, like Gecko) Chrome/142.0.0.0 Safari/537.36"],"accept":["application/json"],"sec-ch-ua":["\"Chromium\";v=\"142\", \"Google Chrome\";v=\"142\", \"Not_A Brand\";v=\"99\""],"content-type":["application/json"],"sec-ch-ua-mobile":["?0"],"origin":["http://localhost"],"sec-fetch-site":["same-origin"],"sec-fetch-mode":["cors"],"sec-fetch-dest":["empty"],"referer":["http://localhost/"],"accept-encoding":["gzip, deflate, br, zstd"],"accept-language":["ru-RU,ru;q=0.9,en-US;q=0.8,en;q=0.7"],"cookie":["remember_web_59ba36addc2b2f9401580f014c7f58ea4e30989d=eyJpdiI6IitGb2wvTkZVRnYxOWV1QmRobzBZSmc9PSIsInZhbHVlIjoiYm5KR29iQ0E0SmdxdUN5ZGJGQ2kyQmQvdU9ibWVMR0hoa1dIbzlIQzBaakZjM0NISjdqcXBDakpWd3RwYVZPM3Q0VXlJWWQzMWw1SkJoTmxmMzBScllBdWtvZk1VT1JYWWFPUUFWQ3ZzTkpZSndWaDczYVJBdWV1T3R0bjlmbXA3d0dlMDJWSm5sRXFnYk1pdGtuSlB2ZUF1aVVOT28zQVBrdmRXMk8wYXdPVDE4ZGs0UnNWclZVeW1tcUxQM0tqbEJ6ZVllZTBrSmdrWnRBM3BmTHNacnhORmFna1lXNm5IbW16VldMcnhKTT0iLCJtYWMiOiIyOWIyNjExYzIzY2RhZWI4MzdjMTMxZGY5MmU2NGI2MzIwMzc3Y2U4M2U1NTdjNTczMDg0ODA5YTJiNDhmYmQ1IiwidGFnIjoiIn0%3D; operator_client_id=eyJpdiI6Ilc3UFBRTEhlKzBhdDkzT0wvOGJhcGc9PSIsInZhbHVlIjoiaHNXdzZYbCtNZ2ZFdUdyQjAzTG9idWxLVlZKNmZYMHE4STU2RFNKTmlobWhZSVNuN2dTcDhYK1BHOFRyRDU2SyIsIm1hYyI6IjU1ZjcyMTY0NWEzMDRhZGU5ZWUxNjlhNWUyYTBjYjI3NjJkZjYwODg4YjkxODVlNWQxMDFlNjY3Yjk3MTI4YzgiLCJ0YWciOiIifQ%3D%3D; current_hotel_id=eyJpdiI6ImpZL3BPMEI2eXIzUC9yR0daMlhhTEE9PSIsInZhbHVlIjoiS0FLc1hyd1I5ZFFvRk5QcEliUFhsS1c1YjlnNFk1VDZiVFdlak5INFhFTmhoUmo5UXlzY1ExZkpZTHpDSUEwayIsIm1hYyI6IjhjYTE0ZDEwNmNhNDBlNGRjZjlkYTYxZWNkMjA5OGUxODRiZGIwNDk3NTk3M2MxODE4Y2I5NjFiMTUxZmY1NmMiLCJ0YWciOiIifQ%3D%3D; XSRF-TOKEN=eyJpdiI6IldiZURIVEZ2LzhiVzcvTmpmUmdlQXc9PSIsInZhbHVlIjoiMHNVeHFMYkdhOFpLZlhxLzBrbFFtWFpjWERZdXJKR2R1YTlnNGxoc29kTlpzdFUzOWFEMkFvSURCVmVsOGRhRjZJaEJjTW9ZOEd6OXk5SkhrMGxlVzVNemU0T0kxNWdiQ1o4WkVaRWtDU0ZVK3V6V3Y4VU5Ic0I2Y1FkSnBjSksiLCJtYWMiOiIyZTRlODE2YjZkMDAzZTYxZDViYzI3NjgyMjY3YjUwNDMxYmU2ZTEzMDZhNDc2ODZmOWYyMWUzNzI5N2UyNzE3IiwidGFnIjoiIn0%3D; laravel-session=eyJpdiI6Iit2OHdyTnZSWnh0MGx6TkludkVrRGc9PSIsInZhbHVlIjoiVWZFK0RlSTlVdTdCYndkVGlCQWYyMStkakU0N1pZUG9RVDdEUFE4SWJ6NzlKS3h1Z3M5UXZaZEhrSFVzM2pVRDduemdScVpMaGh4Z2ZnVnR6M2YvektSTExpUlB4TGpnaitobStaUkp0YU9JaTFoYVpGUGVBY29iS0xncXY1YzkiLCJtYWMiOiI0YzQ1ZDZjNmY2YmIwNzM4YjNiZWY1OTU5ZWYyM2U3NjA3NDIzYjRlZmI1M2Q3MmU2MjVhOGJmNjM4YzQ2NDJmIiwidGFnIjoiIn0%3D"]},"cookies":{"remember_web_59ba36addc2b2f9401580f014c7f58ea4e30989d":"eyJpdiI6IitGb2wvTkZVRnYxOWV1QmRobzBZSmc9PSIsInZhbHVlIjoiYm5KR29iQ0E0SmdxdUN5ZGJGQ2kyQmQvdU9ibWVMR0hoa1dIbzlIQzBaakZjM0NISjdqcXBDakpWd3RwYVZPM3Q0VXlJWWQzMWw1SkJoTmxmMzBScllBdWtvZk1VT1JYWWFPUUFWQ3ZzTkpZSndWaDczYVJBdWV1T3R0bjlmbXA3d0dlMDJWSm5sRXFnYk1pdGtuSlB2ZUF1aVVOT28zQVBrdmRXMk8wYXdPVDE4ZGs0UnNWclZVeW1tcUxQM0tqbEJ6ZVllZTBrSmdrWnRBM3BmTHNacnhORmFna1lXNm5IbW16VldMcnhKTT0iLCJtYWMiOiIyOWIyNjExYzIzY2RhZWI4MzdjMTMxZGY5MmU2NGI2MzIwMzc3Y2U4M2U1NTdjNTczMDg0ODA5YTJiNDhmYmQ1IiwidGFnIjoiIn0=","operator_client_id":"eyJpdiI6Ilc3UFBRTEhlKzBhdDkzT0wvOGJhcGc9PSIsInZhbHVlIjoiaHNXdzZYbCtNZ2ZFdUdyQjAzTG9idWxLVlZKNmZYMHE4STU2RFNKTmlobWhZSVNuN2dTcDhYK1BHOFRyRDU2SyIsIm1hYyI6IjU1ZjcyMTY0NWEzMDRhZGU5ZWUxNjlhNWUyYTBjYjI3NjJkZjYwODg4YjkxODVlNWQxMDFlNjY3Yjk3MTI4YzgiLCJ0YWciOiIifQ==","current_hotel_id":"eyJpdiI6ImpZL3BPMEI2eXIzUC9yR0daMlhhTEE9PSIsInZhbHVlIjoiS0FLc1hyd1I5ZFFvRk5QcEliUFhsS1c1YjlnNFk1VDZiVFdlak5INFhFTmhoUmo5UXlzY1ExZkpZTHpDSUEwayIsIm1hYyI6IjhjYTE0ZDEwNmNhNDBlNGRjZjlkYTYxZWNkMjA5OGUxODRiZGIwNDk3NTk3M2MxODE4Y2I5NjFiMTUxZmY1NmMiLCJ0YWciOiIifQ==","XSRF-TOKEN":"eyJpdiI6IldiZURIVEZ2LzhiVzcvTmpmUmdlQXc9PSIsInZhbHVlIjoiMHNVeHFMYkdhOFpLZlhxLzBrbFFtWFpjWERZdXJKR2R1YTlnNGxoc29kTlpzdFUzOWFEMkFvSURCVmVsOGRhRjZJaEJjTW9ZOEd6OXk5SkhrMGxlVzVNemU0T0kxNWdiQ1o4WkVaRWtDU0ZVK3V6V3Y4VU5Ic0I2Y1FkSnBjSksiLCJtYWMiOiIyZTRlODE2YjZkMDAzZTYxZDViYzI3NjgyMjY3YjUwNDMxYmU2ZTEzMDZhNDc2ODZmOWYyMWUzNzI5N2UyNzE3IiwidGFnIjoiIn0=","laravel-session":"eyJpdiI6Iit2OHdyTnZSWnh0MGx6TkludkVrRGc9PSIsInZhbHVlIjoiVWZFK0RlSTlVdTdCYndkVGlCQWYyMStkakU0N1pZUG9RVDdEUFE4SWJ6NzlKS3h1Z3M5UXZaZEhrSFVzM2pVRDduemdScVpMaGh4Z2ZnVnR6M2YvektSTExpUlB4TGpnaitobStaUkp0YU9JaTFoYVpGUGVBY29iS0xncXY1YzkiLCJtYWMiOiI0YzQ1ZDZjNmY2YmIwNzM4YjNiZWY1OTU5ZWYyM2U3NjA3NDIzYjRlZmI1M2Q3MmU2MjVhOGJmNjM4YzQ2NDJmIiwidGFnIjoiIn0="}} 
[2025-12-03 12:18:46] local.INFO: LogRequests middleware called {"url":"http://localhost/api/auth/logout","method":"POST","headers":{"host":["localhost"],"connection":["keep-alive"],"content-length":["2"],"sec-ch-ua-platform":["\"Windows\""],"user-agent":["Mozilla/5.0 (Windows NT 10.0; Win64; x64) AppleWebKit/537.36 (KHTML, like Gecko) Chrome/142.0.0.0 Safari/537.36"],"accept":["application/json"],"sec-ch-ua":["\"Chromium\";v=\"142\", \"Google Chrome\";v=\"142\", \"Not_A Brand\";v=\"99\""],"content-type":["application/json"],"sec-ch-ua-mobile":["?0"],"origin":["http://localhost"],"sec-fetch-site":["same-origin"],"sec-fetch-mode":["cors"],"sec-fetch-dest":["empty"],"referer":["http://localhost/"],"accept-encoding":["gzip, deflate, br, zstd"],"accept-language":["ru-RU,ru;q=0.9,en-US;q=0.8,en;q=0.7"],"cookie":["remember_web_59ba36addc2b2f9401580f014c7f58ea4e30989d=eyJpdiI6IitGb2wvTkZVRnYxOWV1QmRobzBZSmc9PSIsInZhbHVlIjoiYm5KR29iQ0E0SmdxdUN5ZGJGQ2kyQmQvdU9ibWVMR0hoa1dIbzlIQzBaakZjM0NISjdqcXBDakpWd3RwYVZPM3Q0VXlJWWQzMWw1SkJoTmxmMzBScllBdWtvZk1VT1JYWWFPUUFWQ3ZzTkpZSndWaDczYVJBdWV1T3R0bjlmbXA3d0dlMDJWSm5sRXFnYk1pdGtuSlB2ZUF1aVVOT28zQVBrdmRXMk8wYXdPVDE4ZGs0UnNWclZVeW1tcUxQM0tqbEJ6ZVllZTBrSmdrWnRBM3BmTHNacnhORmFna1lXNm5IbW16VldMcnhKTT0iLCJtYWMiOiIyOWIyNjExYzIzY2RhZWI4MzdjMTMxZGY5MmU2NGI2MzIwMzc3Y2U4M2U1NTdjNTczMDg0ODA5YTJiNDhmYmQ1IiwidGFnIjoiIn0%3D; operator_client_id=eyJpdiI6Ilc3UFBRTEhlKzBhdDkzT0wvOGJhcGc9PSIsInZhbHVlIjoiaHNXdzZYbCtNZ2ZFdUdyQjAzTG9idWxLVlZKNmZYMHE4STU2RFNKTmlobWhZSVNuN2dTcDhYK1BHOFRyRDU2SyIsIm1hYyI6IjU1ZjcyMTY0NWEzMDRhZGU5ZWUxNjlhNWUyYTBjYjI3NjJkZjYwODg4YjkxODVlNWQxMDFlNjY3Yjk3MTI4YzgiLCJ0YWciOiIifQ%3D%3D; current_hotel_id=eyJpdiI6ImpZL3BPMEI2eXIzUC9yR0daMlhhTEE9PSIsInZhbHVlIjoiS0FLc1hyd1I5ZFFvRk5QcEliUFhsS1c1YjlnNFk1VDZiVFdlak5INFhFTmhoUmo5UXlzY1ExZkpZTHpDSUEwayIsIm1hYyI6IjhjYTE0ZDEwNmNhNDBlNGRjZjlkYTYxZWNkMjA5OGUxODRiZGIwNDk3NTk3M2MxODE4Y2I5NjFiMTUxZmY1NmMiLCJ0YWciOiIifQ%3D%3D; XSRF-TOKEN=eyJpdiI6IldiZURIVEZ2LzhiVzcvTmpmUmdlQXc9PSIsInZhbHVlIjoiMHNVeHFMYkdhOFpLZlhxLzBrbFFtWFpjWERZdXJKR2R1YTlnNGxoc29kTlpzdFUzOWFEMkFvSURCVmVsOGRhRjZJaEJjTW9ZOEd6OXk5SkhrMGxlVzVNemU0T0kxNWdiQ1o4WkVaRWtDU0ZVK3V6V3Y4VU5Ic0I2Y1FkSnBjSksiLCJtYWMiOiIyZTRlODE2YjZkMDAzZTYxZDViYzI3NjgyMjY3YjUwNDMxYmU2ZTEzMDZhNDc2ODZmOWYyMWUzNzI5N2UyNzE3IiwidGFnIjoiIn0%3D; laravel-session=eyJpdiI6Iit2OHdyTnZSWnh0MGx6TkludkVrRGc9PSIsInZhbHVlIjoiVWZFK0RlSTlVdTdCYndkVGlCQWYyMStkakU0N1pZUG9RVDdEUFE4SWJ6NzlKS3h1Z3M5UXZaZEhrSFVzM2pVRDduemdScVpMaGh4Z2ZnVnR6M2YvektSTExpUlB4TGpnaitobStaUkp0YU9JaTFoYVpGUGVBY29iS0xncXY1YzkiLCJtYWMiOiI0YzQ1ZDZjNmY2YmIwNzM4YjNiZWY1OTU5ZWYyM2U3NjA3NDIzYjRlZmI1M2Q3MmU2MjVhOGJmNjM4YzQ2NDJmIiwidGFnIjoiIn0%3D"]},"cookies":{"remember_web_59ba36addc2b2f9401580f014c7f58ea4e30989d":"eyJpdiI6IitGb2wvTkZVRnYxOWV1QmRobzBZSmc9PSIsInZhbHVlIjoiYm5KR29iQ0E0SmdxdUN5ZGJGQ2kyQmQvdU9ibWVMR0hoa1dIbzlIQzBaakZjM0NISjdqcXBDakpWd3RwYVZPM3Q0VXlJWWQzMWw1SkJoTmxmMzBScllBdWtvZk1VT1JYWWFPUUFWQ3ZzTkpZSndWaDczYVJBdWV1T3R0bjlmbXA3d0dlMDJWSm5sRXFnYk1pdGtuSlB2ZUF1aVVOT28zQVBrdmRXMk8wYXdPVDE4ZGs0UnNWclZVeW1tcUxQM0tqbEJ6ZVllZTBrSmdrWnRBM3BmTHNacnhORmFna1lXNm5IbW16VldMcnhKTT0iLCJtYWMiOiIyOWIyNjExYzIzY2RhZWI4MzdjMTMxZGY5MmU2NGI2MzIwMzc3Y2U4M2U1NTdjNTczMDg0ODA5YTJiNDhmYmQ1IiwidGFnIjoiIn0=","operator_client_id":"eyJpdiI6Ilc3UFBRTEhlKzBhdDkzT0wvOGJhcGc9PSIsInZhbHVlIjoiaHNXdzZYbCtNZ2ZFdUdyQjAzTG9idWxLVlZKNmZYMHE4STU2RFNKTmlobWhZSVNuN2dTcDhYK1BHOFRyRDU2SyIsIm1hYyI6IjU1ZjcyMTY0NWEzMDRhZGU5ZWUxNjlhNWUyYTBjYjI3NjJkZjYwODg4YjkxODVlNWQxMDFlNjY3Yjk3MTI4YzgiLCJ0YWciOiIifQ==","current_hotel_id":"eyJpdiI6ImpZL3BPMEI2eXIzUC9yR0daMlhhTEE9PSIsInZhbHVlIjoiS0FLc1hyd1I5ZFFvRk5QcEliUFhsS1c1YjlnNFk1VDZiVFdlak5INFhFTmhoUmo5UXlzY1ExZkpZTHpDSUEwayIsIm1hYyI6IjhjYTE0ZDEwNmNhNDBlNGRjZjlkYTYxZWNkMjA5OGUxODRiZGIwNDk3NTk3M2MxODE4Y2I5NjFiMTUxZmY1NmMiLCJ0YWciOiIifQ==","XSRF-TOKEN":"eyJpdiI6IldiZURIVEZ2LzhiVzcvTmpmUmdlQXc9PSIsInZhbHVlIjoiMHNVeHFMYkdhOFpLZlhxLzBrbFFtWFpjWERZdXJKR2R1YTlnNGxoc29kTlpzdFUzOWFEMkFvSURCVmVsOGRhRjZJaEJjTW9ZOEd6OXk5SkhrMGxlVzVNemU0T0kxNWdiQ1o4WkVaRWtDU0ZVK3V6V3Y4VU5Ic0I2Y1FkSnBjSksiLCJtYWMiOiIyZTRlODE2YjZkMDAzZTYxZDViYzI3NjgyMjY3YjUwNDMxYmU2ZTEzMDZhNDc2ODZmOWYyMWUzNzI5N2UyNzE3IiwidGFnIjoiIn0=","laravel-session":"eyJpdiI6Iit2OHdyTnZSWnh0MGx6TkludkVrRGc9PSIsInZhbHVlIjoiVWZFK0RlSTlVdTdCYndkVGlCQWYyMStkakU0N1pZUG9RVDdEUFE4SWJ6NzlKS3h1Z3M5UXZaZEhrSFVzM2pVRDduemdScVpMaGh4Z2ZnVnR6M2YvektSTExpUlB4TGpnaitobStaUkp0YU9JaTFoYVpGUGVBY29iS0xncXY1YzkiLCJtYWMiOiI0YzQ1ZDZjNmY2YmIwNzM4YjNiZWY1OTU5ZWYyM2U3NjA3NDIzYjRlZmI1M2Q3MmU2MjVhOGJmNjM4YzQ2NDJmIiwidGFnIjoiIn0="}} 
[2025-12-03 12:18:46] local.INFO: LogRequests middleware called {"url":"http://localhost/api/auth/logout","method":"POST","headers":{"host":["localhost"],"connection":["keep-alive"],"content-length":["2"],"sec-ch-ua-platform":["\"Windows\""],"user-agent":["Mozilla/5.0 (Windows NT 10.0; Win64; x64) AppleWebKit/537.36 (KHTML, like Gecko) Chrome/142.0.0.0 Safari/537.36"],"accept":["application/json"],"sec-ch-ua":["\"Chromium\";v=\"142\", \"Google Chrome\";v=\"142\", \"Not_A Brand\";v=\"99\""],"content-type":["application/json"],"sec-ch-ua-mobile":["?0"],"origin":["http://localhost"],"sec-fetch-site":["same-origin"],"sec-fetch-mode":["cors"],"sec-fetch-dest":["empty"],"referer":["http://localhost/"],"accept-encoding":["gzip, deflate, br, zstd"],"accept-language":["ru-RU,ru;q=0.9,en-US;q=0.8,en;q=0.7"],"cookie":["remember_web_59ba36addc2b2f9401580f014c7f58ea4e30989d=eyJpdiI6IitGb2wvTkZVRnYxOWV1QmRobzBZSmc9PSIsInZhbHVlIjoiYm5KR29iQ0E0SmdxdUN5ZGJGQ2kyQmQvdU9ibWVMR0hoa1dIbzlIQzBaakZjM0NISjdqcXBDakpWd3RwYVZPM3Q0VXlJWWQzMWw1SkJoTmxmMzBScllBdWtvZk1VT1JYWWFPUUFWQ3ZzTkpZSndWaDczYVJBdWV1T3R0bjlmbXA3d0dlMDJWSm5sRXFnYk1pdGtuSlB2ZUF1aVVOT28zQVBrdmRXMk8wYXdPVDE4ZGs0UnNWclZVeW1tcUxQM0tqbEJ6ZVllZTBrSmdrWnRBM3BmTHNacnhORmFna1lXNm5IbW16VldMcnhKTT0iLCJtYWMiOiIyOWIyNjExYzIzY2RhZWI4MzdjMTMxZGY5MmU2NGI2MzIwMzc3Y2U4M2U1NTdjNTczMDg0ODA5YTJiNDhmYmQ1IiwidGFnIjoiIn0%3D; operator_client_id=eyJpdiI6Ilc3UFBRTEhlKzBhdDkzT0wvOGJhcGc9PSIsInZhbHVlIjoiaHNXdzZYbCtNZ2ZFdUdyQjAzTG9idWxLVlZKNmZYMHE4STU2RFNKTmlobWhZSVNuN2dTcDhYK1BHOFRyRDU2SyIsIm1hYyI6IjU1ZjcyMTY0NWEzMDRhZGU5ZWUxNjlhNWUyYTBjYjI3NjJkZjYwODg4YjkxODVlNWQxMDFlNjY3Yjk3MTI4YzgiLCJ0YWciOiIifQ%3D%3D; current_hotel_id=eyJpdiI6ImpZL3BPMEI2eXIzUC9yR0daMlhhTEE9PSIsInZhbHVlIjoiS0FLc1hyd1I5ZFFvRk5QcEliUFhsS1c1YjlnNFk1VDZiVFdlak5INFhFTmhoUmo5UXlzY1ExZkpZTHpDSUEwayIsIm1hYyI6IjhjYTE0ZDEwNmNhNDBlNGRjZjlkYTYxZWNkMjA5OGUxODRiZGIwNDk3NTk3M2MxODE4Y2I5NjFiMTUxZmY1NmMiLCJ0YWciOiIifQ%3D%3D; XSRF-TOKEN=eyJpdiI6IldiZURIVEZ2LzhiVzcvTmpmUmdlQXc9PSIsInZhbHVlIjoiMHNVeHFMYkdhOFpLZlhxLzBrbFFtWFpjWERZdXJKR2R1YTlnNGxoc29kTlpzdFUzOWFEMkFvSURCVmVsOGRhRjZJaEJjTW9ZOEd6OXk5SkhrMGxlVzVNemU0T0kxNWdiQ1o4WkVaRWtDU0ZVK3V6V3Y4VU5Ic0I2Y1FkSnBjSksiLCJtYWMiOiIyZTRlODE2YjZkMDAzZTYxZDViYzI3NjgyMjY3YjUwNDMxYmU2ZTEzMDZhNDc2ODZmOWYyMWUzNzI5N2UyNzE3IiwidGFnIjoiIn0%3D; laravel-session=eyJpdiI6Iit2OHdyTnZSWnh0MGx6TkludkVrRGc9PSIsInZhbHVlIjoiVWZFK0RlSTlVdTdCYndkVGlCQWYyMStkakU0N1pZUG9RVDdEUFE4SWJ6NzlKS3h1Z3M5UXZaZEhrSFVzM2pVRDduemdScVpMaGh4Z2ZnVnR6M2YvektSTExpUlB4TGpnaitobStaUkp0YU9JaTFoYVpGUGVBY29iS0xncXY1YzkiLCJtYWMiOiI0YzQ1ZDZjNmY2YmIwNzM4YjNiZWY1OTU5ZWYyM2U3NjA3NDIzYjRlZmI1M2Q3MmU2MjVhOGJmNjM4YzQ2NDJmIiwidGFnIjoiIn0%3D"]},"cookies":{"remember_web_59ba36addc2b2f9401580f014c7f58ea4e30989d":"eyJpdiI6IitGb2wvTkZVRnYxOWV1QmRobzBZSmc9PSIsInZhbHVlIjoiYm5KR29iQ0E0SmdxdUN5ZGJGQ2kyQmQvdU9ibWVMR0hoa1dIbzlIQzBaakZjM0NISjdqcXBDakpWd3RwYVZPM3Q0VXlJWWQzMWw1SkJoTmxmMzBScllBdWtvZk1VT1JYWWFPUUFWQ3ZzTkpZSndWaDczYVJBdWV1T3R0bjlmbXA3d0dlMDJWSm5sRXFnYk1pdGtuSlB2ZUF1aVVOT28zQVBrdmRXMk8wYXdPVDE4ZGs0UnNWclZVeW1tcUxQM0tqbEJ6ZVllZTBrSmdrWnRBM3BmTHNacnhORmFna1lXNm5IbW16VldMcnhKTT0iLCJtYWMiOiIyOWIyNjExYzIzY2RhZWI4MzdjMTMxZGY5MmU2NGI2MzIwMzc3Y2U4M2U1NTdjNTczMDg0ODA5YTJiNDhmYmQ1IiwidGFnIjoiIn0=","operator_client_id":"eyJpdiI6Ilc3UFBRTEhlKzBhdDkzT0wvOGJhcGc9PSIsInZhbHVlIjoiaHNXdzZYbCtNZ2ZFdUdyQjAzTG9idWxLVlZKNmZYMHE4STU2RFNKTmlobWhZSVNuN2dTcDhYK1BHOFRyRDU2SyIsIm1hYyI6IjU1ZjcyMTY0NWEzMDRhZGU5ZWUxNjlhNWUyYTBjYjI3NjJkZjYwODg4YjkxODVlNWQxMDFlNjY3Yjk3MTI4YzgiLCJ0YWciOiIifQ==","current_hotel_id":"eyJpdiI6ImpZL3BPMEI2eXIzUC9yR0daMlhhTEE9PSIsInZhbHVlIjoiS0FLc1hyd1I5ZFFvRk5QcEliUFhsS1c1YjlnNFk1VDZiVFdlak5INFhFTmhoUmo5UXlzY1ExZkpZTHpDSUEwayIsIm1hYyI6IjhjYTE0ZDEwNmNhNDBlNGRjZjlkYTYxZWNkMjA5OGUxODRiZGIwNDk3NTk3M2MxODE4Y2I5NjFiMTUxZmY1NmMiLCJ0YWciOiIifQ==","XSRF-TOKEN":"eyJpdiI6IldiZURIVEZ2LzhiVzcvTmpmUmdlQXc9PSIsInZhbHVlIjoiMHNVeHFMYkdhOFpLZlhxLzBrbFFtWFpjWERZdXJKR2R1YTlnNGxoc29kTlpzdFUzOWFEMkFvSURCVmVsOGRhRjZJaEJjTW9ZOEd6OXk5SkhrMGxlVzVNemU0T0kxNWdiQ1o4WkVaRWtDU0ZVK3V6V3Y4VU5Ic0I2Y1FkSnBjSksiLCJtYWMiOiIyZTRlODE2YjZkMDAzZTYxZDViYzI3NjgyMjY3YjUwNDMxYmU2ZTEzMDZhNDc2ODZmOWYyMWUzNzI5N2UyNzE3IiwidGFnIjoiIn0=","laravel-session":"eyJpdiI6Iit2OHdyTnZSWnh0MGx6TkludkVrRGc9PSIsInZhbHVlIjoiVWZFK0RlSTlVdTdCYndkVGlCQWYyMStkakU0N1pZUG9RVDdEUFE4SWJ6NzlKS3h1Z3M5UXZaZEhrSFVzM2pVRDduemdScVpMaGh4Z2ZnVnR6M2YvektSTExpUlB4TGpnaitobStaUkp0YU9JaTFoYVpGUGVBY29iS0xncXY1YzkiLCJtYWMiOiI0YzQ1ZDZjNmY2YmIwNzM4YjNiZWY1OTU5ZWYyM2U3NjA3NDIzYjRlZmI1M2Q3MmU2MjVhOGJmNjM4YzQ2NDJmIiwidGFnIjoiIn0="}} 
[2025-12-03 12:33:18] local.INFO: LogRequests middleware called {"url":"http://localhost/api/auth/login","method":"POST","headers":{"host":["localhost"],"connection":["keep-alive"],"content-length":["52"],"sec-ch-ua-platform":["\"Windows\""],"user-agent":["Mozilla/5.0 (Windows NT 10.0; Win64; x64) AppleWebKit/537.36 (KHTML, like Gecko) Chrome/142.0.0.0 Safari/537.36"],"accept":["application/json"],"sec-ch-ua":["\"Chromium\";v=\"142\", \"Google Chrome\";v=\"142\", \"Not_A Brand\";v=\"99\""],"content-type":["application/json"],"sec-ch-ua-mobile":["?0"],"origin":["http://localhost"],"sec-fetch-site":["same-origin"],"sec-fetch-mode":["cors"],"sec-fetch-dest":["empty"],"referer":["http://localhost/"],"accept-encoding":["gzip, deflate, br, zstd"],"accept-language":["ru-RU,ru;q=0.9,en-US;q=0.8,en;q=0.7"],"cookie":["remember_web_59ba36addc2b2f9401580f014c7f58ea4e30989d=eyJpdiI6IitGb2wvTkZVRnYxOWV1QmRobzBZSmc9PSIsInZhbHVlIjoiYm5KR29iQ0E0SmdxdUN5ZGJGQ2kyQmQvdU9ibWVMR0hoa1dIbzlIQzBaakZjM0NISjdqcXBDakpWd3RwYVZPM3Q0VXlJWWQzMWw1SkJoTmxmMzBScllBdWtvZk1VT1JYWWFPUUFWQ3ZzTkpZSndWaDczYVJBdWV1T3R0bjlmbXA3d0dlMDJWSm5sRXFnYk1pdGtuSlB2ZUF1aVVOT28zQVBrdmRXMk8wYXdPVDE4ZGs0UnNWclZVeW1tcUxQM0tqbEJ6ZVllZTBrSmdrWnRBM3BmTHNacnhORmFna1lXNm5IbW16VldMcnhKTT0iLCJtYWMiOiIyOWIyNjExYzIzY2RhZWI4MzdjMTMxZGY5MmU2NGI2MzIwMzc3Y2U4M2U1NTdjNTczMDg0ODA5YTJiNDhmYmQ1IiwidGFnIjoiIn0%3D; operator_client_id=eyJpdiI6Ilc3UFBRTEhlKzBhdDkzT0wvOGJhcGc9PSIsInZhbHVlIjoiaHNXdzZYbCtNZ2ZFdUdyQjAzTG9idWxLVlZKNmZYMHE4STU2RFNKTmlobWhZSVNuN2dTcDhYK1BHOFRyRDU2SyIsIm1hYyI6IjU1ZjcyMTY0NWEzMDRhZGU5ZWUxNjlhNWUyYTBjYjI3NjJkZjYwODg4YjkxODVlNWQxMDFlNjY3Yjk3MTI4YzgiLCJ0YWciOiIifQ%3D%3D; current_hotel_id=eyJpdiI6ImpZL3BPMEI2eXIzUC9yR0daMlhhTEE9PSIsInZhbHVlIjoiS0FLc1hyd1I5ZFFvRk5QcEliUFhsS1c1YjlnNFk1VDZiVFdlak5INFhFTmhoUmo5UXlzY1ExZkpZTHpDSUEwayIsIm1hYyI6IjhjYTE0ZDEwNmNhNDBlNGRjZjlkYTYxZWNkMjA5OGUxODRiZGIwNDk3NTk3M2MxODE4Y2I5NjFiMTUxZmY1NmMiLCJ0YWciOiIifQ%3D%3D; XSRF-TOKEN=eyJpdiI6Ik5iNHlBd2hqU2xkWUcwWEhxaG0xSUE9PSIsInZhbHVlIjoiMklLdldzWlJlRjZiaWtrVXpWVS9VQmdOQ0p3Z1VtTnk5TEthV29aQTNnYWRGbW1pWHpRZnRuZTlsVWtNQ04xaGNPS0RzajV6OUFkLzFzY1RFT3FEbC9VeG82L1ZLRkNmbll0SDArbkZ3c1JXQVQvQXpIT3FMb1FvclQwUXZSK3UiLCJtYWMiOiI5OTVkMDc4ZjcyYWFhM2FmNTEzOWVmMDEzYmU0MmZhMTZiNjg5ZWQ1YTdkMTA5OWM4MDM4ODMzMmYwMzRmYTMxIiwidGFnIjoiIn0%3D; laravel-session=eyJpdiI6IkFHdU96NVNPYVdYaHk0aTY2UTJtZ2c9PSIsInZhbHVlIjoiQXJkRzVUNjN5bk5ZWkYreEV2eFJYTnFqbTRYWG5aWWw1ZzgxUkJURGp3S3hYamRacmxnWjVaZ2JWbWMycFA0ZVNiR2Y3SEt4RmQ3dWlheGJWQzRSSHJBd1o1M05tNzRGblBreEFFVkpiY2d2VitFWU5FOHZINy9tQk1YK1M3UGMiLCJtYWMiOiI1MjY1YzAzMDBjNTllN2VkNjQyYjQ0NzliODE0MjQ4NmI0MDcyYjkxNzkzODBlODBlZDQ3ZTY0YTlkODVmNzlhIiwidGFnIjoiIn0%3D"]},"cookies":{"remember_web_59ba36addc2b2f9401580f014c7f58ea4e30989d":"eyJpdiI6IitGb2wvTkZVRnYxOWV1QmRobzBZSmc9PSIsInZhbHVlIjoiYm5KR29iQ0E0SmdxdUN5ZGJGQ2kyQmQvdU9ibWVMR0hoa1dIbzlIQzBaakZjM0NISjdqcXBDakpWd3RwYVZPM3Q0VXlJWWQzMWw1SkJoTmxmMzBScllBdWtvZk1VT1JYWWFPUUFWQ3ZzTkpZSndWaDczYVJBdWV1T3R0bjlmbXA3d0dlMDJWSm5sRXFnYk1pdGtuSlB2ZUF1aVVOT28zQVBrdmRXMk8wYXdPVDE4ZGs0UnNWclZVeW1tcUxQM0tqbEJ6ZVllZTBrSmdrWnRBM3BmTHNacnhORmFna1lXNm5IbW16VldMcnhKTT0iLCJtYWMiOiIyOWIyNjExYzIzY2RhZWI4MzdjMTMxZGY5MmU2NGI2MzIwMzc3Y2U4M2U1NTdjNTczMDg0ODA5YTJiNDhmYmQ1IiwidGFnIjoiIn0=","operator_client_id":"eyJpdiI6Ilc3UFBRTEhlKzBhdDkzT0wvOGJhcGc9PSIsInZhbHVlIjoiaHNXdzZYbCtNZ2ZFdUdyQjAzTG9idWxLVlZKNmZYMHE4STU2RFNKTmlobWhZSVNuN2dTcDhYK1BHOFRyRDU2SyIsIm1hYyI6IjU1ZjcyMTY0NWEzMDRhZGU5ZWUxNjlhNWUyYTBjYjI3NjJkZjYwODg4YjkxODVlNWQxMDFlNjY3Yjk3MTI4YzgiLCJ0YWciOiIifQ==","current_hotel_id":"eyJpdiI6ImpZL3BPMEI2eXIzUC9yR0daMlhhTEE9PSIsInZhbHVlIjoiS0FLc1hyd1I5ZFFvRk5QcEliUFhsS1c1YjlnNFk1VDZiVFdlak5INFhFTmhoUmo5UXlzY1ExZkpZTHpDSUEwayIsIm1hYyI6IjhjYTE0ZDEwNmNhNDBlNGRjZjlkYTYxZWNkMjA5OGUxODRiZGIwNDk3NTk3M2MxODE4Y2I5NjFiMTUxZmY1NmMiLCJ0YWciOiIifQ==","XSRF-TOKEN":"eyJpdiI6Ik5iNHlBd2hqU2xkWUcwWEhxaG0xSUE9PSIsInZhbHVlIjoiMklLdldzWlJlRjZiaWtrVXpWVS9VQmdOQ0p3Z1VtTnk5TEthV29aQTNnYWRGbW1pWHpRZnRuZTlsVWtNQ04xaGNPS0RzajV6OUFkLzFzY1RFT3FEbC9VeG82L1ZLRkNmbll0SDArbkZ3c1JXQVQvQXpIT3FMb1FvclQwUXZSK3UiLCJtYWMiOiI5OTVkMDc4ZjcyYWFhM2FmNTEzOWVmMDEzYmU0MmZhMTZiNjg5ZWQ1YTdkMTA5OWM4MDM4ODMzMmYwMzRmYTMxIiwidGFnIjoiIn0=","laravel-session":"eyJpdiI6IkFHdU96NVNPYVdYaHk0aTY2UTJtZ2c9PSIsInZhbHVlIjoiQXJkRzVUNjN5bk5ZWkYreEV2eFJYTnFqbTRYWG5aWWw1ZzgxUkJURGp3S3hYamRacmxnWjVaZ2JWbWMycFA0ZVNiR2Y3SEt4RmQ3dWlheGJWQzRSSHJBd1o1M05tNzRGblBreEFFVkpiY2d2VitFWU5FOHZINy9tQk1YK1M3UGMiLCJtYWMiOiI1MjY1YzAzMDBjNTllN2VkNjQyYjQ0NzliODE0MjQ4NmI0MDcyYjkxNzkzODBlODBlZDQ3ZTY0YTlkODVmNzlhIiwidGFnIjoiIn0="}} 
[2025-12-03 12:33:20] local.INFO: LogRequests middleware called {"url":"http://localhost/api/auth/logout","method":"POST","headers":{"host":["localhost"],"connection":["keep-alive"],"content-length":["2"],"sec-ch-ua-platform":["\"Windows\""],"user-agent":["Mozilla/5.0 (Windows NT 10.0; Win64; x64) AppleWebKit/537.36 (KHTML, like Gecko) Chrome/142.0.0.0 Safari/537.36"],"accept":["application/json"],"sec-ch-ua":["\"Chromium\";v=\"142\", \"Google Chrome\";v=\"142\", \"Not_A Brand\";v=\"99\""],"content-type":["application/json"],"sec-ch-ua-mobile":["?0"],"origin":["http://localhost"],"sec-fetch-site":["same-origin"],"sec-fetch-mode":["cors"],"sec-fetch-dest":["empty"],"referer":["http://localhost/"],"accept-encoding":["gzip, deflate, br, zstd"],"accept-language":["ru-RU,ru;q=0.9,en-US;q=0.8,en;q=0.7"],"cookie":["remember_web_59ba36addc2b2f9401580f014c7f58ea4e30989d=eyJpdiI6IitGb2wvTkZVRnYxOWV1QmRobzBZSmc9PSIsInZhbHVlIjoiYm5KR29iQ0E0SmdxdUN5ZGJGQ2kyQmQvdU9ibWVMR0hoa1dIbzlIQzBaakZjM0NISjdqcXBDakpWd3RwYVZPM3Q0VXlJWWQzMWw1SkJoTmxmMzBScllBdWtvZk1VT1JYWWFPUUFWQ3ZzTkpZSndWaDczYVJBdWV1T3R0bjlmbXA3d0dlMDJWSm5sRXFnYk1pdGtuSlB2ZUF1aVVOT28zQVBrdmRXMk8wYXdPVDE4ZGs0UnNWclZVeW1tcUxQM0tqbEJ6ZVllZTBrSmdrWnRBM3BmTHNacnhORmFna1lXNm5IbW16VldMcnhKTT0iLCJtYWMiOiIyOWIyNjExYzIzY2RhZWI4MzdjMTMxZGY5MmU2NGI2MzIwMzc3Y2U4M2U1NTdjNTczMDg0ODA5YTJiNDhmYmQ1IiwidGFnIjoiIn0%3D; operator_client_id=eyJpdiI6Ilc3UFBRTEhlKzBhdDkzT0wvOGJhcGc9PSIsInZhbHVlIjoiaHNXdzZYbCtNZ2ZFdUdyQjAzTG9idWxLVlZKNmZYMHE4STU2RFNKTmlobWhZSVNuN2dTcDhYK1BHOFRyRDU2SyIsIm1hYyI6IjU1ZjcyMTY0NWEzMDRhZGU5ZWUxNjlhNWUyYTBjYjI3NjJkZjYwODg4YjkxODVlNWQxMDFlNjY3Yjk3MTI4YzgiLCJ0YWciOiIifQ%3D%3D; current_hotel_id=eyJpdiI6ImpZL3BPMEI2eXIzUC9yR0daMlhhTEE9PSIsInZhbHVlIjoiS0FLc1hyd1I5ZFFvRk5QcEliUFhsS1c1YjlnNFk1VDZiVFdlak5INFhFTmhoUmo5UXlzY1ExZkpZTHpDSUEwayIsIm1hYyI6IjhjYTE0ZDEwNmNhNDBlNGRjZjlkYTYxZWNkMjA5OGUxODRiZGIwNDk3NTk3M2MxODE4Y2I5NjFiMTUxZmY1NmMiLCJ0YWciOiIifQ%3D%3D; XSRF-TOKEN=eyJpdiI6Ik5iNHlBd2hqU2xkWUcwWEhxaG0xSUE9PSIsInZhbHVlIjoiMklLdldzWlJlRjZiaWtrVXpWVS9VQmdOQ0p3Z1VtTnk5TEthV29aQTNnYWRGbW1pWHpRZnRuZTlsVWtNQ04xaGNPS0RzajV6OUFkLzFzY1RFT3FEbC9VeG82L1ZLRkNmbll0SDArbkZ3c1JXQVQvQXpIT3FMb1FvclQwUXZSK3UiLCJtYWMiOiI5OTVkMDc4ZjcyYWFhM2FmNTEzOWVmMDEzYmU0MmZhMTZiNjg5ZWQ1YTdkMTA5OWM4MDM4ODMzMmYwMzRmYTMxIiwidGFnIjoiIn0%3D; laravel-session=eyJpdiI6IkFHdU96NVNPYVdYaHk0aTY2UTJtZ2c9PSIsInZhbHVlIjoiQXJkRzVUNjN5bk5ZWkYreEV2eFJYTnFqbTRYWG5aWWw1ZzgxUkJURGp3S3hYamRacmxnWjVaZ2JWbWMycFA0ZVNiR2Y3SEt4RmQ3dWlheGJWQzRSSHJBd1o1M05tNzRGblBreEFFVkpiY2d2VitFWU5FOHZINy9tQk1YK1M3UGMiLCJtYWMiOiI1MjY1YzAzMDBjNTllN2VkNjQyYjQ0NzliODE0MjQ4NmI0MDcyYjkxNzkzODBlODBlZDQ3ZTY0YTlkODVmNzlhIiwidGFnIjoiIn0%3D"]},"cookies":{"remember_web_59ba36addc2b2f9401580f014c7f58ea4e30989d":"eyJpdiI6IitGb2wvTkZVRnYxOWV1QmRobzBZSmc9PSIsInZhbHVlIjoiYm5KR29iQ0E0SmdxdUN5ZGJGQ2kyQmQvdU9ibWVMR0hoa1dIbzlIQzBaakZjM0NISjdqcXBDakpWd3RwYVZPM3Q0VXlJWWQzMWw1SkJoTmxmMzBScllBdWtvZk1VT1JYWWFPUUFWQ3ZzTkpZSndWaDczYVJBdWV1T3R0bjlmbXA3d0dlMDJWSm5sRXFnYk1pdGtuSlB2ZUF1aVVOT28zQVBrdmRXMk8wYXdPVDE4ZGs0UnNWclZVeW1tcUxQM0tqbEJ6ZVllZTBrSmdrWnRBM3BmTHNacnhORmFna1lXNm5IbW16VldMcnhKTT0iLCJtYWMiOiIyOWIyNjExYzIzY2RhZWI4MzdjMTMxZGY5MmU2NGI2MzIwMzc3Y2U4M2U1NTdjNTczMDg0ODA5YTJiNDhmYmQ1IiwidGFnIjoiIn0=","operator_client_id":"eyJpdiI6Ilc3UFBRTEhlKzBhdDkzT0wvOGJhcGc9PSIsInZhbHVlIjoiaHNXdzZYbCtNZ2ZFdUdyQjAzTG9idWxLVlZKNmZYMHE4STU2RFNKTmlobWhZSVNuN2dTcDhYK1BHOFRyRDU2SyIsIm1hYyI6IjU1ZjcyMTY0NWEzMDRhZGU5ZWUxNjlhNWUyYTBjYjI3NjJkZjYwODg4YjkxODVlNWQxMDFlNjY3Yjk3MTI4YzgiLCJ0YWciOiIifQ==","current_hotel_id":"eyJpdiI6ImpZL3BPMEI2eXIzUC9yR0daMlhhTEE9PSIsInZhbHVlIjoiS0FLc1hyd1I5ZFFvRk5QcEliUFhsS1c1YjlnNFk1VDZiVFdlak5INFhFTmhoUmo5UXlzY1ExZkpZTHpDSUEwayIsIm1hYyI6IjhjYTE0ZDEwNmNhNDBlNGRjZjlkYTYxZWNkMjA5OGUxODRiZGIwNDk3NTk3M2MxODE4Y2I5NjFiMTUxZmY1NmMiLCJ0YWciOiIifQ==","XSRF-TOKEN":"eyJpdiI6Ik5iNHlBd2hqU2xkWUcwWEhxaG0xSUE9PSIsInZhbHVlIjoiMklLdldzWlJlRjZiaWtrVXpWVS9VQmdOQ0p3Z1VtTnk5TEthV29aQTNnYWRGbW1pWHpRZnRuZTlsVWtNQ04xaGNPS0RzajV6OUFkLzFzY1RFT3FEbC9VeG82L1ZLRkNmbll0SDArbkZ3c1JXQVQvQXpIT3FMb1FvclQwUXZSK3UiLCJtYWMiOiI5OTVkMDc4ZjcyYWFhM2FmNTEzOWVmMDEzYmU0MmZhMTZiNjg5ZWQ1YTdkMTA5OWM4MDM4ODMzMmYwMzRmYTMxIiwidGFnIjoiIn0=","laravel-session":"eyJpdiI6IkFHdU96NVNPYVdYaHk0aTY2UTJtZ2c9PSIsInZhbHVlIjoiQXJkRzVUNjN5bk5ZWkYreEV2eFJYTnFqbTRYWG5aWWw1ZzgxUkJURGp3S3hYamRacmxnWjVaZ2JWbWMycFA0ZVNiR2Y3SEt4RmQ3dWlheGJWQzRSSHJBd1o1M05tNzRGblBreEFFVkpiY2d2VitFWU5FOHZINy9tQk1YK1M3UGMiLCJtYWMiOiI1MjY1YzAzMDBjNTllN2VkNjQyYjQ0NzliODE0MjQ4NmI0MDcyYjkxNzkzODBlODBlZDQ3ZTY0YTlkODVmNzlhIiwidGFnIjoiIn0="}} 
[2025-12-03 12:33:20] local.INFO: LogRequests middleware called {"url":"http://localhost/api/auth/logout","method":"POST","headers":{"host":["localhost"],"connection":["keep-alive"],"content-length":["2"],"sec-ch-ua-platform":["\"Windows\""],"user-agent":["Mozilla/5.0 (Windows NT 10.0; Win64; x64) AppleWebKit/537.36 (KHTML, like Gecko) Chrome/142.0.0.0 Safari/537.36"],"accept":["application/json"],"sec-ch-ua":["\"Chromium\";v=\"142\", \"Google Chrome\";v=\"142\", \"Not_A Brand\";v=\"99\""],"content-type":["application/json"],"sec-ch-ua-mobile":["?0"],"origin":["http://localhost"],"sec-fetch-site":["same-origin"],"sec-fetch-mode":["cors"],"sec-fetch-dest":["empty"],"referer":["http://localhost/"],"accept-encoding":["gzip, deflate, br, zstd"],"accept-language":["ru-RU,ru;q=0.9,en-US;q=0.8,en;q=0.7"],"cookie":["remember_web_59ba36addc2b2f9401580f014c7f58ea4e30989d=eyJpdiI6IitGb2wvTkZVRnYxOWV1QmRobzBZSmc9PSIsInZhbHVlIjoiYm5KR29iQ0E0SmdxdUN5ZGJGQ2kyQmQvdU9ibWVMR0hoa1dIbzlIQzBaakZjM0NISjdqcXBDakpWd3RwYVZPM3Q0VXlJWWQzMWw1SkJoTmxmMzBScllBdWtvZk1VT1JYWWFPUUFWQ3ZzTkpZSndWaDczYVJBdWV1T3R0bjlmbXA3d0dlMDJWSm5sRXFnYk1pdGtuSlB2ZUF1aVVOT28zQVBrdmRXMk8wYXdPVDE4ZGs0UnNWclZVeW1tcUxQM0tqbEJ6ZVllZTBrSmdrWnRBM3BmTHNacnhORmFna1lXNm5IbW16VldMcnhKTT0iLCJtYWMiOiIyOWIyNjExYzIzY2RhZWI4MzdjMTMxZGY5MmU2NGI2MzIwMzc3Y2U4M2U1NTdjNTczMDg0ODA5YTJiNDhmYmQ1IiwidGFnIjoiIn0%3D; operator_client_id=eyJpdiI6Ilc3UFBRTEhlKzBhdDkzT0wvOGJhcGc9PSIsInZhbHVlIjoiaHNXdzZYbCtNZ2ZFdUdyQjAzTG9idWxLVlZKNmZYMHE4STU2RFNKTmlobWhZSVNuN2dTcDhYK1BHOFRyRDU2SyIsIm1hYyI6IjU1ZjcyMTY0NWEzMDRhZGU5ZWUxNjlhNWUyYTBjYjI3NjJkZjYwODg4YjkxODVlNWQxMDFlNjY3Yjk3MTI4YzgiLCJ0YWciOiIifQ%3D%3D; current_hotel_id=eyJpdiI6ImpZL3BPMEI2eXIzUC9yR0daMlhhTEE9PSIsInZhbHVlIjoiS0FLc1hyd1I5ZFFvRk5QcEliUFhsS1c1YjlnNFk1VDZiVFdlak5INFhFTmhoUmo5UXlzY1ExZkpZTHpDSUEwayIsIm1hYyI6IjhjYTE0ZDEwNmNhNDBlNGRjZjlkYTYxZWNkMjA5OGUxODRiZGIwNDk3NTk3M2MxODE4Y2I5NjFiMTUxZmY1NmMiLCJ0YWciOiIifQ%3D%3D; XSRF-TOKEN=eyJpdiI6Ik5iNHlBd2hqU2xkWUcwWEhxaG0xSUE9PSIsInZhbHVlIjoiMklLdldzWlJlRjZiaWtrVXpWVS9VQmdOQ0p3Z1VtTnk5TEthV29aQTNnYWRGbW1pWHpRZnRuZTlsVWtNQ04xaGNPS0RzajV6OUFkLzFzY1RFT3FEbC9VeG82L1ZLRkNmbll0SDArbkZ3c1JXQVQvQXpIT3FMb1FvclQwUXZSK3UiLCJtYWMiOiI5OTVkMDc4ZjcyYWFhM2FmNTEzOWVmMDEzYmU0MmZhMTZiNjg5ZWQ1YTdkMTA5OWM4MDM4ODMzMmYwMzRmYTMxIiwidGFnIjoiIn0%3D; laravel-session=eyJpdiI6IkFHdU96NVNPYVdYaHk0aTY2UTJtZ2c9PSIsInZhbHVlIjoiQXJkRzVUNjN5bk5ZWkYreEV2eFJYTnFqbTRYWG5aWWw1ZzgxUkJURGp3S3hYamRacmxnWjVaZ2JWbWMycFA0ZVNiR2Y3SEt4RmQ3dWlheGJWQzRSSHJBd1o1M05tNzRGblBreEFFVkpiY2d2VitFWU5FOHZINy9tQk1YK1M3UGMiLCJtYWMiOiI1MjY1YzAzMDBjNTllN2VkNjQyYjQ0NzliODE0MjQ4NmI0MDcyYjkxNzkzODBlODBlZDQ3ZTY0YTlkODVmNzlhIiwidGFnIjoiIn0%3D"]},"cookies":{"remember_web_59ba36addc2b2f9401580f014c7f58ea4e30989d":"eyJpdiI6IitGb2wvTkZVRnYxOWV1QmRobzBZSmc9PSIsInZhbHVlIjoiYm5KR29iQ0E0SmdxdUN5ZGJGQ2kyQmQvdU9ibWVMR0hoa1dIbzlIQzBaakZjM0NISjdqcXBDakpWd3RwYVZPM3Q0VXlJWWQzMWw1SkJoTmxmMzBScllBdWtvZk1VT1JYWWFPUUFWQ3ZzTkpZSndWaDczYVJBdWV1T3R0bjlmbXA3d0dlMDJWSm5sRXFnYk1pdGtuSlB2ZUF1aVVOT28zQVBrdmRXMk8wYXdPVDE4ZGs0UnNWclZVeW1tcUxQM0tqbEJ6ZVllZTBrSmdrWnRBM3BmTHNacnhORmFna1lXNm5IbW16VldMcnhKTT0iLCJtYWMiOiIyOWIyNjExYzIzY2RhZWI4MzdjMTMxZGY5MmU2NGI2MzIwMzc3Y2U4M2U1NTdjNTczMDg0ODA5YTJiNDhmYmQ1IiwidGFnIjoiIn0=","operator_client_id":"eyJpdiI6Ilc3UFBRTEhlKzBhdDkzT0wvOGJhcGc9PSIsInZhbHVlIjoiaHNXdzZYbCtNZ2ZFdUdyQjAzTG9idWxLVlZKNmZYMHE4STU2RFNKTmlobWhZSVNuN2dTcDhYK1BHOFRyRDU2SyIsIm1hYyI6IjU1ZjcyMTY0NWEzMDRhZGU5ZWUxNjlhNWUyYTBjYjI3NjJkZjYwODg4YjkxODVlNWQxMDFlNjY3Yjk3MTI4YzgiLCJ0YWciOiIifQ==","current_hotel_id":"eyJpdiI6ImpZL3BPMEI2eXIzUC9yR0daMlhhTEE9PSIsInZhbHVlIjoiS0FLc1hyd1I5ZFFvRk5QcEliUFhsS1c1YjlnNFk1VDZiVFdlak5INFhFTmhoUmo5UXlzY1ExZkpZTHpDSUEwayIsIm1hYyI6IjhjYTE0ZDEwNmNhNDBlNGRjZjlkYTYxZWNkMjA5OGUxODRiZGIwNDk3NTk3M2MxODE4Y2I5NjFiMTUxZmY1NmMiLCJ0YWciOiIifQ==","XSRF-TOKEN":"eyJpdiI6Ik5iNHlBd2hqU2xkWUcwWEhxaG0xSUE9PSIsInZhbHVlIjoiMklLdldzWlJlRjZiaWtrVXpWVS9VQmdOQ0p3Z1VtTnk5TEthV29aQTNnYWRGbW1pWHpRZnRuZTlsVWtNQ04xaGNPS0RzajV6OUFkLzFzY1RFT3FEbC9VeG82L1ZLRkNmbll0SDArbkZ3c1JXQVQvQXpIT3FMb1FvclQwUXZSK3UiLCJtYWMiOiI5OTVkMDc4ZjcyYWFhM2FmNTEzOWVmMDEzYmU0MmZhMTZiNjg5ZWQ1YTdkMTA5OWM4MDM4ODMzMmYwMzRmYTMxIiwidGFnIjoiIn0=","laravel-session":"eyJpdiI6IkFHdU96NVNPYVdYaHk0aTY2UTJtZ2c9PSIsInZhbHVlIjoiQXJkRzVUNjN5bk5ZWkYreEV2eFJYTnFqbTRYWG5aWWw1ZzgxUkJURGp3S3hYamRacmxnWjVaZ2JWbWMycFA0ZVNiR2Y3SEt4RmQ3dWlheGJWQzRSSHJBd1o1M05tNzRGblBreEFFVkpiY2d2VitFWU5FOHZINy9tQk1YK1M3UGMiLCJtYWMiOiI1MjY1YzAzMDBjNTllN2VkNjQyYjQ0NzliODE0MjQ4NmI0MDcyYjkxNzkzODBlODBlZDQ3ZTY0YTlkODVmNzlhIiwidGFnIjoiIn0="}} 
[2025-12-03 12:35:36] local.INFO: LogRequests middleware called {"url":"http://localhost/api/auth/login","method":"POST","headers":{"accept":["application/json, text/plain, */*"],"content-type":["application/json"],"user-agent":["bruno-runtime/2.15.0"],"request-start-time":["1764765336159"],"content-length":["61"],"accept-encoding":["gzip, compress, deflate, br"],"host":["localhost"],"connection":["keep-alive"]},"cookies":[]} 
[2025-12-03 12:35:48] local.INFO: LogRequests middleware called {"url":"http://localhost/api/auth/logout","method":"POST","headers":{"accept":["application/json, text/plain, */*"],"content-type":["application/json"],"user-agent":["bruno-runtime/2.15.0"],"authorization":["Bearer 10|bUe06etF02zJBzzZqsIg0Pu33uI5P5zT6wV4y5iJ438cab91"],"request-start-time":["1764765348498"],"accept-encoding":["gzip, compress, deflate, br"],"host":["localhost"],"connection":["keep-alive"],"content-length":["0"]},"cookies":[]} 
[2025-12-03 12:35:49] local.ERROR: SQLSTATE[23503]: Foreign key violation: 7 ERROR:  update or delete on table "personal_access_tokens" violates foreign key constraint "refresh_tokens_token_id_foreign" on table "refresh_tokens"
DETAIL:  Key (id)=(10) is still referenced from table "refresh_tokens". (Connection: pgsql, SQL: delete from "personal_access_tokens" where "id" = 10) {"userId":1,"exception":"[object] (Illuminate\\Database\\QueryException(code: 23503): SQLSTATE[23503]: Foreign key violation: 7 ERROR:  update or delete on table \"personal_access_tokens\" violates foreign key constraint \"refresh_tokens_token_id_foreign\" on table \"refresh_tokens\"
DETAIL:  Key (id)=(10) is still referenced from table \"refresh_tokens\". (Connection: pgsql, SQL: delete from \"personal_access_tokens\" where \"id\" = 10) at /var/www/html/vendor/laravel/framework/src/Illuminate/Database/Connection.php:824)
[stacktrace]
#0 /var/www/html/vendor/laravel/framework/src/Illuminate/Database/Connection.php(778): Illuminate\\Database\\Connection->runQueryCallback()
#1 /var/www/html/vendor/laravel/framework/src/Illuminate/Database/Connection.php(583): Illuminate\\Database\\Connection->run()
#2 /var/www/html/vendor/laravel/framework/src/Illuminate/Database/Connection.php(547): Illuminate\\Database\\Connection->affectingStatement()
#3 /var/www/html/vendor/laravel/framework/src/Illuminate/Database/Query/Builder.php(4109): Illuminate\\Database\\Connection->delete()
#4 /var/www/html/vendor/laravel/framework/src/Illuminate/Database/Eloquent/Builder.php(1478): Illuminate\\Database\\Query\\Builder->delete()
#5 /var/www/html/vendor/laravel/framework/src/Illuminate/Database/Eloquent/Model.php(1578): Illuminate\\Database\\Eloquent\\Builder->delete()
#6 /var/www/html/vendor/laravel/framework/src/Illuminate/Database/Eloquent/Model.php(1510): Illuminate\\Database\\Eloquent\\Model->performDeleteOnModel()
#7 /var/www/html/app/Http/Controllers/Api/AuthController.php(83): Illuminate\\Database\\Eloquent\\Model->delete()
#8 /var/www/html/vendor/laravel/framework/src/Illuminate/Routing/ControllerDispatcher.php(46): App\\Http\\Controllers\\Api\\AuthController->logout()
#9 /var/www/html/vendor/laravel/framework/src/Illuminate/Routing/Route.php(265): Illuminate\\Routing\\ControllerDispatcher->dispatch()
#10 /var/www/html/vendor/laravel/framework/src/Illuminate/Routing/Route.php(211): Illuminate\\Routing\\Route->runController()
#11 /var/www/html/vendor/laravel/framework/src/Illuminate/Routing/Router.php(822): Illuminate\\Routing\\Route->run()
#12 /var/www/html/vendor/laravel/framework/src/Illuminate/Pipeline/Pipeline.php(180): Illuminate\\Routing\\Router->{closure:Illuminate\\Routing\\Router::runRouteWithinStack():821}()
#13 /var/www/html/vendor/laravel/framework/src/Illuminate/Routing/Middleware/SubstituteBindings.php(50): Illuminate\\Pipeline\\Pipeline->{closure:Illuminate\\Pipeline\\Pipeline::prepareDestination():178}()
#14 /var/www/html/vendor/laravel/framework/src/Illuminate/Pipeline/Pipeline.php(219): Illuminate\\Routing\\Middleware\\SubstituteBindings->handle()
#15 /var/www/html/vendor/laravel/framework/src/Illuminate/Auth/Middleware/Authenticate.php(63): Illuminate\\Pipeline\\Pipeline->{closure:{closure:Illuminate\\Pipeline\\Pipeline::carry():194}:195}()
#16 /var/www/html/vendor/laravel/framework/src/Illuminate/Pipeline/Pipeline.php(219): Illuminate\\Auth\\Middleware\\Authenticate->handle()
#17 /var/www/html/app/Http/Middleware/LogRequests.php(45): Illuminate\\Pipeline\\Pipeline->{closure:{closure:Illuminate\\Pipeline\\Pipeline::carry():194}:195}()
#18 /var/www/html/vendor/laravel/framework/src/Illuminate/Pipeline/Pipeline.php(219): App\\Http\\Middleware\\LogRequests->handle()
#19 /var/www/html/vendor/laravel/framework/src/Illuminate/Pipeline/Pipeline.php(137): Illuminate\\Pipeline\\Pipeline->{closure:{closure:Illuminate\\Pipeline\\Pipeline::carry():194}:195}()
#20 /var/www/html/vendor/laravel/framework/src/Illuminate/Routing/Router.php(821): Illuminate\\Pipeline\\Pipeline->then()
#21 /var/www/html/vendor/laravel/framework/src/Illuminate/Routing/Router.php(800): Illuminate\\Routing\\Router->runRouteWithinStack()
#22 /var/www/html/vendor/laravel/framework/src/Illuminate/Routing/Router.php(764): Illuminate\\Routing\\Router->runRoute()
#23 /var/www/html/vendor/laravel/framework/src/Illuminate/Routing/Router.php(753): Illuminate\\Routing\\Router->dispatchToRoute()
#24 /var/www/html/vendor/laravel/framework/src/Illuminate/Foundation/Http/Kernel.php(200): Illuminate\\Routing\\Router->dispatch()
#25 /var/www/html/vendor/laravel/framework/src/Illuminate/Pipeline/Pipeline.php(180): Illuminate\\Foundation\\Http\\Kernel->{closure:Illuminate\\Foundation\\Http\\Kernel::dispatchToRouter():197}()
#26 /var/www/html/vendor/laravel/framework/src/Illuminate/Foundation/Http/Middleware/TransformsRequest.php(21): Illuminate\\Pipeline\\Pipeline->{closure:Illuminate\\Pipeline\\Pipeline::prepareDestination():178}()
#27 /var/www/html/vendor/laravel/framework/src/Illuminate/Foundation/Http/Middleware/ConvertEmptyStringsToNull.php(31): Illuminate\\Foundation\\Http\\Middleware\\TransformsRequest->handle()
#28 /var/www/html/vendor/laravel/framework/src/Illuminate/Pipeline/Pipeline.php(219): Illuminate\\Foundation\\Http\\Middleware\\ConvertEmptyStringsToNull->handle()
#29 /var/www/html/vendor/laravel/framework/src/Illuminate/Foundation/Http/Middleware/TransformsRequest.php(21): Illuminate\\Pipeline\\Pipeline->{closure:{closure:Illuminate\\Pipeline\\Pipeline::carry():194}:195}()
#30 /var/www/html/vendor/laravel/framework/src/Illuminate/Foundation/Http/Middleware/TrimStrings.php(51): Illuminate\\Foundation\\Http\\Middleware\\TransformsRequest->handle()
#31 /var/www/html/vendor/laravel/framework/src/Illuminate/Pipeline/Pipeline.php(219): Illuminate\\Foundation\\Http\\Middleware\\TrimStrings->handle()
#32 /var/www/html/vendor/laravel/framework/src/Illuminate/Http/Middleware/ValidatePostSize.php(27): Illuminate\\Pipeline\\Pipeline->{closure:{closure:Illuminate\\Pipeline\\Pipeline::carry():194}:195}()
#33 /var/www/html/vendor/laravel/framework/src/Illuminate/Pipeline/Pipeline.php(219): Illuminate\\Http\\Middleware\\ValidatePostSize->handle()
#34 /var/www/html/vendor/laravel/framework/src/Illuminate/Foundation/Http/Middleware/PreventRequestsDuringMaintenance.php(109): Illuminate\\Pipeline\\Pipeline->{closure:{closure:Illuminate\\Pipeline\\Pipeline::carry():194}:195}()
#35 /var/www/html/vendor/laravel/framework/src/Illuminate/Pipeline/Pipeline.php(219): Illuminate\\Foundation\\Http\\Middleware\\PreventRequestsDuringMaintenance->handle()
#36 /var/www/html/vendor/laravel/framework/src/Illuminate/Http/Middleware/HandleCors.php(61): Illuminate\\Pipeline\\Pipeline->{closure:{closure:Illuminate\\Pipeline\\Pipeline::carry():194}:195}()
#37 /var/www/html/vendor/laravel/framework/src/Illuminate/Pipeline/Pipeline.php(219): Illuminate\\Http\\Middleware\\HandleCors->handle()
#38 /var/www/html/vendor/laravel/framework/src/Illuminate/Http/Middleware/TrustProxies.php(58): Illuminate\\Pipeline\\Pipeline->{closure:{closure:Illuminate\\Pipeline\\Pipeline::carry():194}:195}()
#39 /var/www/html/vendor/laravel/framework/src/Illuminate/Pipeline/Pipeline.php(219): Illuminate\\Http\\Middleware\\TrustProxies->handle()
#40 /var/www/html/vendor/laravel/framework/src/Illuminate/Foundation/Http/Middleware/InvokeDeferredCallbacks.php(22): Illuminate\\Pipeline\\Pipeline->{closure:{closure:Illuminate\\Pipeline\\Pipeline::carry():194}:195}()
#41 /var/www/html/vendor/laravel/framework/src/Illuminate/Pipeline/Pipeline.php(219): Illuminate\\Foundation\\Http\\Middleware\\InvokeDeferredCallbacks->handle()
#42 /var/www/html/vendor/laravel/framework/src/Illuminate/Http/Middleware/ValidatePathEncoding.php(26): Illuminate\\Pipeline\\Pipeline->{closure:{closure:Illuminate\\Pipeline\\Pipeline::carry():194}:195}()
#43 /var/www/html/vendor/laravel/framework/src/Illuminate/Pipeline/Pipeline.php(219): Illuminate\\Http\\Middleware\\ValidatePathEncoding->handle()
#44 /var/www/html/vendor/laravel/framework/src/Illuminate/Pipeline/Pipeline.php(137): Illuminate\\Pipeline\\Pipeline->{closure:{closure:Illuminate\\Pipeline\\Pipeline::carry():194}:195}()
#45 /var/www/html/vendor/laravel/framework/src/Illuminate/Foundation/Http/Kernel.php(175): Illuminate\\Pipeline\\Pipeline->then()
#46 /var/www/html/vendor/laravel/framework/src/Illuminate/Foundation/Http/Kernel.php(144): Illuminate\\Foundation\\Http\\Kernel->sendRequestThroughRouter()
#47 /var/www/html/vendor/laravel/framework/src/Illuminate/Foundation/Application.php(1220): Illuminate\\Foundation\\Http\\Kernel->handle()
#48 /var/www/html/public/index.php(20): Illuminate\\Foundation\\Application->handleRequest()
#49 /var/www/html/vendor/laravel/framework/src/Illuminate/Foundation/resources/server.php(23): require_once('...')
#50 {main}

[previous exception] [object] (PDOException(code: 23503): SQLSTATE[23503]: Foreign key violation: 7 ERROR:  update or delete on table \"personal_access_tokens\" violates foreign key constraint \"refresh_tokens_token_id_foreign\" on table \"refresh_tokens\"
DETAIL:  Key (id)=(10) is still referenced from table \"refresh_tokens\". at /var/www/html/vendor/laravel/framework/src/Illuminate/Database/Connection.php:595)
[stacktrace]
#0 /var/www/html/vendor/laravel/framework/src/Illuminate/Database/Connection.php(595): PDOStatement->execute()
#1 /var/www/html/vendor/laravel/framework/src/Illuminate/Database/Connection.php(811): Illuminate\\Database\\Connection->{closure:Illuminate\\Database\\Connection::affectingStatement():583}()
#2 /var/www/html/vendor/laravel/framework/src/Illuminate/Database/Connection.php(778): Illuminate\\Database\\Connection->runQueryCallback()
#3 /var/www/html/vendor/laravel/framework/src/Illuminate/Database/Connection.php(583): Illuminate\\Database\\Connection->run()
#4 /var/www/html/vendor/laravel/framework/src/Illuminate/Database/Connection.php(547): Illuminate\\Database\\Connection->affectingStatement()
#5 /var/www/html/vendor/laravel/framework/src/Illuminate/Database/Query/Builder.php(4109): Illuminate\\Database\\Connection->delete()
#6 /var/www/html/vendor/laravel/framework/src/Illuminate/Database/Eloquent/Builder.php(1478): Illuminate\\Database\\Query\\Builder->delete()
#7 /var/www/html/vendor/laravel/framework/src/Illuminate/Database/Eloquent/Model.php(1578): Illuminate\\Database\\Eloquent\\Builder->delete()
#8 /var/www/html/vendor/laravel/framework/src/Illuminate/Database/Eloquent/Model.php(1510): Illuminate\\Database\\Eloquent\\Model->performDeleteOnModel()
#9 /var/www/html/app/Http/Controllers/Api/AuthController.php(83): Illuminate\\Database\\Eloquent\\Model->delete()
#10 /var/www/html/vendor/laravel/framework/src/Illuminate/Routing/ControllerDispatcher.php(46): App\\Http\\Controllers\\Api\\AuthController->logout()
#11 /var/www/html/vendor/laravel/framework/src/Illuminate/Routing/Route.php(265): Illuminate\\Routing\\ControllerDispatcher->dispatch()
#12 /var/www/html/vendor/laravel/framework/src/Illuminate/Routing/Route.php(211): Illuminate\\Routing\\Route->runController()
#13 /var/www/html/vendor/laravel/framework/src/Illuminate/Routing/Router.php(822): Illuminate\\Routing\\Route->run()
#14 /var/www/html/vendor/laravel/framework/src/Illuminate/Pipeline/Pipeline.php(180): Illuminate\\Routing\\Router->{closure:Illuminate\\Routing\\Router::runRouteWithinStack():821}()
#15 /var/www/html/vendor/laravel/framework/src/Illuminate/Routing/Middleware/SubstituteBindings.php(50): Illuminate\\Pipeline\\Pipeline->{closure:Illuminate\\Pipeline\\Pipeline::prepareDestination():178}()
#16 /var/www/html/vendor/laravel/framework/src/Illuminate/Pipeline/Pipeline.php(219): Illuminate\\Routing\\Middleware\\SubstituteBindings->handle()
#17 /var/www/html/vendor/laravel/framework/src/Illuminate/Auth/Middleware/Authenticate.php(63): Illuminate\\Pipeline\\Pipeline->{closure:{closure:Illuminate\\Pipeline\\Pipeline::carry():194}:195}()
#18 /var/www/html/vendor/laravel/framework/src/Illuminate/Pipeline/Pipeline.php(219): Illuminate\\Auth\\Middleware\\Authenticate->handle()
#19 /var/www/html/app/Http/Middleware/LogRequests.php(45): Illuminate\\Pipeline\\Pipeline->{closure:{closure:Illuminate\\Pipeline\\Pipeline::carry():194}:195}()
#20 /var/www/html/vendor/laravel/framework/src/Illuminate/Pipeline/Pipeline.php(219): App\\Http\\Middleware\\LogRequests->handle()
#21 /var/www/html/vendor/laravel/framework/src/Illuminate/Pipeline/Pipeline.php(137): Illuminate\\Pipeline\\Pipeline->{closure:{closure:Illuminate\\Pipeline\\Pipeline::carry():194}:195}()
#22 /var/www/html/vendor/laravel/framework/src/Illuminate/Routing/Router.php(821): Illuminate\\Pipeline\\Pipeline->then()
#23 /var/www/html/vendor/laravel/framework/src/Illuminate/Routing/Router.php(800): Illuminate\\Routing\\Router->runRouteWithinStack()
#24 /var/www/html/vendor/laravel/framework/src/Illuminate/Routing/Router.php(764): Illuminate\\Routing\\Router->runRoute()
#25 /var/www/html/vendor/laravel/framework/src/Illuminate/Routing/Router.php(753): Illuminate\\Routing\\Router->dispatchToRoute()
#26 /var/www/html/vendor/laravel/framework/src/Illuminate/Foundation/Http/Kernel.php(200): Illuminate\\Routing\\Router->dispatch()
#27 /var/www/html/vendor/laravel/framework/src/Illuminate/Pipeline/Pipeline.php(180): Illuminate\\Foundation\\Http\\Kernel->{closure:Illuminate\\Foundation\\Http\\Kernel::dispatchToRouter():197}()
#28 /var/www/html/vendor/laravel/framework/src/Illuminate/Foundation/Http/Middleware/TransformsRequest.php(21): Illuminate\\Pipeline\\Pipeline->{closure:Illuminate\\Pipeline\\Pipeline::prepareDestination():178}()
#29 /var/www/html/vendor/laravel/framework/src/Illuminate/Foundation/Http/Middleware/ConvertEmptyStringsToNull.php(31): Illuminate\\Foundation\\Http\\Middleware\\TransformsRequest->handle()
#30 /var/www/html/vendor/laravel/framework/src/Illuminate/Pipeline/Pipeline.php(219): Illuminate\\Foundation\\Http\\Middleware\\ConvertEmptyStringsToNull->handle()
#31 /var/www/html/vendor/laravel/framework/src/Illuminate/Foundation/Http/Middleware/TransformsRequest.php(21): Illuminate\\Pipeline\\Pipeline->{closure:{closure:Illuminate\\Pipeline\\Pipeline::carry():194}:195}()
#32 /var/www/html/vendor/laravel/framework/src/Illuminate/Foundation/Http/Middleware/TrimStrings.php(51): Illuminate\\Foundation\\Http\\Middleware\\TransformsRequest->handle()
#33 /var/www/html/vendor/laravel/framework/src/Illuminate/Pipeline/Pipeline.php(219): Illuminate\\Foundation\\Http\\Middleware\\TrimStrings->handle()
#34 /var/www/html/vendor/laravel/framework/src/Illuminate/Http/Middleware/ValidatePostSize.php(27): Illuminate\\Pipeline\\Pipeline->{closure:{closure:Illuminate\\Pipeline\\Pipeline::carry():194}:195}()
#35 /var/www/html/vendor/laravel/framework/src/Illuminate/Pipeline/Pipeline.php(219): Illuminate\\Http\\Middleware\\ValidatePostSize->handle()
#36 /var/www/html/vendor/laravel/framework/src/Illuminate/Foundation/Http/Middleware/PreventRequestsDuringMaintenance.php(109): Illuminate\\Pipeline\\Pipeline->{closure:{closure:Illuminate\\Pipeline\\Pipeline::carry():194}:195}()
#37 /var/www/html/vendor/laravel/framework/src/Illuminate/Pipeline/Pipeline.php(219): Illuminate\\Foundation\\Http\\Middleware\\PreventRequestsDuringMaintenance->handle()
#38 /var/www/html/vendor/laravel/framework/src/Illuminate/Http/Middleware/HandleCors.php(61): Illuminate\\Pipeline\\Pipeline->{closure:{closure:Illuminate\\Pipeline\\Pipeline::carry():194}:195}()
#39 /var/www/html/vendor/laravel/framework/src/Illuminate/Pipeline/Pipeline.php(219): Illuminate\\Http\\Middleware\\HandleCors->handle()
#40 /var/www/html/vendor/laravel/framework/src/Illuminate/Http/Middleware/TrustProxies.php(58): Illuminate\\Pipeline\\Pipeline->{closure:{closure:Illuminate\\Pipeline\\Pipeline::carry():194}:195}()
#41 /var/www/html/vendor/laravel/framework/src/Illuminate/Pipeline/Pipeline.php(219): Illuminate\\Http\\Middleware\\TrustProxies->handle()
#42 /var/www/html/vendor/laravel/framework/src/Illuminate/Foundation/Http/Middleware/InvokeDeferredCallbacks.php(22): Illuminate\\Pipeline\\Pipeline->{closure:{closure:Illuminate\\Pipeline\\Pipeline::carry():194}:195}()
#43 /var/www/html/vendor/laravel/framework/src/Illuminate/Pipeline/Pipeline.php(219): Illuminate\\Foundation\\Http\\Middleware\\InvokeDeferredCallbacks->handle()
#44 /var/www/html/vendor/laravel/framework/src/Illuminate/Http/Middleware/ValidatePathEncoding.php(26): Illuminate\\Pipeline\\Pipeline->{closure:{closure:Illuminate\\Pipeline\\Pipeline::carry():194}:195}()
#45 /var/www/html/vendor/laravel/framework/src/Illuminate/Pipeline/Pipeline.php(219): Illuminate\\Http\\Middleware\\ValidatePathEncoding->handle()
#46 /var/www/html/vendor/laravel/framework/src/Illuminate/Pipeline/Pipeline.php(137): Illuminate\\Pipeline\\Pipeline->{closure:{closure:Illuminate\\Pipeline\\Pipeline::carry():194}:195}()
#47 /var/www/html/vendor/laravel/framework/src/Illuminate/Foundation/Http/Kernel.php(175): Illuminate\\Pipeline\\Pipeline->then()
#48 /var/www/html/vendor/laravel/framework/src/Illuminate/Foundation/Http/Kernel.php(144): Illuminate\\Foundation\\Http\\Kernel->sendRequestThroughRouter()
#49 /var/www/html/vendor/laravel/framework/src/Illuminate/Foundation/Application.php(1220): Illuminate\\Foundation\\Http\\Kernel->handle()
#50 /var/www/html/public/index.php(20): Illuminate\\Foundation\\Application->handleRequest()
#51 /var/www/html/vendor/laravel/framework/src/Illuminate/Foundation/resources/server.php(23): require_once('...')
#52 {main}
"} 
[2025-12-03 12:39:13] local.INFO: LogRequests middleware called {"url":"http://localhost/api/auth/logout","method":"POST","headers":{"accept":["application/json, text/plain, */*"],"content-type":["application/json"],"user-agent":["bruno-runtime/2.15.0"],"authorization":["Bearer 10|bUe06etF02zJBzzZqsIg0Pu33uI5P5zT6wV4y5iJ438cab91"],"request-start-time":["1764765553774"],"accept-encoding":["gzip, compress, deflate, br"],"host":["localhost"],"connection":["keep-alive"],"content-length":["0"]},"cookies":[]} 
[2025-12-03 12:40:13] local.INFO: LogRequests middleware called {"url":"http://localhost/api/auth/logout","method":"POST","headers":{"host":["localhost"],"connection":["keep-alive"],"content-length":["2"],"sec-ch-ua-platform":["\"Windows\""],"authorization":["Bearer 9|RdHzpFoHvXTk1919zqZ7H8X9BPnGNtul8Q37OBOr2e7a401e"],"user-agent":["Mozilla/5.0 (Windows NT 10.0; Win64; x64) AppleWebKit/537.36 (KHTML, like Gecko) Chrome/142.0.0.0 Safari/537.36"],"accept":["application/json"],"sec-ch-ua":["\"Chromium\";v=\"142\", \"Google Chrome\";v=\"142\", \"Not_A Brand\";v=\"99\""],"content-type":["application/json"],"sec-ch-ua-mobile":["?0"],"origin":["http://localhost"],"sec-fetch-site":["same-origin"],"sec-fetch-mode":["cors"],"sec-fetch-dest":["empty"],"referer":["http://localhost/"],"accept-encoding":["gzip, deflate, br, zstd"],"accept-language":["ru-RU,ru;q=0.9,en-US;q=0.8,en;q=0.7"],"cookie":["remember_web_59ba36addc2b2f9401580f014c7f58ea4e30989d=eyJpdiI6IitGb2wvTkZVRnYxOWV1QmRobzBZSmc9PSIsInZhbHVlIjoiYm5KR29iQ0E0SmdxdUN5ZGJGQ2kyQmQvdU9ibWVMR0hoa1dIbzlIQzBaakZjM0NISjdqcXBDakpWd3RwYVZPM3Q0VXlJWWQzMWw1SkJoTmxmMzBScllBdWtvZk1VT1JYWWFPUUFWQ3ZzTkpZSndWaDczYVJBdWV1T3R0bjlmbXA3d0dlMDJWSm5sRXFnYk1pdGtuSlB2ZUF1aVVOT28zQVBrdmRXMk8wYXdPVDE4ZGs0UnNWclZVeW1tcUxQM0tqbEJ6ZVllZTBrSmdrWnRBM3BmTHNacnhORmFna1lXNm5IbW16VldMcnhKTT0iLCJtYWMiOiIyOWIyNjExYzIzY2RhZWI4MzdjMTMxZGY5MmU2NGI2MzIwMzc3Y2U4M2U1NTdjNTczMDg0ODA5YTJiNDhmYmQ1IiwidGFnIjoiIn0%3D; operator_client_id=eyJpdiI6Ilc3UFBRTEhlKzBhdDkzT0wvOGJhcGc9PSIsInZhbHVlIjoiaHNXdzZYbCtNZ2ZFdUdyQjAzTG9idWxLVlZKNmZYMHE4STU2RFNKTmlobWhZSVNuN2dTcDhYK1BHOFRyRDU2SyIsIm1hYyI6IjU1ZjcyMTY0NWEzMDRhZGU5ZWUxNjlhNWUyYTBjYjI3NjJkZjYwODg4YjkxODVlNWQxMDFlNjY3Yjk3MTI4YzgiLCJ0YWciOiIifQ%3D%3D; current_hotel_id=eyJpdiI6ImpZL3BPMEI2eXIzUC9yR0daMlhhTEE9PSIsInZhbHVlIjoiS0FLc1hyd1I5ZFFvRk5QcEliUFhsS1c1YjlnNFk1VDZiVFdlak5INFhFTmhoUmo5UXlzY1ExZkpZTHpDSUEwayIsIm1hYyI6IjhjYTE0ZDEwNmNhNDBlNGRjZjlkYTYxZWNkMjA5OGUxODRiZGIwNDk3NTk3M2MxODE4Y2I5NjFiMTUxZmY1NmMiLCJ0YWciOiIifQ%3D%3D; XSRF-TOKEN=eyJpdiI6Ik1UclRXN05ub2Y5dkhzVUJuUUR1VUE9PSIsInZhbHVlIjoiMkl3WGQ4Z2xlcVorMGZPTlIxOTVYLzh1K1J2SnVPRStMRnEyWVdnUVFsUGVWMTRnTDlPU1hCZ1AzcTg3M0Joc2dpOHM0ZDU5SG05SjYxTXJCUUFrdndFdkFPT2ZLa28razlqZk9mdHZ4VVpPS214MStpd2phVjVac0twejZlV1YiLCJtYWMiOiIzZDIxOTJjZTNjMWZmMzQ5YzEzYzQ1MWQ2MzkzMTAzNmQ3YmNiNTJiNjVhMGY1NzhlZWRjMGUzN2YwNWNjMTNiIiwidGFnIjoiIn0%3D; laravel-session=eyJpdiI6IlZEakljSUhvOTYvT05NdXp4YURHb1E9PSIsInZhbHVlIjoib2JPVVhzS3VreTlOcXpLaW1VdmFVR1BpREpoWkg0RFJJV3BMN0JkMmJNeWRiWEhMRnRsd3JhYTVpMEJTUGp6bVdmN2R2SHFpMDBIZncxOVhIRG1YRVZ0S3NRY3BWYVBoUWRTZE45V3dpdTZhdE9kRXBTUENTRlFndDhHWFRjSW8iLCJtYWMiOiJkMmQ2MjNkZDQwOThjZjA4ZGQ5YWMwMWIyNTExZDQzNDc2ODNkMDhiMDUwNWZlYWRlNWE5M2U4OGU0ODM0MjViIiwidGFnIjoiIn0%3D"]},"cookies":{"remember_web_59ba36addc2b2f9401580f014c7f58ea4e30989d":"eyJpdiI6IitGb2wvTkZVRnYxOWV1QmRobzBZSmc9PSIsInZhbHVlIjoiYm5KR29iQ0E0SmdxdUN5ZGJGQ2kyQmQvdU9ibWVMR0hoa1dIbzlIQzBaakZjM0NISjdqcXBDakpWd3RwYVZPM3Q0VXlJWWQzMWw1SkJoTmxmMzBScllBdWtvZk1VT1JYWWFPUUFWQ3ZzTkpZSndWaDczYVJBdWV1T3R0bjlmbXA3d0dlMDJWSm5sRXFnYk1pdGtuSlB2ZUF1aVVOT28zQVBrdmRXMk8wYXdPVDE4ZGs0UnNWclZVeW1tcUxQM0tqbEJ6ZVllZTBrSmdrWnRBM3BmTHNacnhORmFna1lXNm5IbW16VldMcnhKTT0iLCJtYWMiOiIyOWIyNjExYzIzY2RhZWI4MzdjMTMxZGY5MmU2NGI2MzIwMzc3Y2U4M2U1NTdjNTczMDg0ODA5YTJiNDhmYmQ1IiwidGFnIjoiIn0=","operator_client_id":"eyJpdiI6Ilc3UFBRTEhlKzBhdDkzT0wvOGJhcGc9PSIsInZhbHVlIjoiaHNXdzZYbCtNZ2ZFdUdyQjAzTG9idWxLVlZKNmZYMHE4STU2RFNKTmlobWhZSVNuN2dTcDhYK1BHOFRyRDU2SyIsIm1hYyI6IjU1ZjcyMTY0NWEzMDRhZGU5ZWUxNjlhNWUyYTBjYjI3NjJkZjYwODg4YjkxODVlNWQxMDFlNjY3Yjk3MTI4YzgiLCJ0YWciOiIifQ==","current_hotel_id":"eyJpdiI6ImpZL3BPMEI2eXIzUC9yR0daMlhhTEE9PSIsInZhbHVlIjoiS0FLc1hyd1I5ZFFvRk5QcEliUFhsS1c1YjlnNFk1VDZiVFdlak5INFhFTmhoUmo5UXlzY1ExZkpZTHpDSUEwayIsIm1hYyI6IjhjYTE0ZDEwNmNhNDBlNGRjZjlkYTYxZWNkMjA5OGUxODRiZGIwNDk3NTk3M2MxODE4Y2I5NjFiMTUxZmY1NmMiLCJ0YWciOiIifQ==","XSRF-TOKEN":"eyJpdiI6Ik1UclRXN05ub2Y5dkhzVUJuUUR1VUE9PSIsInZhbHVlIjoiMkl3WGQ4Z2xlcVorMGZPTlIxOTVYLzh1K1J2SnVPRStMRnEyWVdnUVFsUGVWMTRnTDlPU1hCZ1AzcTg3M0Joc2dpOHM0ZDU5SG05SjYxTXJCUUFrdndFdkFPT2ZLa28razlqZk9mdHZ4VVpPS214MStpd2phVjVac0twejZlV1YiLCJtYWMiOiIzZDIxOTJjZTNjMWZmMzQ5YzEzYzQ1MWQ2MzkzMTAzNmQ3YmNiNTJiNjVhMGY1NzhlZWRjMGUzN2YwNWNjMTNiIiwidGFnIjoiIn0=","laravel-session":"eyJpdiI6IlZEakljSUhvOTYvT05NdXp4YURHb1E9PSIsInZhbHVlIjoib2JPVVhzS3VreTlOcXpLaW1VdmFVR1BpREpoWkg0RFJJV3BMN0JkMmJNeWRiWEhMRnRsd3JhYTVpMEJTUGp6bVdmN2R2SHFpMDBIZncxOVhIRG1YRVZ0S3NRY3BWYVBoUWRTZE45V3dpdTZhdE9kRXBTUENTRlFndDhHWFRjSW8iLCJtYWMiOiJkMmQ2MjNkZDQwOThjZjA4ZGQ5YWMwMWIyNTExZDQzNDc2ODNkMDhiMDUwNWZlYWRlNWE5M2U4OGU0ODM0MjViIiwidGFnIjoiIn0="}} 
[2025-12-03 12:40:13] local.INFO: LogRequests middleware called {"url":"http://localhost/api/auth/logout","method":"POST","headers":{"host":["localhost"],"connection":["keep-alive"],"content-length":["2"],"sec-ch-ua-platform":["\"Windows\""],"authorization":["Bearer 9|RdHzpFoHvXTk1919zqZ7H8X9BPnGNtul8Q37OBOr2e7a401e"],"user-agent":["Mozilla/5.0 (Windows NT 10.0; Win64; x64) AppleWebKit/537.36 (KHTML, like Gecko) Chrome/142.0.0.0 Safari/537.36"],"accept":["application/json"],"sec-ch-ua":["\"Chromium\";v=\"142\", \"Google Chrome\";v=\"142\", \"Not_A Brand\";v=\"99\""],"content-type":["application/json"],"sec-ch-ua-mobile":["?0"],"origin":["http://localhost"],"sec-fetch-site":["same-origin"],"sec-fetch-mode":["cors"],"sec-fetch-dest":["empty"],"referer":["http://localhost/"],"accept-encoding":["gzip, deflate, br, zstd"],"accept-language":["ru-RU,ru;q=0.9,en-US;q=0.8,en;q=0.7"],"cookie":["remember_web_59ba36addc2b2f9401580f014c7f58ea4e30989d=eyJpdiI6IitGb2wvTkZVRnYxOWV1QmRobzBZSmc9PSIsInZhbHVlIjoiYm5KR29iQ0E0SmdxdUN5ZGJGQ2kyQmQvdU9ibWVMR0hoa1dIbzlIQzBaakZjM0NISjdqcXBDakpWd3RwYVZPM3Q0VXlJWWQzMWw1SkJoTmxmMzBScllBdWtvZk1VT1JYWWFPUUFWQ3ZzTkpZSndWaDczYVJBdWV1T3R0bjlmbXA3d0dlMDJWSm5sRXFnYk1pdGtuSlB2ZUF1aVVOT28zQVBrdmRXMk8wYXdPVDE4ZGs0UnNWclZVeW1tcUxQM0tqbEJ6ZVllZTBrSmdrWnRBM3BmTHNacnhORmFna1lXNm5IbW16VldMcnhKTT0iLCJtYWMiOiIyOWIyNjExYzIzY2RhZWI4MzdjMTMxZGY5MmU2NGI2MzIwMzc3Y2U4M2U1NTdjNTczMDg0ODA5YTJiNDhmYmQ1IiwidGFnIjoiIn0%3D; operator_client_id=eyJpdiI6Ilc3UFBRTEhlKzBhdDkzT0wvOGJhcGc9PSIsInZhbHVlIjoiaHNXdzZYbCtNZ2ZFdUdyQjAzTG9idWxLVlZKNmZYMHE4STU2RFNKTmlobWhZSVNuN2dTcDhYK1BHOFRyRDU2SyIsIm1hYyI6IjU1ZjcyMTY0NWEzMDRhZGU5ZWUxNjlhNWUyYTBjYjI3NjJkZjYwODg4YjkxODVlNWQxMDFlNjY3Yjk3MTI4YzgiLCJ0YWciOiIifQ%3D%3D; current_hotel_id=eyJpdiI6ImpZL3BPMEI2eXIzUC9yR0daMlhhTEE9PSIsInZhbHVlIjoiS0FLc1hyd1I5ZFFvRk5QcEliUFhsS1c1YjlnNFk1VDZiVFdlak5INFhFTmhoUmo5UXlzY1ExZkpZTHpDSUEwayIsIm1hYyI6IjhjYTE0ZDEwNmNhNDBlNGRjZjlkYTYxZWNkMjA5OGUxODRiZGIwNDk3NTk3M2MxODE4Y2I5NjFiMTUxZmY1NmMiLCJ0YWciOiIifQ%3D%3D; XSRF-TOKEN=eyJpdiI6Ik1UclRXN05ub2Y5dkhzVUJuUUR1VUE9PSIsInZhbHVlIjoiMkl3WGQ4Z2xlcVorMGZPTlIxOTVYLzh1K1J2SnVPRStMRnEyWVdnUVFsUGVWMTRnTDlPU1hCZ1AzcTg3M0Joc2dpOHM0ZDU5SG05SjYxTXJCUUFrdndFdkFPT2ZLa28razlqZk9mdHZ4VVpPS214MStpd2phVjVac0twejZlV1YiLCJtYWMiOiIzZDIxOTJjZTNjMWZmMzQ5YzEzYzQ1MWQ2MzkzMTAzNmQ3YmNiNTJiNjVhMGY1NzhlZWRjMGUzN2YwNWNjMTNiIiwidGFnIjoiIn0%3D; laravel-session=eyJpdiI6IlZEakljSUhvOTYvT05NdXp4YURHb1E9PSIsInZhbHVlIjoib2JPVVhzS3VreTlOcXpLaW1VdmFVR1BpREpoWkg0RFJJV3BMN0JkMmJNeWRiWEhMRnRsd3JhYTVpMEJTUGp6bVdmN2R2SHFpMDBIZncxOVhIRG1YRVZ0S3NRY3BWYVBoUWRTZE45V3dpdTZhdE9kRXBTUENTRlFndDhHWFRjSW8iLCJtYWMiOiJkMmQ2MjNkZDQwOThjZjA4ZGQ5YWMwMWIyNTExZDQzNDc2ODNkMDhiMDUwNWZlYWRlNWE5M2U4OGU0ODM0MjViIiwidGFnIjoiIn0%3D"]},"cookies":{"remember_web_59ba36addc2b2f9401580f014c7f58ea4e30989d":"eyJpdiI6IitGb2wvTkZVRnYxOWV1QmRobzBZSmc9PSIsInZhbHVlIjoiYm5KR29iQ0E0SmdxdUN5ZGJGQ2kyQmQvdU9ibWVMR0hoa1dIbzlIQzBaakZjM0NISjdqcXBDakpWd3RwYVZPM3Q0VXlJWWQzMWw1SkJoTmxmMzBScllBdWtvZk1VT1JYWWFPUUFWQ3ZzTkpZSndWaDczYVJBdWV1T3R0bjlmbXA3d0dlMDJWSm5sRXFnYk1pdGtuSlB2ZUF1aVVOT28zQVBrdmRXMk8wYXdPVDE4ZGs0UnNWclZVeW1tcUxQM0tqbEJ6ZVllZTBrSmdrWnRBM3BmTHNacnhORmFna1lXNm5IbW16VldMcnhKTT0iLCJtYWMiOiIyOWIyNjExYzIzY2RhZWI4MzdjMTMxZGY5MmU2NGI2MzIwMzc3Y2U4M2U1NTdjNTczMDg0ODA5YTJiNDhmYmQ1IiwidGFnIjoiIn0=","operator_client_id":"eyJpdiI6Ilc3UFBRTEhlKzBhdDkzT0wvOGJhcGc9PSIsInZhbHVlIjoiaHNXdzZYbCtNZ2ZFdUdyQjAzTG9idWxLVlZKNmZYMHE4STU2RFNKTmlobWhZSVNuN2dTcDhYK1BHOFRyRDU2SyIsIm1hYyI6IjU1ZjcyMTY0NWEzMDRhZGU5ZWUxNjlhNWUyYTBjYjI3NjJkZjYwODg4YjkxODVlNWQxMDFlNjY3Yjk3MTI4YzgiLCJ0YWciOiIifQ==","current_hotel_id":"eyJpdiI6ImpZL3BPMEI2eXIzUC9yR0daMlhhTEE9PSIsInZhbHVlIjoiS0FLc1hyd1I5ZFFvRk5QcEliUFhsS1c1YjlnNFk1VDZiVFdlak5INFhFTmhoUmo5UXlzY1ExZkpZTHpDSUEwayIsIm1hYyI6IjhjYTE0ZDEwNmNhNDBlNGRjZjlkYTYxZWNkMjA5OGUxODRiZGIwNDk3NTk3M2MxODE4Y2I5NjFiMTUxZmY1NmMiLCJ0YWciOiIifQ==","XSRF-TOKEN":"eyJpdiI6Ik1UclRXN05ub2Y5dkhzVUJuUUR1VUE9PSIsInZhbHVlIjoiMkl3WGQ4Z2xlcVorMGZPTlIxOTVYLzh1K1J2SnVPRStMRnEyWVdnUVFsUGVWMTRnTDlPU1hCZ1AzcTg3M0Joc2dpOHM0ZDU5SG05SjYxTXJCUUFrdndFdkFPT2ZLa28razlqZk9mdHZ4VVpPS214MStpd2phVjVac0twejZlV1YiLCJtYWMiOiIzZDIxOTJjZTNjMWZmMzQ5YzEzYzQ1MWQ2MzkzMTAzNmQ3YmNiNTJiNjVhMGY1NzhlZWRjMGUzN2YwNWNjMTNiIiwidGFnIjoiIn0=","laravel-session":"eyJpdiI6IlZEakljSUhvOTYvT05NdXp4YURHb1E9PSIsInZhbHVlIjoib2JPVVhzS3VreTlOcXpLaW1VdmFVR1BpREpoWkg0RFJJV3BMN0JkMmJNeWRiWEhMRnRsd3JhYTVpMEJTUGp6bVdmN2R2SHFpMDBIZncxOVhIRG1YRVZ0S3NRY3BWYVBoUWRTZE45V3dpdTZhdE9kRXBTUENTRlFndDhHWFRjSW8iLCJtYWMiOiJkMmQ2MjNkZDQwOThjZjA4ZGQ5YWMwMWIyNTExZDQzNDc2ODNkMDhiMDUwNWZlYWRlNWE5M2U4OGU0ODM0MjViIiwidGFnIjoiIn0="}} 
[2025-12-03 12:44:14] local.INFO: LogRequests middleware called {"url":"http://localhost/api/auth/logout","method":"POST","headers":{"host":["localhost"],"connection":["keep-alive"],"content-length":["2"],"sec-ch-ua-platform":["\"Windows\""],"authorization":["Bearer 9|RdHzpFoHvXTk1919zqZ7H8X9BPnGNtul8Q37OBOr2e7a401e"],"user-agent":["Mozilla/5.0 (Windows NT 10.0; Win64; x64) AppleWebKit/537.36 (KHTML, like Gecko) Chrome/142.0.0.0 Safari/537.36"],"accept":["application/json"],"sec-ch-ua":["\"Chromium\";v=\"142\", \"Google Chrome\";v=\"142\", \"Not_A Brand\";v=\"99\""],"content-type":["application/json"],"sec-ch-ua-mobile":["?0"],"origin":["http://localhost"],"sec-fetch-site":["same-origin"],"sec-fetch-mode":["cors"],"sec-fetch-dest":["empty"],"referer":["http://localhost/"],"accept-encoding":["gzip, deflate, br, zstd"],"accept-language":["ru-RU,ru;q=0.9,en-US;q=0.8,en;q=0.7"],"cookie":["remember_web_59ba36addc2b2f9401580f014c7f58ea4e30989d=eyJpdiI6IitGb2wvTkZVRnYxOWV1QmRobzBZSmc9PSIsInZhbHVlIjoiYm5KR29iQ0E0SmdxdUN5ZGJGQ2kyQmQvdU9ibWVMR0hoa1dIbzlIQzBaakZjM0NISjdqcXBDakpWd3RwYVZPM3Q0VXlJWWQzMWw1SkJoTmxmMzBScllBdWtvZk1VT1JYWWFPUUFWQ3ZzTkpZSndWaDczYVJBdWV1T3R0bjlmbXA3d0dlMDJWSm5sRXFnYk1pdGtuSlB2ZUF1aVVOT28zQVBrdmRXMk8wYXdPVDE4ZGs0UnNWclZVeW1tcUxQM0tqbEJ6ZVllZTBrSmdrWnRBM3BmTHNacnhORmFna1lXNm5IbW16VldMcnhKTT0iLCJtYWMiOiIyOWIyNjExYzIzY2RhZWI4MzdjMTMxZGY5MmU2NGI2MzIwMzc3Y2U4M2U1NTdjNTczMDg0ODA5YTJiNDhmYmQ1IiwidGFnIjoiIn0%3D; operator_client_id=eyJpdiI6Ilc3UFBRTEhlKzBhdDkzT0wvOGJhcGc9PSIsInZhbHVlIjoiaHNXdzZYbCtNZ2ZFdUdyQjAzTG9idWxLVlZKNmZYMHE4STU2RFNKTmlobWhZSVNuN2dTcDhYK1BHOFRyRDU2SyIsIm1hYyI6IjU1ZjcyMTY0NWEzMDRhZGU5ZWUxNjlhNWUyYTBjYjI3NjJkZjYwODg4YjkxODVlNWQxMDFlNjY3Yjk3MTI4YzgiLCJ0YWciOiIifQ%3D%3D; current_hotel_id=eyJpdiI6ImpZL3BPMEI2eXIzUC9yR0daMlhhTEE9PSIsInZhbHVlIjoiS0FLc1hyd1I5ZFFvRk5QcEliUFhsS1c1YjlnNFk1VDZiVFdlak5INFhFTmhoUmo5UXlzY1ExZkpZTHpDSUEwayIsIm1hYyI6IjhjYTE0ZDEwNmNhNDBlNGRjZjlkYTYxZWNkMjA5OGUxODRiZGIwNDk3NTk3M2MxODE4Y2I5NjFiMTUxZmY1NmMiLCJ0YWciOiIifQ%3D%3D; XSRF-TOKEN=eyJpdiI6ImppcVoybitBMWpHOUNPQ3BBaDJDbWc9PSIsInZhbHVlIjoiQWwrYkZQcUd4NzJhS2drMFVkd25QU3dNRDJhbDhaRWQ0M3Q3TWwxdVE4dUJZZlFERSsrWDlJN1dxWW05Q1dvL2kyUXlTakRtODYweW9ZOTBiZkVCNU8rYmxjL2EzNlJjTTNPZDNvSzN4aXdGY0p3M3kwUktTMVpyYm1mTU9YK2ciLCJtYWMiOiJmMDc5NDdlOTk3YWY4MWVmZWZkNjY3NzUyZGNmNWEyOWI0YmQ2MDJiMGNhYWUwZDRmNWM4MWIwMWE2N2ViODNiIiwidGFnIjoiIn0%3D; laravel-session=eyJpdiI6IkNVcDBpNEdJK1RtYzFPVGNMVndvMkE9PSIsInZhbHVlIjoiaWxVUkVNSWt5Y0hleG9vM2s5RlBvVjNRQkxZbWp3dk8rRDN2aGt3bXYrRWxZR25JdzVKSFArWkFqMytLK004ZXByOEhxZmY1S0hwUk4zV2kvYXdSR3NIRmdNb1ZaTGNiNkZ3Y0RweFZzOW9xNVQyTUVpQThLTzJUZTNGdkFTY3IiLCJtYWMiOiIzMzM4ODBiOGVkMmY1ZDRhNTYzZjQ5MjVmZjgwYTc4YzlmMzdhMDNkNjc5ZDI4ZDNmNjc1ZjBiZTYxOGNiMmJhIiwidGFnIjoiIn0%3D"]},"cookies":{"remember_web_59ba36addc2b2f9401580f014c7f58ea4e30989d":"eyJpdiI6IitGb2wvTkZVRnYxOWV1QmRobzBZSmc9PSIsInZhbHVlIjoiYm5KR29iQ0E0SmdxdUN5ZGJGQ2kyQmQvdU9ibWVMR0hoa1dIbzlIQzBaakZjM0NISjdqcXBDakpWd3RwYVZPM3Q0VXlJWWQzMWw1SkJoTmxmMzBScllBdWtvZk1VT1JYWWFPUUFWQ3ZzTkpZSndWaDczYVJBdWV1T3R0bjlmbXA3d0dlMDJWSm5sRXFnYk1pdGtuSlB2ZUF1aVVOT28zQVBrdmRXMk8wYXdPVDE4ZGs0UnNWclZVeW1tcUxQM0tqbEJ6ZVllZTBrSmdrWnRBM3BmTHNacnhORmFna1lXNm5IbW16VldMcnhKTT0iLCJtYWMiOiIyOWIyNjExYzIzY2RhZWI4MzdjMTMxZGY5MmU2NGI2MzIwMzc3Y2U4M2U1NTdjNTczMDg0ODA5YTJiNDhmYmQ1IiwidGFnIjoiIn0=","operator_client_id":"eyJpdiI6Ilc3UFBRTEhlKzBhdDkzT0wvOGJhcGc9PSIsInZhbHVlIjoiaHNXdzZYbCtNZ2ZFdUdyQjAzTG9idWxLVlZKNmZYMHE4STU2RFNKTmlobWhZSVNuN2dTcDhYK1BHOFRyRDU2SyIsIm1hYyI6IjU1ZjcyMTY0NWEzMDRhZGU5ZWUxNjlhNWUyYTBjYjI3NjJkZjYwODg4YjkxODVlNWQxMDFlNjY3Yjk3MTI4YzgiLCJ0YWciOiIifQ==","current_hotel_id":"eyJpdiI6ImpZL3BPMEI2eXIzUC9yR0daMlhhTEE9PSIsInZhbHVlIjoiS0FLc1hyd1I5ZFFvRk5QcEliUFhsS1c1YjlnNFk1VDZiVFdlak5INFhFTmhoUmo5UXlzY1ExZkpZTHpDSUEwayIsIm1hYyI6IjhjYTE0ZDEwNmNhNDBlNGRjZjlkYTYxZWNkMjA5OGUxODRiZGIwNDk3NTk3M2MxODE4Y2I5NjFiMTUxZmY1NmMiLCJ0YWciOiIifQ==","XSRF-TOKEN":"eyJpdiI6ImppcVoybitBMWpHOUNPQ3BBaDJDbWc9PSIsInZhbHVlIjoiQWwrYkZQcUd4NzJhS2drMFVkd25QU3dNRDJhbDhaRWQ0M3Q3TWwxdVE4dUJZZlFERSsrWDlJN1dxWW05Q1dvL2kyUXlTakRtODYweW9ZOTBiZkVCNU8rYmxjL2EzNlJjTTNPZDNvSzN4aXdGY0p3M3kwUktTMVpyYm1mTU9YK2ciLCJtYWMiOiJmMDc5NDdlOTk3YWY4MWVmZWZkNjY3NzUyZGNmNWEyOWI0YmQ2MDJiMGNhYWUwZDRmNWM4MWIwMWE2N2ViODNiIiwidGFnIjoiIn0=","laravel-session":"eyJpdiI6IkNVcDBpNEdJK1RtYzFPVGNMVndvMkE9PSIsInZhbHVlIjoiaWxVUkVNSWt5Y0hleG9vM2s5RlBvVjNRQkxZbWp3dk8rRDN2aGt3bXYrRWxZR25JdzVKSFArWkFqMytLK004ZXByOEhxZmY1S0hwUk4zV2kvYXdSR3NIRmdNb1ZaTGNiNkZ3Y0RweFZzOW9xNVQyTUVpQThLTzJUZTNGdkFTY3IiLCJtYWMiOiIzMzM4ODBiOGVkMmY1ZDRhNTYzZjQ5MjVmZjgwYTc4YzlmMzdhMDNkNjc5ZDI4ZDNmNjc1ZjBiZTYxOGNiMmJhIiwidGFnIjoiIn0="}} 
[2025-12-03 12:44:14] local.INFO: LogRequests middleware called {"url":"http://localhost/api/auth/logout","method":"POST","headers":{"host":["localhost"],"connection":["keep-alive"],"content-length":["2"],"sec-ch-ua-platform":["\"Windows\""],"authorization":["Bearer 9|RdHzpFoHvXTk1919zqZ7H8X9BPnGNtul8Q37OBOr2e7a401e"],"user-agent":["Mozilla/5.0 (Windows NT 10.0; Win64; x64) AppleWebKit/537.36 (KHTML, like Gecko) Chrome/142.0.0.0 Safari/537.36"],"accept":["application/json"],"sec-ch-ua":["\"Chromium\";v=\"142\", \"Google Chrome\";v=\"142\", \"Not_A Brand\";v=\"99\""],"content-type":["application/json"],"sec-ch-ua-mobile":["?0"],"origin":["http://localhost"],"sec-fetch-site":["same-origin"],"sec-fetch-mode":["cors"],"sec-fetch-dest":["empty"],"referer":["http://localhost/"],"accept-encoding":["gzip, deflate, br, zstd"],"accept-language":["ru-RU,ru;q=0.9,en-US;q=0.8,en;q=0.7"],"cookie":["remember_web_59ba36addc2b2f9401580f014c7f58ea4e30989d=eyJpdiI6IitGb2wvTkZVRnYxOWV1QmRobzBZSmc9PSIsInZhbHVlIjoiYm5KR29iQ0E0SmdxdUN5ZGJGQ2kyQmQvdU9ibWVMR0hoa1dIbzlIQzBaakZjM0NISjdqcXBDakpWd3RwYVZPM3Q0VXlJWWQzMWw1SkJoTmxmMzBScllBdWtvZk1VT1JYWWFPUUFWQ3ZzTkpZSndWaDczYVJBdWV1T3R0bjlmbXA3d0dlMDJWSm5sRXFnYk1pdGtuSlB2ZUF1aVVOT28zQVBrdmRXMk8wYXdPVDE4ZGs0UnNWclZVeW1tcUxQM0tqbEJ6ZVllZTBrSmdrWnRBM3BmTHNacnhORmFna1lXNm5IbW16VldMcnhKTT0iLCJtYWMiOiIyOWIyNjExYzIzY2RhZWI4MzdjMTMxZGY5MmU2NGI2MzIwMzc3Y2U4M2U1NTdjNTczMDg0ODA5YTJiNDhmYmQ1IiwidGFnIjoiIn0%3D; operator_client_id=eyJpdiI6Ilc3UFBRTEhlKzBhdDkzT0wvOGJhcGc9PSIsInZhbHVlIjoiaHNXdzZYbCtNZ2ZFdUdyQjAzTG9idWxLVlZKNmZYMHE4STU2RFNKTmlobWhZSVNuN2dTcDhYK1BHOFRyRDU2SyIsIm1hYyI6IjU1ZjcyMTY0NWEzMDRhZGU5ZWUxNjlhNWUyYTBjYjI3NjJkZjYwODg4YjkxODVlNWQxMDFlNjY3Yjk3MTI4YzgiLCJ0YWciOiIifQ%3D%3D; current_hotel_id=eyJpdiI6ImpZL3BPMEI2eXIzUC9yR0daMlhhTEE9PSIsInZhbHVlIjoiS0FLc1hyd1I5ZFFvRk5QcEliUFhsS1c1YjlnNFk1VDZiVFdlak5INFhFTmhoUmo5UXlzY1ExZkpZTHpDSUEwayIsIm1hYyI6IjhjYTE0ZDEwNmNhNDBlNGRjZjlkYTYxZWNkMjA5OGUxODRiZGIwNDk3NTk3M2MxODE4Y2I5NjFiMTUxZmY1NmMiLCJ0YWciOiIifQ%3D%3D; XSRF-TOKEN=eyJpdiI6ImppcVoybitBMWpHOUNPQ3BBaDJDbWc9PSIsInZhbHVlIjoiQWwrYkZQcUd4NzJhS2drMFVkd25QU3dNRDJhbDhaRWQ0M3Q3TWwxdVE4dUJZZlFERSsrWDlJN1dxWW05Q1dvL2kyUXlTakRtODYweW9ZOTBiZkVCNU8rYmxjL2EzNlJjTTNPZDNvSzN4aXdGY0p3M3kwUktTMVpyYm1mTU9YK2ciLCJtYWMiOiJmMDc5NDdlOTk3YWY4MWVmZWZkNjY3NzUyZGNmNWEyOWI0YmQ2MDJiMGNhYWUwZDRmNWM4MWIwMWE2N2ViODNiIiwidGFnIjoiIn0%3D; laravel-session=eyJpdiI6IkNVcDBpNEdJK1RtYzFPVGNMVndvMkE9PSIsInZhbHVlIjoiaWxVUkVNSWt5Y0hleG9vM2s5RlBvVjNRQkxZbWp3dk8rRDN2aGt3bXYrRWxZR25JdzVKSFArWkFqMytLK004ZXByOEhxZmY1S0hwUk4zV2kvYXdSR3NIRmdNb1ZaTGNiNkZ3Y0RweFZzOW9xNVQyTUVpQThLTzJUZTNGdkFTY3IiLCJtYWMiOiIzMzM4ODBiOGVkMmY1ZDRhNTYzZjQ5MjVmZjgwYTc4YzlmMzdhMDNkNjc5ZDI4ZDNmNjc1ZjBiZTYxOGNiMmJhIiwidGFnIjoiIn0%3D"]},"cookies":{"remember_web_59ba36addc2b2f9401580f014c7f58ea4e30989d":"eyJpdiI6IitGb2wvTkZVRnYxOWV1QmRobzBZSmc9PSIsInZhbHVlIjoiYm5KR29iQ0E0SmdxdUN5ZGJGQ2kyQmQvdU9ibWVMR0hoa1dIbzlIQzBaakZjM0NISjdqcXBDakpWd3RwYVZPM3Q0VXlJWWQzMWw1SkJoTmxmMzBScllBdWtvZk1VT1JYWWFPUUFWQ3ZzTkpZSndWaDczYVJBdWV1T3R0bjlmbXA3d0dlMDJWSm5sRXFnYk1pdGtuSlB2ZUF1aVVOT28zQVBrdmRXMk8wYXdPVDE4ZGs0UnNWclZVeW1tcUxQM0tqbEJ6ZVllZTBrSmdrWnRBM3BmTHNacnhORmFna1lXNm5IbW16VldMcnhKTT0iLCJtYWMiOiIyOWIyNjExYzIzY2RhZWI4MzdjMTMxZGY5MmU2NGI2MzIwMzc3Y2U4M2U1NTdjNTczMDg0ODA5YTJiNDhmYmQ1IiwidGFnIjoiIn0=","operator_client_id":"eyJpdiI6Ilc3UFBRTEhlKzBhdDkzT0wvOGJhcGc9PSIsInZhbHVlIjoiaHNXdzZYbCtNZ2ZFdUdyQjAzTG9idWxLVlZKNmZYMHE4STU2RFNKTmlobWhZSVNuN2dTcDhYK1BHOFRyRDU2SyIsIm1hYyI6IjU1ZjcyMTY0NWEzMDRhZGU5ZWUxNjlhNWUyYTBjYjI3NjJkZjYwODg4YjkxODVlNWQxMDFlNjY3Yjk3MTI4YzgiLCJ0YWciOiIifQ==","current_hotel_id":"eyJpdiI6ImpZL3BPMEI2eXIzUC9yR0daMlhhTEE9PSIsInZhbHVlIjoiS0FLc1hyd1I5ZFFvRk5QcEliUFhsS1c1YjlnNFk1VDZiVFdlak5INFhFTmhoUmo5UXlzY1ExZkpZTHpDSUEwayIsIm1hYyI6IjhjYTE0ZDEwNmNhNDBlNGRjZjlkYTYxZWNkMjA5OGUxODRiZGIwNDk3NTk3M2MxODE4Y2I5NjFiMTUxZmY1NmMiLCJ0YWciOiIifQ==","XSRF-TOKEN":"eyJpdiI6ImppcVoybitBMWpHOUNPQ3BBaDJDbWc9PSIsInZhbHVlIjoiQWwrYkZQcUd4NzJhS2drMFVkd25QU3dNRDJhbDhaRWQ0M3Q3TWwxdVE4dUJZZlFERSsrWDlJN1dxWW05Q1dvL2kyUXlTakRtODYweW9ZOTBiZkVCNU8rYmxjL2EzNlJjTTNPZDNvSzN4aXdGY0p3M3kwUktTMVpyYm1mTU9YK2ciLCJtYWMiOiJmMDc5NDdlOTk3YWY4MWVmZWZkNjY3NzUyZGNmNWEyOWI0YmQ2MDJiMGNhYWUwZDRmNWM4MWIwMWE2N2ViODNiIiwidGFnIjoiIn0=","laravel-session":"eyJpdiI6IkNVcDBpNEdJK1RtYzFPVGNMVndvMkE9PSIsInZhbHVlIjoiaWxVUkVNSWt5Y0hleG9vM2s5RlBvVjNRQkxZbWp3dk8rRDN2aGt3bXYrRWxZR25JdzVKSFArWkFqMytLK004ZXByOEhxZmY1S0hwUk4zV2kvYXdSR3NIRmdNb1ZaTGNiNkZ3Y0RweFZzOW9xNVQyTUVpQThLTzJUZTNGdkFTY3IiLCJtYWMiOiIzMzM4ODBiOGVkMmY1ZDRhNTYzZjQ5MjVmZjgwYTc4YzlmMzdhMDNkNjc5ZDI4ZDNmNjc1ZjBiZTYxOGNiMmJhIiwidGFnIjoiIn0="}} 
[2025-12-03 12:44:34] local.INFO: LogRequests middleware called {"url":"http://localhost/api/auth/login","method":"POST","headers":{"accept":["application/json, text/plain, */*"],"content-type":["application/json"],"user-agent":["bruno-runtime/2.15.0"],"request-start-time":["1764765873998"],"content-length":["61"],"accept-encoding":["gzip, compress, deflate, br"],"host":["localhost"],"connection":["keep-alive"]},"cookies":[]} 
[2025-12-03 12:50:02] local.INFO: LogRequests middleware called {"url":"http://localhost/api/auth/logout","method":"POST","headers":{"host":["localhost"],"connection":["keep-alive"],"content-length":["2"],"sec-ch-ua-platform":["\"Windows\""],"authorization":["Bearer 9|RdHzpFoHvXTk1919zqZ7H8X9BPnGNtul8Q37OBOr2e7a401e"],"user-agent":["Mozilla/5.0 (Windows NT 10.0; Win64; x64) AppleWebKit/537.36 (KHTML, like Gecko) Chrome/142.0.0.0 Safari/537.36"],"accept":["application/json"],"sec-ch-ua":["\"Chromium\";v=\"142\", \"Google Chrome\";v=\"142\", \"Not_A Brand\";v=\"99\""],"content-type":["application/json"],"sec-ch-ua-mobile":["?0"],"origin":["http://localhost"],"sec-fetch-site":["same-origin"],"sec-fetch-mode":["cors"],"sec-fetch-dest":["empty"],"referer":["http://localhost/"],"accept-encoding":["gzip, deflate, br, zstd"],"accept-language":["ru-RU,ru;q=0.9,en-US;q=0.8,en;q=0.7"],"cookie":["remember_web_59ba36addc2b2f9401580f014c7f58ea4e30989d=eyJpdiI6IitGb2wvTkZVRnYxOWV1QmRobzBZSmc9PSIsInZhbHVlIjoiYm5KR29iQ0E0SmdxdUN5ZGJGQ2kyQmQvdU9ibWVMR0hoa1dIbzlIQzBaakZjM0NISjdqcXBDakpWd3RwYVZPM3Q0VXlJWWQzMWw1SkJoTmxmMzBScllBdWtvZk1VT1JYWWFPUUFWQ3ZzTkpZSndWaDczYVJBdWV1T3R0bjlmbXA3d0dlMDJWSm5sRXFnYk1pdGtuSlB2ZUF1aVVOT28zQVBrdmRXMk8wYXdPVDE4ZGs0UnNWclZVeW1tcUxQM0tqbEJ6ZVllZTBrSmdrWnRBM3BmTHNacnhORmFna1lXNm5IbW16VldMcnhKTT0iLCJtYWMiOiIyOWIyNjExYzIzY2RhZWI4MzdjMTMxZGY5MmU2NGI2MzIwMzc3Y2U4M2U1NTdjNTczMDg0ODA5YTJiNDhmYmQ1IiwidGFnIjoiIn0%3D; operator_client_id=eyJpdiI6Ilc3UFBRTEhlKzBhdDkzT0wvOGJhcGc9PSIsInZhbHVlIjoiaHNXdzZYbCtNZ2ZFdUdyQjAzTG9idWxLVlZKNmZYMHE4STU2RFNKTmlobWhZSVNuN2dTcDhYK1BHOFRyRDU2SyIsIm1hYyI6IjU1ZjcyMTY0NWEzMDRhZGU5ZWUxNjlhNWUyYTBjYjI3NjJkZjYwODg4YjkxODVlNWQxMDFlNjY3Yjk3MTI4YzgiLCJ0YWciOiIifQ%3D%3D; current_hotel_id=eyJpdiI6ImpZL3BPMEI2eXIzUC9yR0daMlhhTEE9PSIsInZhbHVlIjoiS0FLc1hyd1I5ZFFvRk5QcEliUFhsS1c1YjlnNFk1VDZiVFdlak5INFhFTmhoUmo5UXlzY1ExZkpZTHpDSUEwayIsIm1hYyI6IjhjYTE0ZDEwNmNhNDBlNGRjZjlkYTYxZWNkMjA5OGUxODRiZGIwNDk3NTk3M2MxODE4Y2I5NjFiMTUxZmY1NmMiLCJ0YWciOiIifQ%3D%3D; XSRF-TOKEN=eyJpdiI6ImppcVoybitBMWpHOUNPQ3BBaDJDbWc9PSIsInZhbHVlIjoiQWwrYkZQcUd4NzJhS2drMFVkd25QU3dNRDJhbDhaRWQ0M3Q3TWwxdVE4dUJZZlFERSsrWDlJN1dxWW05Q1dvL2kyUXlTakRtODYweW9ZOTBiZkVCNU8rYmxjL2EzNlJjTTNPZDNvSzN4aXdGY0p3M3kwUktTMVpyYm1mTU9YK2ciLCJtYWMiOiJmMDc5NDdlOTk3YWY4MWVmZWZkNjY3NzUyZGNmNWEyOWI0YmQ2MDJiMGNhYWUwZDRmNWM4MWIwMWE2N2ViODNiIiwidGFnIjoiIn0%3D; laravel-session=eyJpdiI6IkNVcDBpNEdJK1RtYzFPVGNMVndvMkE9PSIsInZhbHVlIjoiaWxVUkVNSWt5Y0hleG9vM2s5RlBvVjNRQkxZbWp3dk8rRDN2aGt3bXYrRWxZR25JdzVKSFArWkFqMytLK004ZXByOEhxZmY1S0hwUk4zV2kvYXdSR3NIRmdNb1ZaTGNiNkZ3Y0RweFZzOW9xNVQyTUVpQThLTzJUZTNGdkFTY3IiLCJtYWMiOiIzMzM4ODBiOGVkMmY1ZDRhNTYzZjQ5MjVmZjgwYTc4YzlmMzdhMDNkNjc5ZDI4ZDNmNjc1ZjBiZTYxOGNiMmJhIiwidGFnIjoiIn0%3D"]},"cookies":{"remember_web_59ba36addc2b2f9401580f014c7f58ea4e30989d":"eyJpdiI6IitGb2wvTkZVRnYxOWV1QmRobzBZSmc9PSIsInZhbHVlIjoiYm5KR29iQ0E0SmdxdUN5ZGJGQ2kyQmQvdU9ibWVMR0hoa1dIbzlIQzBaakZjM0NISjdqcXBDakpWd3RwYVZPM3Q0VXlJWWQzMWw1SkJoTmxmMzBScllBdWtvZk1VT1JYWWFPUUFWQ3ZzTkpZSndWaDczYVJBdWV1T3R0bjlmbXA3d0dlMDJWSm5sRXFnYk1pdGtuSlB2ZUF1aVVOT28zQVBrdmRXMk8wYXdPVDE4ZGs0UnNWclZVeW1tcUxQM0tqbEJ6ZVllZTBrSmdrWnRBM3BmTHNacnhORmFna1lXNm5IbW16VldMcnhKTT0iLCJtYWMiOiIyOWIyNjExYzIzY2RhZWI4MzdjMTMxZGY5MmU2NGI2MzIwMzc3Y2U4M2U1NTdjNTczMDg0ODA5YTJiNDhmYmQ1IiwidGFnIjoiIn0=","operator_client_id":"eyJpdiI6Ilc3UFBRTEhlKzBhdDkzT0wvOGJhcGc9PSIsInZhbHVlIjoiaHNXdzZYbCtNZ2ZFdUdyQjAzTG9idWxLVlZKNmZYMHE4STU2RFNKTmlobWhZSVNuN2dTcDhYK1BHOFRyRDU2SyIsIm1hYyI6IjU1ZjcyMTY0NWEzMDRhZGU5ZWUxNjlhNWUyYTBjYjI3NjJkZjYwODg4YjkxODVlNWQxMDFlNjY3Yjk3MTI4YzgiLCJ0YWciOiIifQ==","current_hotel_id":"eyJpdiI6ImpZL3BPMEI2eXIzUC9yR0daMlhhTEE9PSIsInZhbHVlIjoiS0FLc1hyd1I5ZFFvRk5QcEliUFhsS1c1YjlnNFk1VDZiVFdlak5INFhFTmhoUmo5UXlzY1ExZkpZTHpDSUEwayIsIm1hYyI6IjhjYTE0ZDEwNmNhNDBlNGRjZjlkYTYxZWNkMjA5OGUxODRiZGIwNDk3NTk3M2MxODE4Y2I5NjFiMTUxZmY1NmMiLCJ0YWciOiIifQ==","XSRF-TOKEN":"eyJpdiI6ImppcVoybitBMWpHOUNPQ3BBaDJDbWc9PSIsInZhbHVlIjoiQWwrYkZQcUd4NzJhS2drMFVkd25QU3dNRDJhbDhaRWQ0M3Q3TWwxdVE4dUJZZlFERSsrWDlJN1dxWW05Q1dvL2kyUXlTakRtODYweW9ZOTBiZkVCNU8rYmxjL2EzNlJjTTNPZDNvSzN4aXdGY0p3M3kwUktTMVpyYm1mTU9YK2ciLCJtYWMiOiJmMDc5NDdlOTk3YWY4MWVmZWZkNjY3NzUyZGNmNWEyOWI0YmQ2MDJiMGNhYWUwZDRmNWM4MWIwMWE2N2ViODNiIiwidGFnIjoiIn0=","laravel-session":"eyJpdiI6IkNVcDBpNEdJK1RtYzFPVGNMVndvMkE9PSIsInZhbHVlIjoiaWxVUkVNSWt5Y0hleG9vM2s5RlBvVjNRQkxZbWp3dk8rRDN2aGt3bXYrRWxZR25JdzVKSFArWkFqMytLK004ZXByOEhxZmY1S0hwUk4zV2kvYXdSR3NIRmdNb1ZaTGNiNkZ3Y0RweFZzOW9xNVQyTUVpQThLTzJUZTNGdkFTY3IiLCJtYWMiOiIzMzM4ODBiOGVkMmY1ZDRhNTYzZjQ5MjVmZjgwYTc4YzlmMzdhMDNkNjc5ZDI4ZDNmNjc1ZjBiZTYxOGNiMmJhIiwidGFnIjoiIn0="}} 
[2025-12-03 12:50:02] local.INFO: LogRequests middleware called {"url":"http://localhost/api/auth/logout","method":"POST","headers":{"host":["localhost"],"connection":["keep-alive"],"content-length":["2"],"sec-ch-ua-platform":["\"Windows\""],"authorization":["Bearer 9|RdHzpFoHvXTk1919zqZ7H8X9BPnGNtul8Q37OBOr2e7a401e"],"user-agent":["Mozilla/5.0 (Windows NT 10.0; Win64; x64) AppleWebKit/537.36 (KHTML, like Gecko) Chrome/142.0.0.0 Safari/537.36"],"accept":["application/json"],"sec-ch-ua":["\"Chromium\";v=\"142\", \"Google Chrome\";v=\"142\", \"Not_A Brand\";v=\"99\""],"content-type":["application/json"],"sec-ch-ua-mobile":["?0"],"origin":["http://localhost"],"sec-fetch-site":["same-origin"],"sec-fetch-mode":["cors"],"sec-fetch-dest":["empty"],"referer":["http://localhost/"],"accept-encoding":["gzip, deflate, br, zstd"],"accept-language":["ru-RU,ru;q=0.9,en-US;q=0.8,en;q=0.7"],"cookie":["remember_web_59ba36addc2b2f9401580f014c7f58ea4e30989d=eyJpdiI6IitGb2wvTkZVRnYxOWV1QmRobzBZSmc9PSIsInZhbHVlIjoiYm5KR29iQ0E0SmdxdUN5ZGJGQ2kyQmQvdU9ibWVMR0hoa1dIbzlIQzBaakZjM0NISjdqcXBDakpWd3RwYVZPM3Q0VXlJWWQzMWw1SkJoTmxmMzBScllBdWtvZk1VT1JYWWFPUUFWQ3ZzTkpZSndWaDczYVJBdWV1T3R0bjlmbXA3d0dlMDJWSm5sRXFnYk1pdGtuSlB2ZUF1aVVOT28zQVBrdmRXMk8wYXdPVDE4ZGs0UnNWclZVeW1tcUxQM0tqbEJ6ZVllZTBrSmdrWnRBM3BmTHNacnhORmFna1lXNm5IbW16VldMcnhKTT0iLCJtYWMiOiIyOWIyNjExYzIzY2RhZWI4MzdjMTMxZGY5MmU2NGI2MzIwMzc3Y2U4M2U1NTdjNTczMDg0ODA5YTJiNDhmYmQ1IiwidGFnIjoiIn0%3D; operator_client_id=eyJpdiI6Ilc3UFBRTEhlKzBhdDkzT0wvOGJhcGc9PSIsInZhbHVlIjoiaHNXdzZYbCtNZ2ZFdUdyQjAzTG9idWxLVlZKNmZYMHE4STU2RFNKTmlobWhZSVNuN2dTcDhYK1BHOFRyRDU2SyIsIm1hYyI6IjU1ZjcyMTY0NWEzMDRhZGU5ZWUxNjlhNWUyYTBjYjI3NjJkZjYwODg4YjkxODVlNWQxMDFlNjY3Yjk3MTI4YzgiLCJ0YWciOiIifQ%3D%3D; current_hotel_id=eyJpdiI6ImpZL3BPMEI2eXIzUC9yR0daMlhhTEE9PSIsInZhbHVlIjoiS0FLc1hyd1I5ZFFvRk5QcEliUFhsS1c1YjlnNFk1VDZiVFdlak5INFhFTmhoUmo5UXlzY1ExZkpZTHpDSUEwayIsIm1hYyI6IjhjYTE0ZDEwNmNhNDBlNGRjZjlkYTYxZWNkMjA5OGUxODRiZGIwNDk3NTk3M2MxODE4Y2I5NjFiMTUxZmY1NmMiLCJ0YWciOiIifQ%3D%3D; XSRF-TOKEN=eyJpdiI6ImppcVoybitBMWpHOUNPQ3BBaDJDbWc9PSIsInZhbHVlIjoiQWwrYkZQcUd4NzJhS2drMFVkd25QU3dNRDJhbDhaRWQ0M3Q3TWwxdVE4dUJZZlFERSsrWDlJN1dxWW05Q1dvL2kyUXlTakRtODYweW9ZOTBiZkVCNU8rYmxjL2EzNlJjTTNPZDNvSzN4aXdGY0p3M3kwUktTMVpyYm1mTU9YK2ciLCJtYWMiOiJmMDc5NDdlOTk3YWY4MWVmZWZkNjY3NzUyZGNmNWEyOWI0YmQ2MDJiMGNhYWUwZDRmNWM4MWIwMWE2N2ViODNiIiwidGFnIjoiIn0%3D; laravel-session=eyJpdiI6IkNVcDBpNEdJK1RtYzFPVGNMVndvMkE9PSIsInZhbHVlIjoiaWxVUkVNSWt5Y0hleG9vM2s5RlBvVjNRQkxZbWp3dk8rRDN2aGt3bXYrRWxZR25JdzVKSFArWkFqMytLK004ZXByOEhxZmY1S0hwUk4zV2kvYXdSR3NIRmdNb1ZaTGNiNkZ3Y0RweFZzOW9xNVQyTUVpQThLTzJUZTNGdkFTY3IiLCJtYWMiOiIzMzM4ODBiOGVkMmY1ZDRhNTYzZjQ5MjVmZjgwYTc4YzlmMzdhMDNkNjc5ZDI4ZDNmNjc1ZjBiZTYxOGNiMmJhIiwidGFnIjoiIn0%3D"]},"cookies":{"remember_web_59ba36addc2b2f9401580f014c7f58ea4e30989d":"eyJpdiI6IitGb2wvTkZVRnYxOWV1QmRobzBZSmc9PSIsInZhbHVlIjoiYm5KR29iQ0E0SmdxdUN5ZGJGQ2kyQmQvdU9ibWVMR0hoa1dIbzlIQzBaakZjM0NISjdqcXBDakpWd3RwYVZPM3Q0VXlJWWQzMWw1SkJoTmxmMzBScllBdWtvZk1VT1JYWWFPUUFWQ3ZzTkpZSndWaDczYVJBdWV1T3R0bjlmbXA3d0dlMDJWSm5sRXFnYk1pdGtuSlB2ZUF1aVVOT28zQVBrdmRXMk8wYXdPVDE4ZGs0UnNWclZVeW1tcUxQM0tqbEJ6ZVllZTBrSmdrWnRBM3BmTHNacnhORmFna1lXNm5IbW16VldMcnhKTT0iLCJtYWMiOiIyOWIyNjExYzIzY2RhZWI4MzdjMTMxZGY5MmU2NGI2MzIwMzc3Y2U4M2U1NTdjNTczMDg0ODA5YTJiNDhmYmQ1IiwidGFnIjoiIn0=","operator_client_id":"eyJpdiI6Ilc3UFBRTEhlKzBhdDkzT0wvOGJhcGc9PSIsInZhbHVlIjoiaHNXdzZYbCtNZ2ZFdUdyQjAzTG9idWxLVlZKNmZYMHE4STU2RFNKTmlobWhZSVNuN2dTcDhYK1BHOFRyRDU2SyIsIm1hYyI6IjU1ZjcyMTY0NWEzMDRhZGU5ZWUxNjlhNWUyYTBjYjI3NjJkZjYwODg4YjkxODVlNWQxMDFlNjY3Yjk3MTI4YzgiLCJ0YWciOiIifQ==","current_hotel_id":"eyJpdiI6ImpZL3BPMEI2eXIzUC9yR0daMlhhTEE9PSIsInZhbHVlIjoiS0FLc1hyd1I5ZFFvRk5QcEliUFhsS1c1YjlnNFk1VDZiVFdlak5INFhFTmhoUmo5UXlzY1ExZkpZTHpDSUEwayIsIm1hYyI6IjhjYTE0ZDEwNmNhNDBlNGRjZjlkYTYxZWNkMjA5OGUxODRiZGIwNDk3NTk3M2MxODE4Y2I5NjFiMTUxZmY1NmMiLCJ0YWciOiIifQ==","XSRF-TOKEN":"eyJpdiI6ImppcVoybitBMWpHOUNPQ3BBaDJDbWc9PSIsInZhbHVlIjoiQWwrYkZQcUd4NzJhS2drMFVkd25QU3dNRDJhbDhaRWQ0M3Q3TWwxdVE4dUJZZlFERSsrWDlJN1dxWW05Q1dvL2kyUXlTakRtODYweW9ZOTBiZkVCNU8rYmxjL2EzNlJjTTNPZDNvSzN4aXdGY0p3M3kwUktTMVpyYm1mTU9YK2ciLCJtYWMiOiJmMDc5NDdlOTk3YWY4MWVmZWZkNjY3NzUyZGNmNWEyOWI0YmQ2MDJiMGNhYWUwZDRmNWM4MWIwMWE2N2ViODNiIiwidGFnIjoiIn0=","laravel-session":"eyJpdiI6IkNVcDBpNEdJK1RtYzFPVGNMVndvMkE9PSIsInZhbHVlIjoiaWxVUkVNSWt5Y0hleG9vM2s5RlBvVjNRQkxZbWp3dk8rRDN2aGt3bXYrRWxZR25JdzVKSFArWkFqMytLK004ZXByOEhxZmY1S0hwUk4zV2kvYXdSR3NIRmdNb1ZaTGNiNkZ3Y0RweFZzOW9xNVQyTUVpQThLTzJUZTNGdkFTY3IiLCJtYWMiOiIzMzM4ODBiOGVkMmY1ZDRhNTYzZjQ5MjVmZjgwYTc4YzlmMzdhMDNkNjc5ZDI4ZDNmNjc1ZjBiZTYxOGNiMmJhIiwidGFnIjoiIn0="}} 
[2025-12-03 13:00:41] local.INFO: LogRequests middleware called {"url":"http://localhost/api/auth/logout","method":"POST","headers":{"host":["localhost"],"connection":["keep-alive"],"content-length":["2"],"sec-ch-ua-platform":["\"Windows\""],"authorization":["Bearer 9|RdHzpFoHvXTk1919zqZ7H8X9BPnGNtul8Q37OBOr2e7a401e"],"user-agent":["Mozilla/5.0 (Windows NT 10.0; Win64; x64) AppleWebKit/537.36 (KHTML, like Gecko) Chrome/142.0.0.0 Safari/537.36"],"accept":["application/json"],"sec-ch-ua":["\"Chromium\";v=\"142\", \"Google Chrome\";v=\"142\", \"Not_A Brand\";v=\"99\""],"content-type":["application/json"],"sec-ch-ua-mobile":["?0"],"origin":["http://localhost"],"sec-fetch-site":["same-origin"],"sec-fetch-mode":["cors"],"sec-fetch-dest":["empty"],"referer":["http://localhost/"],"accept-encoding":["gzip, deflate, br, zstd"],"accept-language":["ru-RU,ru;q=0.9,en-US;q=0.8,en;q=0.7"],"cookie":["remember_web_59ba36addc2b2f9401580f014c7f58ea4e30989d=eyJpdiI6IitGb2wvTkZVRnYxOWV1QmRobzBZSmc9PSIsInZhbHVlIjoiYm5KR29iQ0E0SmdxdUN5ZGJGQ2kyQmQvdU9ibWVMR0hoa1dIbzlIQzBaakZjM0NISjdqcXBDakpWd3RwYVZPM3Q0VXlJWWQzMWw1SkJoTmxmMzBScllBdWtvZk1VT1JYWWFPUUFWQ3ZzTkpZSndWaDczYVJBdWV1T3R0bjlmbXA3d0dlMDJWSm5sRXFnYk1pdGtuSlB2ZUF1aVVOT28zQVBrdmRXMk8wYXdPVDE4ZGs0UnNWclZVeW1tcUxQM0tqbEJ6ZVllZTBrSmdrWnRBM3BmTHNacnhORmFna1lXNm5IbW16VldMcnhKTT0iLCJtYWMiOiIyOWIyNjExYzIzY2RhZWI4MzdjMTMxZGY5MmU2NGI2MzIwMzc3Y2U4M2U1NTdjNTczMDg0ODA5YTJiNDhmYmQ1IiwidGFnIjoiIn0%3D; operator_client_id=eyJpdiI6Ilc3UFBRTEhlKzBhdDkzT0wvOGJhcGc9PSIsInZhbHVlIjoiaHNXdzZYbCtNZ2ZFdUdyQjAzTG9idWxLVlZKNmZYMHE4STU2RFNKTmlobWhZSVNuN2dTcDhYK1BHOFRyRDU2SyIsIm1hYyI6IjU1ZjcyMTY0NWEzMDRhZGU5ZWUxNjlhNWUyYTBjYjI3NjJkZjYwODg4YjkxODVlNWQxMDFlNjY3Yjk3MTI4YzgiLCJ0YWciOiIifQ%3D%3D; current_hotel_id=eyJpdiI6ImpZL3BPMEI2eXIzUC9yR0daMlhhTEE9PSIsInZhbHVlIjoiS0FLc1hyd1I5ZFFvRk5QcEliUFhsS1c1YjlnNFk1VDZiVFdlak5INFhFTmhoUmo5UXlzY1ExZkpZTHpDSUEwayIsIm1hYyI6IjhjYTE0ZDEwNmNhNDBlNGRjZjlkYTYxZWNkMjA5OGUxODRiZGIwNDk3NTk3M2MxODE4Y2I5NjFiMTUxZmY1NmMiLCJ0YWciOiIifQ%3D%3D; XSRF-TOKEN=eyJpdiI6IlJwRCs4LzBqNUNuS1FBTldZNk5Mdnc9PSIsInZhbHVlIjoiamdjWXNCTkptSGFKU0Jzd0ZWMkhrZHhvNUhZM28wazdzdEVmWkxIZlFZMHZMOEJpN2dVSm9vR0ZkWlBuZzM2OFBDMXF1VUlLYXhpM0ZvTzlTZkNPZEFraWpGcVBLVXZVN2Q2VWFUMk1EWEpSbG5UMGRjSkc3UFUxRXpzdEtVT1QiLCJtYWMiOiI3ZDBiZGZkM2E4NzJhMjFmZGQwYjMzYTdhMTFjOTI4N2NjZGUyNjlmMDRkNzA0NTg5M2Y4ZWEwYWQ3NGFmMGZmIiwidGFnIjoiIn0%3D; laravel-session=eyJpdiI6ImRGbThhNHIyVDlkTTMrMExqN1I0WVE9PSIsInZhbHVlIjoiam9SNUlqaDJwZUdNajYyUG94OHlXWkFzRUwwMURIS1NJb2d5aFdmY3R2VWlWU2VVdmNVWXhUUHI4VHZjRjVPNlZZQmtPNXFJNE53L1pSeFFIMXZmdlFyaHFOTk1keWthWnJlWDBuV2Z1NG9HaFJOZmhWZkxjamZ4RDREN1ZUaG8iLCJtYWMiOiIzOTE2MGVlODI5OGZjNzc0NmVmMTU1NDNlOWI5YzEyZGUzOGI2YmFjZDBkYjEwMzgxMzFiMTFlNjI2YzQ3ODFhIiwidGFnIjoiIn0%3D"]},"cookies":{"remember_web_59ba36addc2b2f9401580f014c7f58ea4e30989d":"eyJpdiI6IitGb2wvTkZVRnYxOWV1QmRobzBZSmc9PSIsInZhbHVlIjoiYm5KR29iQ0E0SmdxdUN5ZGJGQ2kyQmQvdU9ibWVMR0hoa1dIbzlIQzBaakZjM0NISjdqcXBDakpWd3RwYVZPM3Q0VXlJWWQzMWw1SkJoTmxmMzBScllBdWtvZk1VT1JYWWFPUUFWQ3ZzTkpZSndWaDczYVJBdWV1T3R0bjlmbXA3d0dlMDJWSm5sRXFnYk1pdGtuSlB2ZUF1aVVOT28zQVBrdmRXMk8wYXdPVDE4ZGs0UnNWclZVeW1tcUxQM0tqbEJ6ZVllZTBrSmdrWnRBM3BmTHNacnhORmFna1lXNm5IbW16VldMcnhKTT0iLCJtYWMiOiIyOWIyNjExYzIzY2RhZWI4MzdjMTMxZGY5MmU2NGI2MzIwMzc3Y2U4M2U1NTdjNTczMDg0ODA5YTJiNDhmYmQ1IiwidGFnIjoiIn0=","operator_client_id":"eyJpdiI6Ilc3UFBRTEhlKzBhdDkzT0wvOGJhcGc9PSIsInZhbHVlIjoiaHNXdzZYbCtNZ2ZFdUdyQjAzTG9idWxLVlZKNmZYMHE4STU2RFNKTmlobWhZSVNuN2dTcDhYK1BHOFRyRDU2SyIsIm1hYyI6IjU1ZjcyMTY0NWEzMDRhZGU5ZWUxNjlhNWUyYTBjYjI3NjJkZjYwODg4YjkxODVlNWQxMDFlNjY3Yjk3MTI4YzgiLCJ0YWciOiIifQ==","current_hotel_id":"eyJpdiI6ImpZL3BPMEI2eXIzUC9yR0daMlhhTEE9PSIsInZhbHVlIjoiS0FLc1hyd1I5ZFFvRk5QcEliUFhsS1c1YjlnNFk1VDZiVFdlak5INFhFTmhoUmo5UXlzY1ExZkpZTHpDSUEwayIsIm1hYyI6IjhjYTE0ZDEwNmNhNDBlNGRjZjlkYTYxZWNkMjA5OGUxODRiZGIwNDk3NTk3M2MxODE4Y2I5NjFiMTUxZmY1NmMiLCJ0YWciOiIifQ==","XSRF-TOKEN":"eyJpdiI6IlJwRCs4LzBqNUNuS1FBTldZNk5Mdnc9PSIsInZhbHVlIjoiamdjWXNCTkptSGFKU0Jzd0ZWMkhrZHhvNUhZM28wazdzdEVmWkxIZlFZMHZMOEJpN2dVSm9vR0ZkWlBuZzM2OFBDMXF1VUlLYXhpM0ZvTzlTZkNPZEFraWpGcVBLVXZVN2Q2VWFUMk1EWEpSbG5UMGRjSkc3UFUxRXpzdEtVT1QiLCJtYWMiOiI3ZDBiZGZkM2E4NzJhMjFmZGQwYjMzYTdhMTFjOTI4N2NjZGUyNjlmMDRkNzA0NTg5M2Y4ZWEwYWQ3NGFmMGZmIiwidGFnIjoiIn0=","laravel-session":"eyJpdiI6ImRGbThhNHIyVDlkTTMrMExqN1I0WVE9PSIsInZhbHVlIjoiam9SNUlqaDJwZUdNajYyUG94OHlXWkFzRUwwMURIS1NJb2d5aFdmY3R2VWlWU2VVdmNVWXhUUHI4VHZjRjVPNlZZQmtPNXFJNE53L1pSeFFIMXZmdlFyaHFOTk1keWthWnJlWDBuV2Z1NG9HaFJOZmhWZkxjamZ4RDREN1ZUaG8iLCJtYWMiOiIzOTE2MGVlODI5OGZjNzc0NmVmMTU1NDNlOWI5YzEyZGUzOGI2YmFjZDBkYjEwMzgxMzFiMTFlNjI2YzQ3ODFhIiwidGFnIjoiIn0="}} 
[2025-12-03 13:00:41] local.INFO: LogRequests middleware called {"url":"http://localhost/api/auth/logout","method":"POST","headers":{"host":["localhost"],"connection":["keep-alive"],"content-length":["2"],"sec-ch-ua-platform":["\"Windows\""],"authorization":["Bearer 9|RdHzpFoHvXTk1919zqZ7H8X9BPnGNtul8Q37OBOr2e7a401e"],"user-agent":["Mozilla/5.0 (Windows NT 10.0; Win64; x64) AppleWebKit/537.36 (KHTML, like Gecko) Chrome/142.0.0.0 Safari/537.36"],"accept":["application/json"],"sec-ch-ua":["\"Chromium\";v=\"142\", \"Google Chrome\";v=\"142\", \"Not_A Brand\";v=\"99\""],"content-type":["application/json"],"sec-ch-ua-mobile":["?0"],"origin":["http://localhost"],"sec-fetch-site":["same-origin"],"sec-fetch-mode":["cors"],"sec-fetch-dest":["empty"],"referer":["http://localhost/"],"accept-encoding":["gzip, deflate, br, zstd"],"accept-language":["ru-RU,ru;q=0.9,en-US;q=0.8,en;q=0.7"],"cookie":["remember_web_59ba36addc2b2f9401580f014c7f58ea4e30989d=eyJpdiI6IitGb2wvTkZVRnYxOWV1QmRobzBZSmc9PSIsInZhbHVlIjoiYm5KR29iQ0E0SmdxdUN5ZGJGQ2kyQmQvdU9ibWVMR0hoa1dIbzlIQzBaakZjM0NISjdqcXBDakpWd3RwYVZPM3Q0VXlJWWQzMWw1SkJoTmxmMzBScllBdWtvZk1VT1JYWWFPUUFWQ3ZzTkpZSndWaDczYVJBdWV1T3R0bjlmbXA3d0dlMDJWSm5sRXFnYk1pdGtuSlB2ZUF1aVVOT28zQVBrdmRXMk8wYXdPVDE4ZGs0UnNWclZVeW1tcUxQM0tqbEJ6ZVllZTBrSmdrWnRBM3BmTHNacnhORmFna1lXNm5IbW16VldMcnhKTT0iLCJtYWMiOiIyOWIyNjExYzIzY2RhZWI4MzdjMTMxZGY5MmU2NGI2MzIwMzc3Y2U4M2U1NTdjNTczMDg0ODA5YTJiNDhmYmQ1IiwidGFnIjoiIn0%3D; operator_client_id=eyJpdiI6Ilc3UFBRTEhlKzBhdDkzT0wvOGJhcGc9PSIsInZhbHVlIjoiaHNXdzZYbCtNZ2ZFdUdyQjAzTG9idWxLVlZKNmZYMHE4STU2RFNKTmlobWhZSVNuN2dTcDhYK1BHOFRyRDU2SyIsIm1hYyI6IjU1ZjcyMTY0NWEzMDRhZGU5ZWUxNjlhNWUyYTBjYjI3NjJkZjYwODg4YjkxODVlNWQxMDFlNjY3Yjk3MTI4YzgiLCJ0YWciOiIifQ%3D%3D; current_hotel_id=eyJpdiI6ImpZL3BPMEI2eXIzUC9yR0daMlhhTEE9PSIsInZhbHVlIjoiS0FLc1hyd1I5ZFFvRk5QcEliUFhsS1c1YjlnNFk1VDZiVFdlak5INFhFTmhoUmo5UXlzY1ExZkpZTHpDSUEwayIsIm1hYyI6IjhjYTE0ZDEwNmNhNDBlNGRjZjlkYTYxZWNkMjA5OGUxODRiZGIwNDk3NTk3M2MxODE4Y2I5NjFiMTUxZmY1NmMiLCJ0YWciOiIifQ%3D%3D; XSRF-TOKEN=eyJpdiI6IlJwRCs4LzBqNUNuS1FBTldZNk5Mdnc9PSIsInZhbHVlIjoiamdjWXNCTkptSGFKU0Jzd0ZWMkhrZHhvNUhZM28wazdzdEVmWkxIZlFZMHZMOEJpN2dVSm9vR0ZkWlBuZzM2OFBDMXF1VUlLYXhpM0ZvTzlTZkNPZEFraWpGcVBLVXZVN2Q2VWFUMk1EWEpSbG5UMGRjSkc3UFUxRXpzdEtVT1QiLCJtYWMiOiI3ZDBiZGZkM2E4NzJhMjFmZGQwYjMzYTdhMTFjOTI4N2NjZGUyNjlmMDRkNzA0NTg5M2Y4ZWEwYWQ3NGFmMGZmIiwidGFnIjoiIn0%3D; laravel-session=eyJpdiI6ImRGbThhNHIyVDlkTTMrMExqN1I0WVE9PSIsInZhbHVlIjoiam9SNUlqaDJwZUdNajYyUG94OHlXWkFzRUwwMURIS1NJb2d5aFdmY3R2VWlWU2VVdmNVWXhUUHI4VHZjRjVPNlZZQmtPNXFJNE53L1pSeFFIMXZmdlFyaHFOTk1keWthWnJlWDBuV2Z1NG9HaFJOZmhWZkxjamZ4RDREN1ZUaG8iLCJtYWMiOiIzOTE2MGVlODI5OGZjNzc0NmVmMTU1NDNlOWI5YzEyZGUzOGI2YmFjZDBkYjEwMzgxMzFiMTFlNjI2YzQ3ODFhIiwidGFnIjoiIn0%3D"]},"cookies":{"remember_web_59ba36addc2b2f9401580f014c7f58ea4e30989d":"eyJpdiI6IitGb2wvTkZVRnYxOWV1QmRobzBZSmc9PSIsInZhbHVlIjoiYm5KR29iQ0E0SmdxdUN5ZGJGQ2kyQmQvdU9ibWVMR0hoa1dIbzlIQzBaakZjM0NISjdqcXBDakpWd3RwYVZPM3Q0VXlJWWQzMWw1SkJoTmxmMzBScllBdWtvZk1VT1JYWWFPUUFWQ3ZzTkpZSndWaDczYVJBdWV1T3R0bjlmbXA3d0dlMDJWSm5sRXFnYk1pdGtuSlB2ZUF1aVVOT28zQVBrdmRXMk8wYXdPVDE4ZGs0UnNWclZVeW1tcUxQM0tqbEJ6ZVllZTBrSmdrWnRBM3BmTHNacnhORmFna1lXNm5IbW16VldMcnhKTT0iLCJtYWMiOiIyOWIyNjExYzIzY2RhZWI4MzdjMTMxZGY5MmU2NGI2MzIwMzc3Y2U4M2U1NTdjNTczMDg0ODA5YTJiNDhmYmQ1IiwidGFnIjoiIn0=","operator_client_id":"eyJpdiI6Ilc3UFBRTEhlKzBhdDkzT0wvOGJhcGc9PSIsInZhbHVlIjoiaHNXdzZYbCtNZ2ZFdUdyQjAzTG9idWxLVlZKNmZYMHE4STU2RFNKTmlobWhZSVNuN2dTcDhYK1BHOFRyRDU2SyIsIm1hYyI6IjU1ZjcyMTY0NWEzMDRhZGU5ZWUxNjlhNWUyYTBjYjI3NjJkZjYwODg4YjkxODVlNWQxMDFlNjY3Yjk3MTI4YzgiLCJ0YWciOiIifQ==","current_hotel_id":"eyJpdiI6ImpZL3BPMEI2eXIzUC9yR0daMlhhTEE9PSIsInZhbHVlIjoiS0FLc1hyd1I5ZFFvRk5QcEliUFhsS1c1YjlnNFk1VDZiVFdlak5INFhFTmhoUmo5UXlzY1ExZkpZTHpDSUEwayIsIm1hYyI6IjhjYTE0ZDEwNmNhNDBlNGRjZjlkYTYxZWNkMjA5OGUxODRiZGIwNDk3NTk3M2MxODE4Y2I5NjFiMTUxZmY1NmMiLCJ0YWciOiIifQ==","XSRF-TOKEN":"eyJpdiI6IlJwRCs4LzBqNUNuS1FBTldZNk5Mdnc9PSIsInZhbHVlIjoiamdjWXNCTkptSGFKU0Jzd0ZWMkhrZHhvNUhZM28wazdzdEVmWkxIZlFZMHZMOEJpN2dVSm9vR0ZkWlBuZzM2OFBDMXF1VUlLYXhpM0ZvTzlTZkNPZEFraWpGcVBLVXZVN2Q2VWFUMk1EWEpSbG5UMGRjSkc3UFUxRXpzdEtVT1QiLCJtYWMiOiI3ZDBiZGZkM2E4NzJhMjFmZGQwYjMzYTdhMTFjOTI4N2NjZGUyNjlmMDRkNzA0NTg5M2Y4ZWEwYWQ3NGFmMGZmIiwidGFnIjoiIn0=","laravel-session":"eyJpdiI6ImRGbThhNHIyVDlkTTMrMExqN1I0WVE9PSIsInZhbHVlIjoiam9SNUlqaDJwZUdNajYyUG94OHlXWkFzRUwwMURIS1NJb2d5aFdmY3R2VWlWU2VVdmNVWXhUUHI4VHZjRjVPNlZZQmtPNXFJNE53L1pSeFFIMXZmdlFyaHFOTk1keWthWnJlWDBuV2Z1NG9HaFJOZmhWZkxjamZ4RDREN1ZUaG8iLCJtYWMiOiIzOTE2MGVlODI5OGZjNzc0NmVmMTU1NDNlOWI5YzEyZGUzOGI2YmFjZDBkYjEwMzgxMzFiMTFlNjI2YzQ3ODFhIiwidGFnIjoiIn0="}} 
[2025-12-03 13:09:25] local.INFO: LogRequests middleware called {"url":"http://localhost/api/auth/logout","method":"POST","headers":{"host":["localhost"],"connection":["keep-alive"],"content-length":["2"],"sec-ch-ua-platform":["\"Windows\""],"authorization":["Bearer 9|RdHzpFoHvXTk1919zqZ7H8X9BPnGNtul8Q37OBOr2e7a401e"],"user-agent":["Mozilla/5.0 (Windows NT 10.0; Win64; x64) AppleWebKit/537.36 (KHTML, like Gecko) Chrome/142.0.0.0 Safari/537.36"],"accept":["application/json"],"sec-ch-ua":["\"Chromium\";v=\"142\", \"Google Chrome\";v=\"142\", \"Not_A Brand\";v=\"99\""],"content-type":["application/json"],"sec-ch-ua-mobile":["?0"],"origin":["http://localhost"],"sec-fetch-site":["same-origin"],"sec-fetch-mode":["cors"],"sec-fetch-dest":["empty"],"referer":["http://localhost/"],"accept-encoding":["gzip, deflate, br, zstd"],"accept-language":["ru-RU,ru;q=0.9,en-US;q=0.8,en;q=0.7"],"cookie":["remember_web_59ba36addc2b2f9401580f014c7f58ea4e30989d=eyJpdiI6IitGb2wvTkZVRnYxOWV1QmRobzBZSmc9PSIsInZhbHVlIjoiYm5KR29iQ0E0SmdxdUN5ZGJGQ2kyQmQvdU9ibWVMR0hoa1dIbzlIQzBaakZjM0NISjdqcXBDakpWd3RwYVZPM3Q0VXlJWWQzMWw1SkJoTmxmMzBScllBdWtvZk1VT1JYWWFPUUFWQ3ZzTkpZSndWaDczYVJBdWV1T3R0bjlmbXA3d0dlMDJWSm5sRXFnYk1pdGtuSlB2ZUF1aVVOT28zQVBrdmRXMk8wYXdPVDE4ZGs0UnNWclZVeW1tcUxQM0tqbEJ6ZVllZTBrSmdrWnRBM3BmTHNacnhORmFna1lXNm5IbW16VldMcnhKTT0iLCJtYWMiOiIyOWIyNjExYzIzY2RhZWI4MzdjMTMxZGY5MmU2NGI2MzIwMzc3Y2U4M2U1NTdjNTczMDg0ODA5YTJiNDhmYmQ1IiwidGFnIjoiIn0%3D; operator_client_id=eyJpdiI6Ilc3UFBRTEhlKzBhdDkzT0wvOGJhcGc9PSIsInZhbHVlIjoiaHNXdzZYbCtNZ2ZFdUdyQjAzTG9idWxLVlZKNmZYMHE4STU2RFNKTmlobWhZSVNuN2dTcDhYK1BHOFRyRDU2SyIsIm1hYyI6IjU1ZjcyMTY0NWEzMDRhZGU5ZWUxNjlhNWUyYTBjYjI3NjJkZjYwODg4YjkxODVlNWQxMDFlNjY3Yjk3MTI4YzgiLCJ0YWciOiIifQ%3D%3D; current_hotel_id=eyJpdiI6ImpZL3BPMEI2eXIzUC9yR0daMlhhTEE9PSIsInZhbHVlIjoiS0FLc1hyd1I5ZFFvRk5QcEliUFhsS1c1YjlnNFk1VDZiVFdlak5INFhFTmhoUmo5UXlzY1ExZkpZTHpDSUEwayIsIm1hYyI6IjhjYTE0ZDEwNmNhNDBlNGRjZjlkYTYxZWNkMjA5OGUxODRiZGIwNDk3NTk3M2MxODE4Y2I5NjFiMTUxZmY1NmMiLCJ0YWciOiIifQ%3D%3D; XSRF-TOKEN=eyJpdiI6IlhVQmRCUmVybVdRQWJENDhrS0pOd3c9PSIsInZhbHVlIjoiMm1GcUNwVkxCV1I0RU43ZS84eWEyNy81WjV5VlZsTURYWmdGUS8wWmg1dkxXQzBwcytXL0MzRFFvNmlPNDNTSFVFa25oQmdNeTUyc2hIUVI5RER1NzZpaE1ZUkYvVnI4ODRXd2RDWTJ3Rm5PZ1RjZk1WMWVia2tSK3hHQkdxRm0iLCJtYWMiOiJjZTM0OTZlOGU0M2M5NmVhMzAzNTU4ZWFmMjBlOTk1NGQ5YTZjOTgzYzBjMTFhNjc3ZTBmNDIzZjEyODMzNTAzIiwidGFnIjoiIn0%3D; laravel-session=eyJpdiI6Ijd0UkE1YXFyS3ZxZHd5U1lnWHVxWGc9PSIsInZhbHVlIjoieVNrdEFaUGVxNmdqL2l3OUk2QVFxVUJDNlFRU2NYOFZzK1lTVWxaOUhMMmFnbkl5ZjlNY0pWY2dEeW1KcklFdVIvYlVQVmVnMzViSlpmSFdibDJwYWhBMGZOQWtHSUh3KzJoQXI3UXAycU5VZGpTOFk0bW9DY3ZjdGNOZE5qd0giLCJtYWMiOiI0YmVlYmYwNWFlYmM0MDA3NGFlMDhlNzNjMTMwMGFhZDIxNmM4MDM4NjFlZjJlZGRkNTE3YjgzYTJiZTk1NWI0IiwidGFnIjoiIn0%3D"]},"cookies":{"remember_web_59ba36addc2b2f9401580f014c7f58ea4e30989d":"eyJpdiI6IitGb2wvTkZVRnYxOWV1QmRobzBZSmc9PSIsInZhbHVlIjoiYm5KR29iQ0E0SmdxdUN5ZGJGQ2kyQmQvdU9ibWVMR0hoa1dIbzlIQzBaakZjM0NISjdqcXBDakpWd3RwYVZPM3Q0VXlJWWQzMWw1SkJoTmxmMzBScllBdWtvZk1VT1JYWWFPUUFWQ3ZzTkpZSndWaDczYVJBdWV1T3R0bjlmbXA3d0dlMDJWSm5sRXFnYk1pdGtuSlB2ZUF1aVVOT28zQVBrdmRXMk8wYXdPVDE4ZGs0UnNWclZVeW1tcUxQM0tqbEJ6ZVllZTBrSmdrWnRBM3BmTHNacnhORmFna1lXNm5IbW16VldMcnhKTT0iLCJtYWMiOiIyOWIyNjExYzIzY2RhZWI4MzdjMTMxZGY5MmU2NGI2MzIwMzc3Y2U4M2U1NTdjNTczMDg0ODA5YTJiNDhmYmQ1IiwidGFnIjoiIn0=","operator_client_id":"eyJpdiI6Ilc3UFBRTEhlKzBhdDkzT0wvOGJhcGc9PSIsInZhbHVlIjoiaHNXdzZYbCtNZ2ZFdUdyQjAzTG9idWxLVlZKNmZYMHE4STU2RFNKTmlobWhZSVNuN2dTcDhYK1BHOFRyRDU2SyIsIm1hYyI6IjU1ZjcyMTY0NWEzMDRhZGU5ZWUxNjlhNWUyYTBjYjI3NjJkZjYwODg4YjkxODVlNWQxMDFlNjY3Yjk3MTI4YzgiLCJ0YWciOiIifQ==","current_hotel_id":"eyJpdiI6ImpZL3BPMEI2eXIzUC9yR0daMlhhTEE9PSIsInZhbHVlIjoiS0FLc1hyd1I5ZFFvRk5QcEliUFhsS1c1YjlnNFk1VDZiVFdlak5INFhFTmhoUmo5UXlzY1ExZkpZTHpDSUEwayIsIm1hYyI6IjhjYTE0ZDEwNmNhNDBlNGRjZjlkYTYxZWNkMjA5OGUxODRiZGIwNDk3NTk3M2MxODE4Y2I5NjFiMTUxZmY1NmMiLCJ0YWciOiIifQ==","XSRF-TOKEN":"eyJpdiI6IlhVQmRCUmVybVdRQWJENDhrS0pOd3c9PSIsInZhbHVlIjoiMm1GcUNwVkxCV1I0RU43ZS84eWEyNy81WjV5VlZsTURYWmdGUS8wWmg1dkxXQzBwcytXL0MzRFFvNmlPNDNTSFVFa25oQmdNeTUyc2hIUVI5RER1NzZpaE1ZUkYvVnI4ODRXd2RDWTJ3Rm5PZ1RjZk1WMWVia2tSK3hHQkdxRm0iLCJtYWMiOiJjZTM0OTZlOGU0M2M5NmVhMzAzNTU4ZWFmMjBlOTk1NGQ5YTZjOTgzYzBjMTFhNjc3ZTBmNDIzZjEyODMzNTAzIiwidGFnIjoiIn0=","laravel-session":"eyJpdiI6Ijd0UkE1YXFyS3ZxZHd5U1lnWHVxWGc9PSIsInZhbHVlIjoieVNrdEFaUGVxNmdqL2l3OUk2QVFxVUJDNlFRU2NYOFZzK1lTVWxaOUhMMmFnbkl5ZjlNY0pWY2dEeW1KcklFdVIvYlVQVmVnMzViSlpmSFdibDJwYWhBMGZOQWtHSUh3KzJoQXI3UXAycU5VZGpTOFk0bW9DY3ZjdGNOZE5qd0giLCJtYWMiOiI0YmVlYmYwNWFlYmM0MDA3NGFlMDhlNzNjMTMwMGFhZDIxNmM4MDM4NjFlZjJlZGRkNTE3YjgzYTJiZTk1NWI0IiwidGFnIjoiIn0="}} 
[2025-12-03 13:09:26] local.INFO: LogRequests middleware called {"url":"http://localhost/api/auth/logout","method":"POST","headers":{"host":["localhost"],"connection":["keep-alive"],"content-length":["2"],"sec-ch-ua-platform":["\"Windows\""],"authorization":["Bearer 9|RdHzpFoHvXTk1919zqZ7H8X9BPnGNtul8Q37OBOr2e7a401e"],"user-agent":["Mozilla/5.0 (Windows NT 10.0; Win64; x64) AppleWebKit/537.36 (KHTML, like Gecko) Chrome/142.0.0.0 Safari/537.36"],"accept":["application/json"],"sec-ch-ua":["\"Chromium\";v=\"142\", \"Google Chrome\";v=\"142\", \"Not_A Brand\";v=\"99\""],"content-type":["application/json"],"sec-ch-ua-mobile":["?0"],"origin":["http://localhost"],"sec-fetch-site":["same-origin"],"sec-fetch-mode":["cors"],"sec-fetch-dest":["empty"],"referer":["http://localhost/"],"accept-encoding":["gzip, deflate, br, zstd"],"accept-language":["ru-RU,ru;q=0.9,en-US;q=0.8,en;q=0.7"],"cookie":["remember_web_59ba36addc2b2f9401580f014c7f58ea4e30989d=eyJpdiI6IitGb2wvTkZVRnYxOWV1QmRobzBZSmc9PSIsInZhbHVlIjoiYm5KR29iQ0E0SmdxdUN5ZGJGQ2kyQmQvdU9ibWVMR0hoa1dIbzlIQzBaakZjM0NISjdqcXBDakpWd3RwYVZPM3Q0VXlJWWQzMWw1SkJoTmxmMzBScllBdWtvZk1VT1JYWWFPUUFWQ3ZzTkpZSndWaDczYVJBdWV1T3R0bjlmbXA3d0dlMDJWSm5sRXFnYk1pdGtuSlB2ZUF1aVVOT28zQVBrdmRXMk8wYXdPVDE4ZGs0UnNWclZVeW1tcUxQM0tqbEJ6ZVllZTBrSmdrWnRBM3BmTHNacnhORmFna1lXNm5IbW16VldMcnhKTT0iLCJtYWMiOiIyOWIyNjExYzIzY2RhZWI4MzdjMTMxZGY5MmU2NGI2MzIwMzc3Y2U4M2U1NTdjNTczMDg0ODA5YTJiNDhmYmQ1IiwidGFnIjoiIn0%3D; operator_client_id=eyJpdiI6Ilc3UFBRTEhlKzBhdDkzT0wvOGJhcGc9PSIsInZhbHVlIjoiaHNXdzZYbCtNZ2ZFdUdyQjAzTG9idWxLVlZKNmZYMHE4STU2RFNKTmlobWhZSVNuN2dTcDhYK1BHOFRyRDU2SyIsIm1hYyI6IjU1ZjcyMTY0NWEzMDRhZGU5ZWUxNjlhNWUyYTBjYjI3NjJkZjYwODg4YjkxODVlNWQxMDFlNjY3Yjk3MTI4YzgiLCJ0YWciOiIifQ%3D%3D; current_hotel_id=eyJpdiI6ImpZL3BPMEI2eXIzUC9yR0daMlhhTEE9PSIsInZhbHVlIjoiS0FLc1hyd1I5ZFFvRk5QcEliUFhsS1c1YjlnNFk1VDZiVFdlak5INFhFTmhoUmo5UXlzY1ExZkpZTHpDSUEwayIsIm1hYyI6IjhjYTE0ZDEwNmNhNDBlNGRjZjlkYTYxZWNkMjA5OGUxODRiZGIwNDk3NTk3M2MxODE4Y2I5NjFiMTUxZmY1NmMiLCJ0YWciOiIifQ%3D%3D; XSRF-TOKEN=eyJpdiI6IlhVQmRCUmVybVdRQWJENDhrS0pOd3c9PSIsInZhbHVlIjoiMm1GcUNwVkxCV1I0RU43ZS84eWEyNy81WjV5VlZsTURYWmdGUS8wWmg1dkxXQzBwcytXL0MzRFFvNmlPNDNTSFVFa25oQmdNeTUyc2hIUVI5RER1NzZpaE1ZUkYvVnI4ODRXd2RDWTJ3Rm5PZ1RjZk1WMWVia2tSK3hHQkdxRm0iLCJtYWMiOiJjZTM0OTZlOGU0M2M5NmVhMzAzNTU4ZWFmMjBlOTk1NGQ5YTZjOTgzYzBjMTFhNjc3ZTBmNDIzZjEyODMzNTAzIiwidGFnIjoiIn0%3D; laravel-session=eyJpdiI6Ijd0UkE1YXFyS3ZxZHd5U1lnWHVxWGc9PSIsInZhbHVlIjoieVNrdEFaUGVxNmdqL2l3OUk2QVFxVUJDNlFRU2NYOFZzK1lTVWxaOUhMMmFnbkl5ZjlNY0pWY2dEeW1KcklFdVIvYlVQVmVnMzViSlpmSFdibDJwYWhBMGZOQWtHSUh3KzJoQXI3UXAycU5VZGpTOFk0bW9DY3ZjdGNOZE5qd0giLCJtYWMiOiI0YmVlYmYwNWFlYmM0MDA3NGFlMDhlNzNjMTMwMGFhZDIxNmM4MDM4NjFlZjJlZGRkNTE3YjgzYTJiZTk1NWI0IiwidGFnIjoiIn0%3D"]},"cookies":{"remember_web_59ba36addc2b2f9401580f014c7f58ea4e30989d":"eyJpdiI6IitGb2wvTkZVRnYxOWV1QmRobzBZSmc9PSIsInZhbHVlIjoiYm5KR29iQ0E0SmdxdUN5ZGJGQ2kyQmQvdU9ibWVMR0hoa1dIbzlIQzBaakZjM0NISjdqcXBDakpWd3RwYVZPM3Q0VXlJWWQzMWw1SkJoTmxmMzBScllBdWtvZk1VT1JYWWFPUUFWQ3ZzTkpZSndWaDczYVJBdWV1T3R0bjlmbXA3d0dlMDJWSm5sRXFnYk1pdGtuSlB2ZUF1aVVOT28zQVBrdmRXMk8wYXdPVDE4ZGs0UnNWclZVeW1tcUxQM0tqbEJ6ZVllZTBrSmdrWnRBM3BmTHNacnhORmFna1lXNm5IbW16VldMcnhKTT0iLCJtYWMiOiIyOWIyNjExYzIzY2RhZWI4MzdjMTMxZGY5MmU2NGI2MzIwMzc3Y2U4M2U1NTdjNTczMDg0ODA5YTJiNDhmYmQ1IiwidGFnIjoiIn0=","operator_client_id":"eyJpdiI6Ilc3UFBRTEhlKzBhdDkzT0wvOGJhcGc9PSIsInZhbHVlIjoiaHNXdzZYbCtNZ2ZFdUdyQjAzTG9idWxLVlZKNmZYMHE4STU2RFNKTmlobWhZSVNuN2dTcDhYK1BHOFRyRDU2SyIsIm1hYyI6IjU1ZjcyMTY0NWEzMDRhZGU5ZWUxNjlhNWUyYTBjYjI3NjJkZjYwODg4YjkxODVlNWQxMDFlNjY3Yjk3MTI4YzgiLCJ0YWciOiIifQ==","current_hotel_id":"eyJpdiI6ImpZL3BPMEI2eXIzUC9yR0daMlhhTEE9PSIsInZhbHVlIjoiS0FLc1hyd1I5ZFFvRk5QcEliUFhsS1c1YjlnNFk1VDZiVFdlak5INFhFTmhoUmo5UXlzY1ExZkpZTHpDSUEwayIsIm1hYyI6IjhjYTE0ZDEwNmNhNDBlNGRjZjlkYTYxZWNkMjA5OGUxODRiZGIwNDk3NTk3M2MxODE4Y2I5NjFiMTUxZmY1NmMiLCJ0YWciOiIifQ==","XSRF-TOKEN":"eyJpdiI6IlhVQmRCUmVybVdRQWJENDhrS0pOd3c9PSIsInZhbHVlIjoiMm1GcUNwVkxCV1I0RU43ZS84eWEyNy81WjV5VlZsTURYWmdGUS8wWmg1dkxXQzBwcytXL0MzRFFvNmlPNDNTSFVFa25oQmdNeTUyc2hIUVI5RER1NzZpaE1ZUkYvVnI4ODRXd2RDWTJ3Rm5PZ1RjZk1WMWVia2tSK3hHQkdxRm0iLCJtYWMiOiJjZTM0OTZlOGU0M2M5NmVhMzAzNTU4ZWFmMjBlOTk1NGQ5YTZjOTgzYzBjMTFhNjc3ZTBmNDIzZjEyODMzNTAzIiwidGFnIjoiIn0=","laravel-session":"eyJpdiI6Ijd0UkE1YXFyS3ZxZHd5U1lnWHVxWGc9PSIsInZhbHVlIjoieVNrdEFaUGVxNmdqL2l3OUk2QVFxVUJDNlFRU2NYOFZzK1lTVWxaOUhMMmFnbkl5ZjlNY0pWY2dEeW1KcklFdVIvYlVQVmVnMzViSlpmSFdibDJwYWhBMGZOQWtHSUh3KzJoQXI3UXAycU5VZGpTOFk0bW9DY3ZjdGNOZE5qd0giLCJtYWMiOiI0YmVlYmYwNWFlYmM0MDA3NGFlMDhlNzNjMTMwMGFhZDIxNmM4MDM4NjFlZjJlZGRkNTE3YjgzYTJiZTk1NWI0IiwidGFnIjoiIn0="}} 
[2025-12-03 13:09:43] local.INFO: LogRequests middleware called {"url":"http://localhost/api/auth/login","method":"POST","headers":{"host":["localhost"],"connection":["keep-alive"],"content-length":["52"],"sec-ch-ua-platform":["\"Windows\""],"authorization":["Bearer 9|RdHzpFoHvXTk1919zqZ7H8X9BPnGNtul8Q37OBOr2e7a401e"],"user-agent":["Mozilla/5.0 (Windows NT 10.0; Win64; x64) AppleWebKit/537.36 (KHTML, like Gecko) Chrome/142.0.0.0 Safari/537.36"],"accept":["application/json"],"sec-ch-ua":["\"Chromium\";v=\"142\", \"Google Chrome\";v=\"142\", \"Not_A Brand\";v=\"99\""],"content-type":["application/json"],"sec-ch-ua-mobile":["?0"],"origin":["http://localhost"],"sec-fetch-site":["same-origin"],"sec-fetch-mode":["cors"],"sec-fetch-dest":["empty"],"referer":["http://localhost/"],"accept-encoding":["gzip, deflate, br, zstd"],"accept-language":["ru-RU,ru;q=0.9,en-US;q=0.8,en;q=0.7"],"cookie":["remember_web_59ba36addc2b2f9401580f014c7f58ea4e30989d=eyJpdiI6IitGb2wvTkZVRnYxOWV1QmRobzBZSmc9PSIsInZhbHVlIjoiYm5KR29iQ0E0SmdxdUN5ZGJGQ2kyQmQvdU9ibWVMR0hoa1dIbzlIQzBaakZjM0NISjdqcXBDakpWd3RwYVZPM3Q0VXlJWWQzMWw1SkJoTmxmMzBScllBdWtvZk1VT1JYWWFPUUFWQ3ZzTkpZSndWaDczYVJBdWV1T3R0bjlmbXA3d0dlMDJWSm5sRXFnYk1pdGtuSlB2ZUF1aVVOT28zQVBrdmRXMk8wYXdPVDE4ZGs0UnNWclZVeW1tcUxQM0tqbEJ6ZVllZTBrSmdrWnRBM3BmTHNacnhORmFna1lXNm5IbW16VldMcnhKTT0iLCJtYWMiOiIyOWIyNjExYzIzY2RhZWI4MzdjMTMxZGY5MmU2NGI2MzIwMzc3Y2U4M2U1NTdjNTczMDg0ODA5YTJiNDhmYmQ1IiwidGFnIjoiIn0%3D; operator_client_id=eyJpdiI6Ilc3UFBRTEhlKzBhdDkzT0wvOGJhcGc9PSIsInZhbHVlIjoiaHNXdzZYbCtNZ2ZFdUdyQjAzTG9idWxLVlZKNmZYMHE4STU2RFNKTmlobWhZSVNuN2dTcDhYK1BHOFRyRDU2SyIsIm1hYyI6IjU1ZjcyMTY0NWEzMDRhZGU5ZWUxNjlhNWUyYTBjYjI3NjJkZjYwODg4YjkxODVlNWQxMDFlNjY3Yjk3MTI4YzgiLCJ0YWciOiIifQ%3D%3D; current_hotel_id=eyJpdiI6ImpZL3BPMEI2eXIzUC9yR0daMlhhTEE9PSIsInZhbHVlIjoiS0FLc1hyd1I5ZFFvRk5QcEliUFhsS1c1YjlnNFk1VDZiVFdlak5INFhFTmhoUmo5UXlzY1ExZkpZTHpDSUEwayIsIm1hYyI6IjhjYTE0ZDEwNmNhNDBlNGRjZjlkYTYxZWNkMjA5OGUxODRiZGIwNDk3NTk3M2MxODE4Y2I5NjFiMTUxZmY1NmMiLCJ0YWciOiIifQ%3D%3D; XSRF-TOKEN=eyJpdiI6IlhVQmRCUmVybVdRQWJENDhrS0pOd3c9PSIsInZhbHVlIjoiMm1GcUNwVkxCV1I0RU43ZS84eWEyNy81WjV5VlZsTURYWmdGUS8wWmg1dkxXQzBwcytXL0MzRFFvNmlPNDNTSFVFa25oQmdNeTUyc2hIUVI5RER1NzZpaE1ZUkYvVnI4ODRXd2RDWTJ3Rm5PZ1RjZk1WMWVia2tSK3hHQkdxRm0iLCJtYWMiOiJjZTM0OTZlOGU0M2M5NmVhMzAzNTU4ZWFmMjBlOTk1NGQ5YTZjOTgzYzBjMTFhNjc3ZTBmNDIzZjEyODMzNTAzIiwidGFnIjoiIn0%3D; laravel-session=eyJpdiI6Ijd0UkE1YXFyS3ZxZHd5U1lnWHVxWGc9PSIsInZhbHVlIjoieVNrdEFaUGVxNmdqL2l3OUk2QVFxVUJDNlFRU2NYOFZzK1lTVWxaOUhMMmFnbkl5ZjlNY0pWY2dEeW1KcklFdVIvYlVQVmVnMzViSlpmSFdibDJwYWhBMGZOQWtHSUh3KzJoQXI3UXAycU5VZGpTOFk0bW9DY3ZjdGNOZE5qd0giLCJtYWMiOiI0YmVlYmYwNWFlYmM0MDA3NGFlMDhlNzNjMTMwMGFhZDIxNmM4MDM4NjFlZjJlZGRkNTE3YjgzYTJiZTk1NWI0IiwidGFnIjoiIn0%3D"]},"cookies":{"remember_web_59ba36addc2b2f9401580f014c7f58ea4e30989d":"eyJpdiI6IitGb2wvTkZVRnYxOWV1QmRobzBZSmc9PSIsInZhbHVlIjoiYm5KR29iQ0E0SmdxdUN5ZGJGQ2kyQmQvdU9ibWVMR0hoa1dIbzlIQzBaakZjM0NISjdqcXBDakpWd3RwYVZPM3Q0VXlJWWQzMWw1SkJoTmxmMzBScllBdWtvZk1VT1JYWWFPUUFWQ3ZzTkpZSndWaDczYVJBdWV1T3R0bjlmbXA3d0dlMDJWSm5sRXFnYk1pdGtuSlB2ZUF1aVVOT28zQVBrdmRXMk8wYXdPVDE4ZGs0UnNWclZVeW1tcUxQM0tqbEJ6ZVllZTBrSmdrWnRBM3BmTHNacnhORmFna1lXNm5IbW16VldMcnhKTT0iLCJtYWMiOiIyOWIyNjExYzIzY2RhZWI4MzdjMTMxZGY5MmU2NGI2MzIwMzc3Y2U4M2U1NTdjNTczMDg0ODA5YTJiNDhmYmQ1IiwidGFnIjoiIn0=","operator_client_id":"eyJpdiI6Ilc3UFBRTEhlKzBhdDkzT0wvOGJhcGc9PSIsInZhbHVlIjoiaHNXdzZYbCtNZ2ZFdUdyQjAzTG9idWxLVlZKNmZYMHE4STU2RFNKTmlobWhZSVNuN2dTcDhYK1BHOFRyRDU2SyIsIm1hYyI6IjU1ZjcyMTY0NWEzMDRhZGU5ZWUxNjlhNWUyYTBjYjI3NjJkZjYwODg4YjkxODVlNWQxMDFlNjY3Yjk3MTI4YzgiLCJ0YWciOiIifQ==","current_hotel_id":"eyJpdiI6ImpZL3BPMEI2eXIzUC9yR0daMlhhTEE9PSIsInZhbHVlIjoiS0FLc1hyd1I5ZFFvRk5QcEliUFhsS1c1YjlnNFk1VDZiVFdlak5INFhFTmhoUmo5UXlzY1ExZkpZTHpDSUEwayIsIm1hYyI6IjhjYTE0ZDEwNmNhNDBlNGRjZjlkYTYxZWNkMjA5OGUxODRiZGIwNDk3NTk3M2MxODE4Y2I5NjFiMTUxZmY1NmMiLCJ0YWciOiIifQ==","XSRF-TOKEN":"eyJpdiI6IlhVQmRCUmVybVdRQWJENDhrS0pOd3c9PSIsInZhbHVlIjoiMm1GcUNwVkxCV1I0RU43ZS84eWEyNy81WjV5VlZsTURYWmdGUS8wWmg1dkxXQzBwcytXL0MzRFFvNmlPNDNTSFVFa25oQmdNeTUyc2hIUVI5RER1NzZpaE1ZUkYvVnI4ODRXd2RDWTJ3Rm5PZ1RjZk1WMWVia2tSK3hHQkdxRm0iLCJtYWMiOiJjZTM0OTZlOGU0M2M5NmVhMzAzNTU4ZWFmMjBlOTk1NGQ5YTZjOTgzYzBjMTFhNjc3ZTBmNDIzZjEyODMzNTAzIiwidGFnIjoiIn0=","laravel-session":"eyJpdiI6Ijd0UkE1YXFyS3ZxZHd5U1lnWHVxWGc9PSIsInZhbHVlIjoieVNrdEFaUGVxNmdqL2l3OUk2QVFxVUJDNlFRU2NYOFZzK1lTVWxaOUhMMmFnbkl5ZjlNY0pWY2dEeW1KcklFdVIvYlVQVmVnMzViSlpmSFdibDJwYWhBMGZOQWtHSUh3KzJoQXI3UXAycU5VZGpTOFk0bW9DY3ZjdGNOZE5qd0giLCJtYWMiOiI0YmVlYmYwNWFlYmM0MDA3NGFlMDhlNzNjMTMwMGFhZDIxNmM4MDM4NjFlZjJlZGRkNTE3YjgzYTJiZTk1NWI0IiwidGFnIjoiIn0="}} 
[2025-12-03 13:09:51] local.INFO: LogRequests middleware called {"url":"http://localhost/api/auth/logout","method":"POST","headers":{"host":["localhost"],"connection":["keep-alive"],"content-length":["2"],"sec-ch-ua-platform":["\"Windows\""],"authorization":["Bearer 9|RdHzpFoHvXTk1919zqZ7H8X9BPnGNtul8Q37OBOr2e7a401e"],"user-agent":["Mozilla/5.0 (Windows NT 10.0; Win64; x64) AppleWebKit/537.36 (KHTML, like Gecko) Chrome/142.0.0.0 Safari/537.36"],"accept":["application/json"],"sec-ch-ua":["\"Chromium\";v=\"142\", \"Google Chrome\";v=\"142\", \"Not_A Brand\";v=\"99\""],"content-type":["application/json"],"sec-ch-ua-mobile":["?0"],"origin":["http://localhost"],"sec-fetch-site":["same-origin"],"sec-fetch-mode":["cors"],"sec-fetch-dest":["empty"],"referer":["http://localhost/"],"accept-encoding":["gzip, deflate, br, zstd"],"accept-language":["ru-RU,ru;q=0.9,en-US;q=0.8,en;q=0.7"],"cookie":["remember_web_59ba36addc2b2f9401580f014c7f58ea4e30989d=eyJpdiI6IitGb2wvTkZVRnYxOWV1QmRobzBZSmc9PSIsInZhbHVlIjoiYm5KR29iQ0E0SmdxdUN5ZGJGQ2kyQmQvdU9ibWVMR0hoa1dIbzlIQzBaakZjM0NISjdqcXBDakpWd3RwYVZPM3Q0VXlJWWQzMWw1SkJoTmxmMzBScllBdWtvZk1VT1JYWWFPUUFWQ3ZzTkpZSndWaDczYVJBdWV1T3R0bjlmbXA3d0dlMDJWSm5sRXFnYk1pdGtuSlB2ZUF1aVVOT28zQVBrdmRXMk8wYXdPVDE4ZGs0UnNWclZVeW1tcUxQM0tqbEJ6ZVllZTBrSmdrWnRBM3BmTHNacnhORmFna1lXNm5IbW16VldMcnhKTT0iLCJtYWMiOiIyOWIyNjExYzIzY2RhZWI4MzdjMTMxZGY5MmU2NGI2MzIwMzc3Y2U4M2U1NTdjNTczMDg0ODA5YTJiNDhmYmQ1IiwidGFnIjoiIn0%3D; operator_client_id=eyJpdiI6Ilc3UFBRTEhlKzBhdDkzT0wvOGJhcGc9PSIsInZhbHVlIjoiaHNXdzZYbCtNZ2ZFdUdyQjAzTG9idWxLVlZKNmZYMHE4STU2RFNKTmlobWhZSVNuN2dTcDhYK1BHOFRyRDU2SyIsIm1hYyI6IjU1ZjcyMTY0NWEzMDRhZGU5ZWUxNjlhNWUyYTBjYjI3NjJkZjYwODg4YjkxODVlNWQxMDFlNjY3Yjk3MTI4YzgiLCJ0YWciOiIifQ%3D%3D; current_hotel_id=eyJpdiI6ImpZL3BPMEI2eXIzUC9yR0daMlhhTEE9PSIsInZhbHVlIjoiS0FLc1hyd1I5ZFFvRk5QcEliUFhsS1c1YjlnNFk1VDZiVFdlak5INFhFTmhoUmo5UXlzY1ExZkpZTHpDSUEwayIsIm1hYyI6IjhjYTE0ZDEwNmNhNDBlNGRjZjlkYTYxZWNkMjA5OGUxODRiZGIwNDk3NTk3M2MxODE4Y2I5NjFiMTUxZmY1NmMiLCJ0YWciOiIifQ%3D%3D; XSRF-TOKEN=eyJpdiI6IlhVQmRCUmVybVdRQWJENDhrS0pOd3c9PSIsInZhbHVlIjoiMm1GcUNwVkxCV1I0RU43ZS84eWEyNy81WjV5VlZsTURYWmdGUS8wWmg1dkxXQzBwcytXL0MzRFFvNmlPNDNTSFVFa25oQmdNeTUyc2hIUVI5RER1NzZpaE1ZUkYvVnI4ODRXd2RDWTJ3Rm5PZ1RjZk1WMWVia2tSK3hHQkdxRm0iLCJtYWMiOiJjZTM0OTZlOGU0M2M5NmVhMzAzNTU4ZWFmMjBlOTk1NGQ5YTZjOTgzYzBjMTFhNjc3ZTBmNDIzZjEyODMzNTAzIiwidGFnIjoiIn0%3D; laravel-session=eyJpdiI6Ijd0UkE1YXFyS3ZxZHd5U1lnWHVxWGc9PSIsInZhbHVlIjoieVNrdEFaUGVxNmdqL2l3OUk2QVFxVUJDNlFRU2NYOFZzK1lTVWxaOUhMMmFnbkl5ZjlNY0pWY2dEeW1KcklFdVIvYlVQVmVnMzViSlpmSFdibDJwYWhBMGZOQWtHSUh3KzJoQXI3UXAycU5VZGpTOFk0bW9DY3ZjdGNOZE5qd0giLCJtYWMiOiI0YmVlYmYwNWFlYmM0MDA3NGFlMDhlNzNjMTMwMGFhZDIxNmM4MDM4NjFlZjJlZGRkNTE3YjgzYTJiZTk1NWI0IiwidGFnIjoiIn0%3D"]},"cookies":{"remember_web_59ba36addc2b2f9401580f014c7f58ea4e30989d":"eyJpdiI6IitGb2wvTkZVRnYxOWV1QmRobzBZSmc9PSIsInZhbHVlIjoiYm5KR29iQ0E0SmdxdUN5ZGJGQ2kyQmQvdU9ibWVMR0hoa1dIbzlIQzBaakZjM0NISjdqcXBDakpWd3RwYVZPM3Q0VXlJWWQzMWw1SkJoTmxmMzBScllBdWtvZk1VT1JYWWFPUUFWQ3ZzTkpZSndWaDczYVJBdWV1T3R0bjlmbXA3d0dlMDJWSm5sRXFnYk1pdGtuSlB2ZUF1aVVOT28zQVBrdmRXMk8wYXdPVDE4ZGs0UnNWclZVeW1tcUxQM0tqbEJ6ZVllZTBrSmdrWnRBM3BmTHNacnhORmFna1lXNm5IbW16VldMcnhKTT0iLCJtYWMiOiIyOWIyNjExYzIzY2RhZWI4MzdjMTMxZGY5MmU2NGI2MzIwMzc3Y2U4M2U1NTdjNTczMDg0ODA5YTJiNDhmYmQ1IiwidGFnIjoiIn0=","operator_client_id":"eyJpdiI6Ilc3UFBRTEhlKzBhdDkzT0wvOGJhcGc9PSIsInZhbHVlIjoiaHNXdzZYbCtNZ2ZFdUdyQjAzTG9idWxLVlZKNmZYMHE4STU2RFNKTmlobWhZSVNuN2dTcDhYK1BHOFRyRDU2SyIsIm1hYyI6IjU1ZjcyMTY0NWEzMDRhZGU5ZWUxNjlhNWUyYTBjYjI3NjJkZjYwODg4YjkxODVlNWQxMDFlNjY3Yjk3MTI4YzgiLCJ0YWciOiIifQ==","current_hotel_id":"eyJpdiI6ImpZL3BPMEI2eXIzUC9yR0daMlhhTEE9PSIsInZhbHVlIjoiS0FLc1hyd1I5ZFFvRk5QcEliUFhsS1c1YjlnNFk1VDZiVFdlak5INFhFTmhoUmo5UXlzY1ExZkpZTHpDSUEwayIsIm1hYyI6IjhjYTE0ZDEwNmNhNDBlNGRjZjlkYTYxZWNkMjA5OGUxODRiZGIwNDk3NTk3M2MxODE4Y2I5NjFiMTUxZmY1NmMiLCJ0YWciOiIifQ==","XSRF-TOKEN":"eyJpdiI6IlhVQmRCUmVybVdRQWJENDhrS0pOd3c9PSIsInZhbHVlIjoiMm1GcUNwVkxCV1I0RU43ZS84eWEyNy81WjV5VlZsTURYWmdGUS8wWmg1dkxXQzBwcytXL0MzRFFvNmlPNDNTSFVFa25oQmdNeTUyc2hIUVI5RER1NzZpaE1ZUkYvVnI4ODRXd2RDWTJ3Rm5PZ1RjZk1WMWVia2tSK3hHQkdxRm0iLCJtYWMiOiJjZTM0OTZlOGU0M2M5NmVhMzAzNTU4ZWFmMjBlOTk1NGQ5YTZjOTgzYzBjMTFhNjc3ZTBmNDIzZjEyODMzNTAzIiwidGFnIjoiIn0=","laravel-session":"eyJpdiI6Ijd0UkE1YXFyS3ZxZHd5U1lnWHVxWGc9PSIsInZhbHVlIjoieVNrdEFaUGVxNmdqL2l3OUk2QVFxVUJDNlFRU2NYOFZzK1lTVWxaOUhMMmFnbkl5ZjlNY0pWY2dEeW1KcklFdVIvYlVQVmVnMzViSlpmSFdibDJwYWhBMGZOQWtHSUh3KzJoQXI3UXAycU5VZGpTOFk0bW9DY3ZjdGNOZE5qd0giLCJtYWMiOiI0YmVlYmYwNWFlYmM0MDA3NGFlMDhlNzNjMTMwMGFhZDIxNmM4MDM4NjFlZjJlZGRkNTE3YjgzYTJiZTk1NWI0IiwidGFnIjoiIn0="}} 
[2025-12-03 13:09:51] local.INFO: LogRequests middleware called {"url":"http://localhost/api/auth/logout","method":"POST","headers":{"host":["localhost"],"connection":["keep-alive"],"content-length":["2"],"sec-ch-ua-platform":["\"Windows\""],"authorization":["Bearer 9|RdHzpFoHvXTk1919zqZ7H8X9BPnGNtul8Q37OBOr2e7a401e"],"user-agent":["Mozilla/5.0 (Windows NT 10.0; Win64; x64) AppleWebKit/537.36 (KHTML, like Gecko) Chrome/142.0.0.0 Safari/537.36"],"accept":["application/json"],"sec-ch-ua":["\"Chromium\";v=\"142\", \"Google Chrome\";v=\"142\", \"Not_A Brand\";v=\"99\""],"content-type":["application/json"],"sec-ch-ua-mobile":["?0"],"origin":["http://localhost"],"sec-fetch-site":["same-origin"],"sec-fetch-mode":["cors"],"sec-fetch-dest":["empty"],"referer":["http://localhost/"],"accept-encoding":["gzip, deflate, br, zstd"],"accept-language":["ru-RU,ru;q=0.9,en-US;q=0.8,en;q=0.7"],"cookie":["remember_web_59ba36addc2b2f9401580f014c7f58ea4e30989d=eyJpdiI6IitGb2wvTkZVRnYxOWV1QmRobzBZSmc9PSIsInZhbHVlIjoiYm5KR29iQ0E0SmdxdUN5ZGJGQ2kyQmQvdU9ibWVMR0hoa1dIbzlIQzBaakZjM0NISjdqcXBDakpWd3RwYVZPM3Q0VXlJWWQzMWw1SkJoTmxmMzBScllBdWtvZk1VT1JYWWFPUUFWQ3ZzTkpZSndWaDczYVJBdWV1T3R0bjlmbXA3d0dlMDJWSm5sRXFnYk1pdGtuSlB2ZUF1aVVOT28zQVBrdmRXMk8wYXdPVDE4ZGs0UnNWclZVeW1tcUxQM0tqbEJ6ZVllZTBrSmdrWnRBM3BmTHNacnhORmFna1lXNm5IbW16VldMcnhKTT0iLCJtYWMiOiIyOWIyNjExYzIzY2RhZWI4MzdjMTMxZGY5MmU2NGI2MzIwMzc3Y2U4M2U1NTdjNTczMDg0ODA5YTJiNDhmYmQ1IiwidGFnIjoiIn0%3D; operator_client_id=eyJpdiI6Ilc3UFBRTEhlKzBhdDkzT0wvOGJhcGc9PSIsInZhbHVlIjoiaHNXdzZYbCtNZ2ZFdUdyQjAzTG9idWxLVlZKNmZYMHE4STU2RFNKTmlobWhZSVNuN2dTcDhYK1BHOFRyRDU2SyIsIm1hYyI6IjU1ZjcyMTY0NWEzMDRhZGU5ZWUxNjlhNWUyYTBjYjI3NjJkZjYwODg4YjkxODVlNWQxMDFlNjY3Yjk3MTI4YzgiLCJ0YWciOiIifQ%3D%3D; current_hotel_id=eyJpdiI6ImpZL3BPMEI2eXIzUC9yR0daMlhhTEE9PSIsInZhbHVlIjoiS0FLc1hyd1I5ZFFvRk5QcEliUFhsS1c1YjlnNFk1VDZiVFdlak5INFhFTmhoUmo5UXlzY1ExZkpZTHpDSUEwayIsIm1hYyI6IjhjYTE0ZDEwNmNhNDBlNGRjZjlkYTYxZWNkMjA5OGUxODRiZGIwNDk3NTk3M2MxODE4Y2I5NjFiMTUxZmY1NmMiLCJ0YWciOiIifQ%3D%3D; XSRF-TOKEN=eyJpdiI6IlhVQmRCUmVybVdRQWJENDhrS0pOd3c9PSIsInZhbHVlIjoiMm1GcUNwVkxCV1I0RU43ZS84eWEyNy81WjV5VlZsTURYWmdGUS8wWmg1dkxXQzBwcytXL0MzRFFvNmlPNDNTSFVFa25oQmdNeTUyc2hIUVI5RER1NzZpaE1ZUkYvVnI4ODRXd2RDWTJ3Rm5PZ1RjZk1WMWVia2tSK3hHQkdxRm0iLCJtYWMiOiJjZTM0OTZlOGU0M2M5NmVhMzAzNTU4ZWFmMjBlOTk1NGQ5YTZjOTgzYzBjMTFhNjc3ZTBmNDIzZjEyODMzNTAzIiwidGFnIjoiIn0%3D; laravel-session=eyJpdiI6Ijd0UkE1YXFyS3ZxZHd5U1lnWHVxWGc9PSIsInZhbHVlIjoieVNrdEFaUGVxNmdqL2l3OUk2QVFxVUJDNlFRU2NYOFZzK1lTVWxaOUhMMmFnbkl5ZjlNY0pWY2dEeW1KcklFdVIvYlVQVmVnMzViSlpmSFdibDJwYWhBMGZOQWtHSUh3KzJoQXI3UXAycU5VZGpTOFk0bW9DY3ZjdGNOZE5qd0giLCJtYWMiOiI0YmVlYmYwNWFlYmM0MDA3NGFlMDhlNzNjMTMwMGFhZDIxNmM4MDM4NjFlZjJlZGRkNTE3YjgzYTJiZTk1NWI0IiwidGFnIjoiIn0%3D"]},"cookies":{"remember_web_59ba36addc2b2f9401580f014c7f58ea4e30989d":"eyJpdiI6IitGb2wvTkZVRnYxOWV1QmRobzBZSmc9PSIsInZhbHVlIjoiYm5KR29iQ0E0SmdxdUN5ZGJGQ2kyQmQvdU9ibWVMR0hoa1dIbzlIQzBaakZjM0NISjdqcXBDakpWd3RwYVZPM3Q0VXlJWWQzMWw1SkJoTmxmMzBScllBdWtvZk1VT1JYWWFPUUFWQ3ZzTkpZSndWaDczYVJBdWV1T3R0bjlmbXA3d0dlMDJWSm5sRXFnYk1pdGtuSlB2ZUF1aVVOT28zQVBrdmRXMk8wYXdPVDE4ZGs0UnNWclZVeW1tcUxQM0tqbEJ6ZVllZTBrSmdrWnRBM3BmTHNacnhORmFna1lXNm5IbW16VldMcnhKTT0iLCJtYWMiOiIyOWIyNjExYzIzY2RhZWI4MzdjMTMxZGY5MmU2NGI2MzIwMzc3Y2U4M2U1NTdjNTczMDg0ODA5YTJiNDhmYmQ1IiwidGFnIjoiIn0=","operator_client_id":"eyJpdiI6Ilc3UFBRTEhlKzBhdDkzT0wvOGJhcGc9PSIsInZhbHVlIjoiaHNXdzZYbCtNZ2ZFdUdyQjAzTG9idWxLVlZKNmZYMHE4STU2RFNKTmlobWhZSVNuN2dTcDhYK1BHOFRyRDU2SyIsIm1hYyI6IjU1ZjcyMTY0NWEzMDRhZGU5ZWUxNjlhNWUyYTBjYjI3NjJkZjYwODg4YjkxODVlNWQxMDFlNjY3Yjk3MTI4YzgiLCJ0YWciOiIifQ==","current_hotel_id":"eyJpdiI6ImpZL3BPMEI2eXIzUC9yR0daMlhhTEE9PSIsInZhbHVlIjoiS0FLc1hyd1I5ZFFvRk5QcEliUFhsS1c1YjlnNFk1VDZiVFdlak5INFhFTmhoUmo5UXlzY1ExZkpZTHpDSUEwayIsIm1hYyI6IjhjYTE0ZDEwNmNhNDBlNGRjZjlkYTYxZWNkMjA5OGUxODRiZGIwNDk3NTk3M2MxODE4Y2I5NjFiMTUxZmY1NmMiLCJ0YWciOiIifQ==","XSRF-TOKEN":"eyJpdiI6IlhVQmRCUmVybVdRQWJENDhrS0pOd3c9PSIsInZhbHVlIjoiMm1GcUNwVkxCV1I0RU43ZS84eWEyNy81WjV5VlZsTURYWmdGUS8wWmg1dkxXQzBwcytXL0MzRFFvNmlPNDNTSFVFa25oQmdNeTUyc2hIUVI5RER1NzZpaE1ZUkYvVnI4ODRXd2RDWTJ3Rm5PZ1RjZk1WMWVia2tSK3hHQkdxRm0iLCJtYWMiOiJjZTM0OTZlOGU0M2M5NmVhMzAzNTU4ZWFmMjBlOTk1NGQ5YTZjOTgzYzBjMTFhNjc3ZTBmNDIzZjEyODMzNTAzIiwidGFnIjoiIn0=","laravel-session":"eyJpdiI6Ijd0UkE1YXFyS3ZxZHd5U1lnWHVxWGc9PSIsInZhbHVlIjoieVNrdEFaUGVxNmdqL2l3OUk2QVFxVUJDNlFRU2NYOFZzK1lTVWxaOUhMMmFnbkl5ZjlNY0pWY2dEeW1KcklFdVIvYlVQVmVnMzViSlpmSFdibDJwYWhBMGZOQWtHSUh3KzJoQXI3UXAycU5VZGpTOFk0bW9DY3ZjdGNOZE5qd0giLCJtYWMiOiI0YmVlYmYwNWFlYmM0MDA3NGFlMDhlNzNjMTMwMGFhZDIxNmM4MDM4NjFlZjJlZGRkNTE3YjgzYTJiZTk1NWI0IiwidGFnIjoiIn0="}} 
[2025-12-03 13:11:13] local.INFO: LogRequests middleware called {"url":"http://localhost/api/auth/login","method":"POST","headers":{"host":["localhost"],"connection":["keep-alive"],"content-length":["52"],"sec-ch-ua-platform":["\"Windows\""],"user-agent":["Mozilla/5.0 (Windows NT 10.0; Win64; x64) AppleWebKit/537.36 (KHTML, like Gecko) Chrome/142.0.0.0 Safari/537.36"],"accept":["application/json"],"sec-ch-ua":["\"Chromium\";v=\"142\", \"Google Chrome\";v=\"142\", \"Not_A Brand\";v=\"99\""],"content-type":["application/json"],"sec-ch-ua-mobile":["?0"],"origin":["http://localhost"],"sec-fetch-site":["same-origin"],"sec-fetch-mode":["cors"],"sec-fetch-dest":["empty"],"referer":["http://localhost/"],"accept-encoding":["gzip, deflate, br, zstd"],"accept-language":["ru-RU,ru;q=0.9,en-US;q=0.8,en;q=0.7"],"cookie":["remember_web_59ba36addc2b2f9401580f014c7f58ea4e30989d=eyJpdiI6IitGb2wvTkZVRnYxOWV1QmRobzBZSmc9PSIsInZhbHVlIjoiYm5KR29iQ0E0SmdxdUN5ZGJGQ2kyQmQvdU9ibWVMR0hoa1dIbzlIQzBaakZjM0NISjdqcXBDakpWd3RwYVZPM3Q0VXlJWWQzMWw1SkJoTmxmMzBScllBdWtvZk1VT1JYWWFPUUFWQ3ZzTkpZSndWaDczYVJBdWV1T3R0bjlmbXA3d0dlMDJWSm5sRXFnYk1pdGtuSlB2ZUF1aVVOT28zQVBrdmRXMk8wYXdPVDE4ZGs0UnNWclZVeW1tcUxQM0tqbEJ6ZVllZTBrSmdrWnRBM3BmTHNacnhORmFna1lXNm5IbW16VldMcnhKTT0iLCJtYWMiOiIyOWIyNjExYzIzY2RhZWI4MzdjMTMxZGY5MmU2NGI2MzIwMzc3Y2U4M2U1NTdjNTczMDg0ODA5YTJiNDhmYmQ1IiwidGFnIjoiIn0%3D; operator_client_id=eyJpdiI6Ilc3UFBRTEhlKzBhdDkzT0wvOGJhcGc9PSIsInZhbHVlIjoiaHNXdzZYbCtNZ2ZFdUdyQjAzTG9idWxLVlZKNmZYMHE4STU2RFNKTmlobWhZSVNuN2dTcDhYK1BHOFRyRDU2SyIsIm1hYyI6IjU1ZjcyMTY0NWEzMDRhZGU5ZWUxNjlhNWUyYTBjYjI3NjJkZjYwODg4YjkxODVlNWQxMDFlNjY3Yjk3MTI4YzgiLCJ0YWciOiIifQ%3D%3D; current_hotel_id=eyJpdiI6ImpZL3BPMEI2eXIzUC9yR0daMlhhTEE9PSIsInZhbHVlIjoiS0FLc1hyd1I5ZFFvRk5QcEliUFhsS1c1YjlnNFk1VDZiVFdlak5INFhFTmhoUmo5UXlzY1ExZkpZTHpDSUEwayIsIm1hYyI6IjhjYTE0ZDEwNmNhNDBlNGRjZjlkYTYxZWNkMjA5OGUxODRiZGIwNDk3NTk3M2MxODE4Y2I5NjFiMTUxZmY1NmMiLCJ0YWciOiIifQ%3D%3D; XSRF-TOKEN=eyJpdiI6IkczbkcrMzJtMVB6bytmeHBnVnc1Y3c9PSIsInZhbHVlIjoicjh1NDhwbjdwVHIzZ1FIWnVQbUtlN3ppZS92VzMvRmpIaUdqK3RVSjFZWVpOeWpyeGdqS1FtYUVXS2VMSGcveUdSMS9FUFczbEtlcGh0RHVDeCt0bFRtTTBvOFlCZ3N0N0YzZExMc2tEWXpFdGpPOHlTUStwTFl1NkpHZTJvMXUiLCJtYWMiOiJjNWYyNTVkMGM1Y2M2YzZjOTM4ZWUwZmI2YTY3YjFlOTE1NTAwYTg5Y2MyOGI2ZmQzOWI0MWEwMzA3YWZjODg5IiwidGFnIjoiIn0%3D; laravel-session=eyJpdiI6Ijdxa3FIWlJRY3ZWZncvNDVaZUNSbXc9PSIsInZhbHVlIjoiWDNEUGYyZlBxV2lYYWRtcXdsMk44a0IrMm9abm1HVmhZakdaRXN2Yy9Md1NOVXlQb2U1bnFWVnh3bDlmQWRIZndaYTlyMFVYdFo4SnJSYTh5aHpiRGVscXBFSUtWVDlFTHdrRVV5SXp6bmgvT3ZxSmZybVIrN050a0tLOS9BR3giLCJtYWMiOiJjMzYxMmJlMzUzZjNiMTNhMjllYzFhN2FiYWEzODlmYThiM2QyNTkwMTliNzgzYTViYTMyNjI2NmEwYTVmMDJlIiwidGFnIjoiIn0%3D"]},"cookies":{"remember_web_59ba36addc2b2f9401580f014c7f58ea4e30989d":"eyJpdiI6IitGb2wvTkZVRnYxOWV1QmRobzBZSmc9PSIsInZhbHVlIjoiYm5KR29iQ0E0SmdxdUN5ZGJGQ2kyQmQvdU9ibWVMR0hoa1dIbzlIQzBaakZjM0NISjdqcXBDakpWd3RwYVZPM3Q0VXlJWWQzMWw1SkJoTmxmMzBScllBdWtvZk1VT1JYWWFPUUFWQ3ZzTkpZSndWaDczYVJBdWV1T3R0bjlmbXA3d0dlMDJWSm5sRXFnYk1pdGtuSlB2ZUF1aVVOT28zQVBrdmRXMk8wYXdPVDE4ZGs0UnNWclZVeW1tcUxQM0tqbEJ6ZVllZTBrSmdrWnRBM3BmTHNacnhORmFna1lXNm5IbW16VldMcnhKTT0iLCJtYWMiOiIyOWIyNjExYzIzY2RhZWI4MzdjMTMxZGY5MmU2NGI2MzIwMzc3Y2U4M2U1NTdjNTczMDg0ODA5YTJiNDhmYmQ1IiwidGFnIjoiIn0=","operator_client_id":"eyJpdiI6Ilc3UFBRTEhlKzBhdDkzT0wvOGJhcGc9PSIsInZhbHVlIjoiaHNXdzZYbCtNZ2ZFdUdyQjAzTG9idWxLVlZKNmZYMHE4STU2RFNKTmlobWhZSVNuN2dTcDhYK1BHOFRyRDU2SyIsIm1hYyI6IjU1ZjcyMTY0NWEzMDRhZGU5ZWUxNjlhNWUyYTBjYjI3NjJkZjYwODg4YjkxODVlNWQxMDFlNjY3Yjk3MTI4YzgiLCJ0YWciOiIifQ==","current_hotel_id":"eyJpdiI6ImpZL3BPMEI2eXIzUC9yR0daMlhhTEE9PSIsInZhbHVlIjoiS0FLc1hyd1I5ZFFvRk5QcEliUFhsS1c1YjlnNFk1VDZiVFdlak5INFhFTmhoUmo5UXlzY1ExZkpZTHpDSUEwayIsIm1hYyI6IjhjYTE0ZDEwNmNhNDBlNGRjZjlkYTYxZWNkMjA5OGUxODRiZGIwNDk3NTk3M2MxODE4Y2I5NjFiMTUxZmY1NmMiLCJ0YWciOiIifQ==","XSRF-TOKEN":"eyJpdiI6IkczbkcrMzJtMVB6bytmeHBnVnc1Y3c9PSIsInZhbHVlIjoicjh1NDhwbjdwVHIzZ1FIWnVQbUtlN3ppZS92VzMvRmpIaUdqK3RVSjFZWVpOeWpyeGdqS1FtYUVXS2VMSGcveUdSMS9FUFczbEtlcGh0RHVDeCt0bFRtTTBvOFlCZ3N0N0YzZExMc2tEWXpFdGpPOHlTUStwTFl1NkpHZTJvMXUiLCJtYWMiOiJjNWYyNTVkMGM1Y2M2YzZjOTM4ZWUwZmI2YTY3YjFlOTE1NTAwYTg5Y2MyOGI2ZmQzOWI0MWEwMzA3YWZjODg5IiwidGFnIjoiIn0=","laravel-session":"eyJpdiI6Ijdxa3FIWlJRY3ZWZncvNDVaZUNSbXc9PSIsInZhbHVlIjoiWDNEUGYyZlBxV2lYYWRtcXdsMk44a0IrMm9abm1HVmhZakdaRXN2Yy9Md1NOVXlQb2U1bnFWVnh3bDlmQWRIZndaYTlyMFVYdFo4SnJSYTh5aHpiRGVscXBFSUtWVDlFTHdrRVV5SXp6bmgvT3ZxSmZybVIrN050a0tLOS9BR3giLCJtYWMiOiJjMzYxMmJlMzUzZjNiMTNhMjllYzFhN2FiYWEzODlmYThiM2QyNTkwMTliNzgzYTViYTMyNjI2NmEwYTVmMDJlIiwidGFnIjoiIn0="}} 
[2025-12-03 13:11:27] local.INFO: LogRequests middleware called {"url":"http://localhost/api/auth/logout","method":"POST","headers":{"host":["localhost"],"connection":["keep-alive"],"content-length":["2"],"sec-ch-ua-platform":["\"Windows\""],"authorization":["Bearer 13|1Ezm3YgiR0UmepyonmvXBKDRo6AVGEQfxWp108RU1dedda86"],"user-agent":["Mozilla/5.0 (Windows NT 10.0; Win64; x64) AppleWebKit/537.36 (KHTML, like Gecko) Chrome/142.0.0.0 Safari/537.36"],"accept":["application/json"],"sec-ch-ua":["\"Chromium\";v=\"142\", \"Google Chrome\";v=\"142\", \"Not_A Brand\";v=\"99\""],"content-type":["application/json"],"sec-ch-ua-mobile":["?0"],"origin":["http://localhost"],"sec-fetch-site":["same-origin"],"sec-fetch-mode":["cors"],"sec-fetch-dest":["empty"],"referer":["http://localhost/"],"accept-encoding":["gzip, deflate, br, zstd"],"accept-language":["ru-RU,ru;q=0.9,en-US;q=0.8,en;q=0.7"],"cookie":["remember_web_59ba36addc2b2f9401580f014c7f58ea4e30989d=eyJpdiI6IitGb2wvTkZVRnYxOWV1QmRobzBZSmc9PSIsInZhbHVlIjoiYm5KR29iQ0E0SmdxdUN5ZGJGQ2kyQmQvdU9ibWVMR0hoa1dIbzlIQzBaakZjM0NISjdqcXBDakpWd3RwYVZPM3Q0VXlJWWQzMWw1SkJoTmxmMzBScllBdWtvZk1VT1JYWWFPUUFWQ3ZzTkpZSndWaDczYVJBdWV1T3R0bjlmbXA3d0dlMDJWSm5sRXFnYk1pdGtuSlB2ZUF1aVVOT28zQVBrdmRXMk8wYXdPVDE4ZGs0UnNWclZVeW1tcUxQM0tqbEJ6ZVllZTBrSmdrWnRBM3BmTHNacnhORmFna1lXNm5IbW16VldMcnhKTT0iLCJtYWMiOiIyOWIyNjExYzIzY2RhZWI4MzdjMTMxZGY5MmU2NGI2MzIwMzc3Y2U4M2U1NTdjNTczMDg0ODA5YTJiNDhmYmQ1IiwidGFnIjoiIn0%3D; operator_client_id=eyJpdiI6Ilc3UFBRTEhlKzBhdDkzT0wvOGJhcGc9PSIsInZhbHVlIjoiaHNXdzZYbCtNZ2ZFdUdyQjAzTG9idWxLVlZKNmZYMHE4STU2RFNKTmlobWhZSVNuN2dTcDhYK1BHOFRyRDU2SyIsIm1hYyI6IjU1ZjcyMTY0NWEzMDRhZGU5ZWUxNjlhNWUyYTBjYjI3NjJkZjYwODg4YjkxODVlNWQxMDFlNjY3Yjk3MTI4YzgiLCJ0YWciOiIifQ%3D%3D; current_hotel_id=eyJpdiI6ImpZL3BPMEI2eXIzUC9yR0daMlhhTEE9PSIsInZhbHVlIjoiS0FLc1hyd1I5ZFFvRk5QcEliUFhsS1c1YjlnNFk1VDZiVFdlak5INFhFTmhoUmo5UXlzY1ExZkpZTHpDSUEwayIsIm1hYyI6IjhjYTE0ZDEwNmNhNDBlNGRjZjlkYTYxZWNkMjA5OGUxODRiZGIwNDk3NTk3M2MxODE4Y2I5NjFiMTUxZmY1NmMiLCJ0YWciOiIifQ%3D%3D; XSRF-TOKEN=eyJpdiI6IndCUDJxdk1US2xqckJLSkpEN1oxRGc9PSIsInZhbHVlIjoiZHlKTXNtNjFTMEprTk00aWFtZ0dDa0tGcXI4RDRBMWJqM0tyYjA0T1Q4VkVMenlQc3lKQk1OL0NZYUFIVDA2R0V0emhWUzRpR0gwcDVyZDlIdFFBVTVCRzhHaE93ZE12V3hINXozWmluVm5tUk95YS96L3hQcDNDUStXNXlabG0iLCJtYWMiOiIyN2E0ZjQxMTYyM2Y3MWY1Y2MyNmJhMTIzOGQxODg1NDYwNmQyMTM2NTZjMTcyN2MyMWQzMzNmNjJhMDlhYjJiIiwidGFnIjoiIn0%3D; laravel-session=eyJpdiI6IkFaT2hKYWh6NXJKc2dnQmhyNTVZR3c9PSIsInZhbHVlIjoiRDYyZVJEb3BKaTQrMmhrdjVsemJ3OTRFeUNIMEhnZjd3V05uWWdMNnp6NXZ6VFhkYmp1eGhxQ2w3eEsyc0E4bFUrZTIvM0h3N2VUUUJGMGplekYzNnpaZEVVbGczZ0lEUlJVUGZsZVJnUTJMUFcrRWV2MFZXQjhnQklBZ0lEcTQiLCJtYWMiOiJmMWZjNzg1ZjJiMWY3YTNiMzA1YzYzNTQyNDllMmRhNWRlZGNlMzY0NzlmYWNkMGM4NzZjZGFlOWQ3ZjhjNDc5IiwidGFnIjoiIn0%3D"]},"cookies":{"remember_web_59ba36addc2b2f9401580f014c7f58ea4e30989d":"eyJpdiI6IitGb2wvTkZVRnYxOWV1QmRobzBZSmc9PSIsInZhbHVlIjoiYm5KR29iQ0E0SmdxdUN5ZGJGQ2kyQmQvdU9ibWVMR0hoa1dIbzlIQzBaakZjM0NISjdqcXBDakpWd3RwYVZPM3Q0VXlJWWQzMWw1SkJoTmxmMzBScllBdWtvZk1VT1JYWWFPUUFWQ3ZzTkpZSndWaDczYVJBdWV1T3R0bjlmbXA3d0dlMDJWSm5sRXFnYk1pdGtuSlB2ZUF1aVVOT28zQVBrdmRXMk8wYXdPVDE4ZGs0UnNWclZVeW1tcUxQM0tqbEJ6ZVllZTBrSmdrWnRBM3BmTHNacnhORmFna1lXNm5IbW16VldMcnhKTT0iLCJtYWMiOiIyOWIyNjExYzIzY2RhZWI4MzdjMTMxZGY5MmU2NGI2MzIwMzc3Y2U4M2U1NTdjNTczMDg0ODA5YTJiNDhmYmQ1IiwidGFnIjoiIn0=","operator_client_id":"eyJpdiI6Ilc3UFBRTEhlKzBhdDkzT0wvOGJhcGc9PSIsInZhbHVlIjoiaHNXdzZYbCtNZ2ZFdUdyQjAzTG9idWxLVlZKNmZYMHE4STU2RFNKTmlobWhZSVNuN2dTcDhYK1BHOFRyRDU2SyIsIm1hYyI6IjU1ZjcyMTY0NWEzMDRhZGU5ZWUxNjlhNWUyYTBjYjI3NjJkZjYwODg4YjkxODVlNWQxMDFlNjY3Yjk3MTI4YzgiLCJ0YWciOiIifQ==","current_hotel_id":"eyJpdiI6ImpZL3BPMEI2eXIzUC9yR0daMlhhTEE9PSIsInZhbHVlIjoiS0FLc1hyd1I5ZFFvRk5QcEliUFhsS1c1YjlnNFk1VDZiVFdlak5INFhFTmhoUmo5UXlzY1ExZkpZTHpDSUEwayIsIm1hYyI6IjhjYTE0ZDEwNmNhNDBlNGRjZjlkYTYxZWNkMjA5OGUxODRiZGIwNDk3NTk3M2MxODE4Y2I5NjFiMTUxZmY1NmMiLCJ0YWciOiIifQ==","XSRF-TOKEN":"eyJpdiI6IndCUDJxdk1US2xqckJLSkpEN1oxRGc9PSIsInZhbHVlIjoiZHlKTXNtNjFTMEprTk00aWFtZ0dDa0tGcXI4RDRBMWJqM0tyYjA0T1Q4VkVMenlQc3lKQk1OL0NZYUFIVDA2R0V0emhWUzRpR0gwcDVyZDlIdFFBVTVCRzhHaE93ZE12V3hINXozWmluVm5tUk95YS96L3hQcDNDUStXNXlabG0iLCJtYWMiOiIyN2E0ZjQxMTYyM2Y3MWY1Y2MyNmJhMTIzOGQxODg1NDYwNmQyMTM2NTZjMTcyN2MyMWQzMzNmNjJhMDlhYjJiIiwidGFnIjoiIn0=","laravel-session":"eyJpdiI6IkFaT2hKYWh6NXJKc2dnQmhyNTVZR3c9PSIsInZhbHVlIjoiRDYyZVJEb3BKaTQrMmhrdjVsemJ3OTRFeUNIMEhnZjd3V05uWWdMNnp6NXZ6VFhkYmp1eGhxQ2w3eEsyc0E4bFUrZTIvM0h3N2VUUUJGMGplekYzNnpaZEVVbGczZ0lEUlJVUGZsZVJnUTJMUFcrRWV2MFZXQjhnQklBZ0lEcTQiLCJtYWMiOiJmMWZjNzg1ZjJiMWY3YTNiMzA1YzYzNTQyNDllMmRhNWRlZGNlMzY0NzlmYWNkMGM4NzZjZGFlOWQ3ZjhjNDc5IiwidGFnIjoiIn0="}} 
[2025-12-03 13:11:52] local.INFO: LogRequests middleware called {"url":"http://localhost/api/auth/refresh","method":"POST","headers":{"accept":["application/json, text/plain, */*"],"content-type":["application/json"],"user-agent":["bruno-runtime/2.15.0"],"authorization":["Bearer 3|eFiOLYVtXoWwcqSrpggjQdbIPKMmLMgKhuIeGYFF013cbf4e"],"request-start-time":["1764767512332"],"accept-encoding":["gzip, compress, deflate, br"],"host":["localhost"],"connection":["keep-alive"],"content-length":["0"]},"cookies":[]} 
[2025-12-03 13:12:01] local.INFO: LogRequests middleware called {"url":"http://localhost/api/auth/login","method":"POST","headers":{"accept":["application/json, text/plain, */*"],"content-type":["application/json"],"user-agent":["bruno-runtime/2.15.0"],"request-start-time":["1764767521128"],"content-length":["61"],"accept-encoding":["gzip, compress, deflate, br"],"host":["localhost"],"connection":["keep-alive"]},"cookies":[]} 
[2025-12-03 13:12:47] local.INFO: LogRequests middleware called {"url":"http://localhost/api/auth/refresh","method":"POST","headers":{"accept":["application/json, text/plain, */*"],"content-type":["application/json"],"user-agent":["bruno-runtime/2.15.0"],"authorization":["Bearer 14|OQJXtGA5EgQb5trFYtZOpAarlOhcByrV66bXwiJS2b3a5ec9"],"request-start-time":["1764767567864"],"accept-encoding":["gzip, compress, deflate, br"],"host":["localhost"],"connection":["keep-alive"],"content-length":["0"]},"cookies":[]} 
[2025-12-03 13:12:54] local.INFO: LogRequests middleware called {"url":"http://localhost/api/auth/login","method":"POST","headers":{"accept":["application/json, text/plain, */*"],"content-type":["application/json"],"user-agent":["bruno-runtime/2.15.0"],"request-start-time":["1764767574479"],"content-length":["61"],"accept-encoding":["gzip, compress, deflate, br"],"host":["localhost"],"connection":["keep-alive"]},"cookies":[]} 
[2025-12-03 13:13:15] local.INFO: LogRequests middleware called {"url":"http://localhost/api/auth/refresh","method":"POST","headers":{"accept":["application/json, text/plain, */*"],"content-type":["application/json"],"user-agent":["bruno-runtime/2.15.0"],"authorization":["Bearer 15|sMalIbYFZU8NTEOuF2D84XbaRrha4qVQXxOqwTwP204ff6cc"],"request-start-time":["1764767595604"],"accept-encoding":["gzip, compress, deflate, br"],"host":["localhost"],"connection":["keep-alive"],"content-length":["0"]},"cookies":[]} 
[2025-12-03 13:13:25] local.INFO: LogRequests middleware called {"url":"http://localhost/api/auth/refresh","method":"POST","headers":{"accept":["application/json, text/plain, */*"],"content-type":["application/json"],"user-agent":["bruno-runtime/2.15.0"],"authorization":["Bearer 15|sMalIbYFZU8NTEOuF2D84XbaRrha4qVQXxOqwTwP204ff6cc"],"request-start-time":["1764767605302"],"accept-encoding":["gzip, compress, deflate, br"],"host":["localhost"],"connection":["keep-alive"],"content-length":["0"]},"cookies":[]} 
[2025-12-03 13:15:42] local.INFO: LogRequests middleware called {"url":"http://localhost/api/auth/login","method":"POST","headers":{"host":["localhost"],"connection":["keep-alive"],"content-length":["52"],"sec-ch-ua-platform":["\"Windows\""],"user-agent":["Mozilla/5.0 (Windows NT 10.0; Win64; x64) AppleWebKit/537.36 (KHTML, like Gecko) Chrome/142.0.0.0 Safari/537.36"],"accept":["application/json"],"sec-ch-ua":["\"Chromium\";v=\"142\", \"Google Chrome\";v=\"142\", \"Not_A Brand\";v=\"99\""],"content-type":["application/json"],"sec-ch-ua-mobile":["?0"],"origin":["http://localhost"],"sec-fetch-site":["same-origin"],"sec-fetch-mode":["cors"],"sec-fetch-dest":["empty"],"referer":["http://localhost/"],"accept-encoding":["gzip, deflate, br, zstd"],"accept-language":["ru-RU,ru;q=0.9,en-US;q=0.8,en;q=0.7"],"cookie":["remember_web_59ba36addc2b2f9401580f014c7f58ea4e30989d=eyJpdiI6IitGb2wvTkZVRnYxOWV1QmRobzBZSmc9PSIsInZhbHVlIjoiYm5KR29iQ0E0SmdxdUN5ZGJGQ2kyQmQvdU9ibWVMR0hoa1dIbzlIQzBaakZjM0NISjdqcXBDakpWd3RwYVZPM3Q0VXlJWWQzMWw1SkJoTmxmMzBScllBdWtvZk1VT1JYWWFPUUFWQ3ZzTkpZSndWaDczYVJBdWV1T3R0bjlmbXA3d0dlMDJWSm5sRXFnYk1pdGtuSlB2ZUF1aVVOT28zQVBrdmRXMk8wYXdPVDE4ZGs0UnNWclZVeW1tcUxQM0tqbEJ6ZVllZTBrSmdrWnRBM3BmTHNacnhORmFna1lXNm5IbW16VldMcnhKTT0iLCJtYWMiOiIyOWIyNjExYzIzY2RhZWI4MzdjMTMxZGY5MmU2NGI2MzIwMzc3Y2U4M2U1NTdjNTczMDg0ODA5YTJiNDhmYmQ1IiwidGFnIjoiIn0%3D; operator_client_id=eyJpdiI6Ilc3UFBRTEhlKzBhdDkzT0wvOGJhcGc9PSIsInZhbHVlIjoiaHNXdzZYbCtNZ2ZFdUdyQjAzTG9idWxLVlZKNmZYMHE4STU2RFNKTmlobWhZSVNuN2dTcDhYK1BHOFRyRDU2SyIsIm1hYyI6IjU1ZjcyMTY0NWEzMDRhZGU5ZWUxNjlhNWUyYTBjYjI3NjJkZjYwODg4YjkxODVlNWQxMDFlNjY3Yjk3MTI4YzgiLCJ0YWciOiIifQ%3D%3D; current_hotel_id=eyJpdiI6ImpZL3BPMEI2eXIzUC9yR0daMlhhTEE9PSIsInZhbHVlIjoiS0FLc1hyd1I5ZFFvRk5QcEliUFhsS1c1YjlnNFk1VDZiVFdlak5INFhFTmhoUmo5UXlzY1ExZkpZTHpDSUEwayIsIm1hYyI6IjhjYTE0ZDEwNmNhNDBlNGRjZjlkYTYxZWNkMjA5OGUxODRiZGIwNDk3NTk3M2MxODE4Y2I5NjFiMTUxZmY1NmMiLCJ0YWciOiIifQ%3D%3D; XSRF-TOKEN=eyJpdiI6IklZWkYzMjZyWEljS0syZWVSV0VNY1E9PSIsInZhbHVlIjoibWc1RSttQkJTc0JzVDk5a1AyUGk0aSt1eWVWMkxWaFhlR0RFdzlqUWd3Z0VjejN3SUpTYXR1SmczTENpYnRnRndXTkE1YXVIL3R6VjJXVmRhRFphUXJ1RG56NytsYnVJM3RmTXcyTldCd0c1WkY4eldXYVdXTnBvVXQ0cnF1SDEiLCJtYWMiOiIyNGVmZDdhMzliZDg3MTRjNWRjN2NlNTZkMGNjMjMwZDAzMWE1OTdkZTI1M2RmZTk1NGU2MjliYTNlNDE0YmQ0IiwidGFnIjoiIn0%3D; laravel-session=eyJpdiI6ImxlSTFBMW12Zm8ybUg1dkRiYzgwUVE9PSIsInZhbHVlIjoiTXpGVnpIUG0wMnVVSUdkaThjOStNU3kyZTUwMjVWVG4zaWZZVnZNb3l4M0dJZ0orSHJXOUFSbXkxSjR2b3JKaTdtdHhYRUw5SEVXeGpGRzMwZnZKTWhoT3NyNkpuMktKOEFIaVkrdkN1SHhXM0V1RGFpTE1vNU5xS25Pd3gra0QiLCJtYWMiOiIyMjJjZTI5OGZmZTlhMjAyMTFkZWY4YzZjYTA3NDA4Yzg0NGY1YTcwYzUxOWYwOTFlNjZlMzMyZTRlNmNiMzc1IiwidGFnIjoiIn0%3D"]},"cookies":{"remember_web_59ba36addc2b2f9401580f014c7f58ea4e30989d":"eyJpdiI6IitGb2wvTkZVRnYxOWV1QmRobzBZSmc9PSIsInZhbHVlIjoiYm5KR29iQ0E0SmdxdUN5ZGJGQ2kyQmQvdU9ibWVMR0hoa1dIbzlIQzBaakZjM0NISjdqcXBDakpWd3RwYVZPM3Q0VXlJWWQzMWw1SkJoTmxmMzBScllBdWtvZk1VT1JYWWFPUUFWQ3ZzTkpZSndWaDczYVJBdWV1T3R0bjlmbXA3d0dlMDJWSm5sRXFnYk1pdGtuSlB2ZUF1aVVOT28zQVBrdmRXMk8wYXdPVDE4ZGs0UnNWclZVeW1tcUxQM0tqbEJ6ZVllZTBrSmdrWnRBM3BmTHNacnhORmFna1lXNm5IbW16VldMcnhKTT0iLCJtYWMiOiIyOWIyNjExYzIzY2RhZWI4MzdjMTMxZGY5MmU2NGI2MzIwMzc3Y2U4M2U1NTdjNTczMDg0ODA5YTJiNDhmYmQ1IiwidGFnIjoiIn0=","operator_client_id":"eyJpdiI6Ilc3UFBRTEhlKzBhdDkzT0wvOGJhcGc9PSIsInZhbHVlIjoiaHNXdzZYbCtNZ2ZFdUdyQjAzTG9idWxLVlZKNmZYMHE4STU2RFNKTmlobWhZSVNuN2dTcDhYK1BHOFRyRDU2SyIsIm1hYyI6IjU1ZjcyMTY0NWEzMDRhZGU5ZWUxNjlhNWUyYTBjYjI3NjJkZjYwODg4YjkxODVlNWQxMDFlNjY3Yjk3MTI4YzgiLCJ0YWciOiIifQ==","current_hotel_id":"eyJpdiI6ImpZL3BPMEI2eXIzUC9yR0daMlhhTEE9PSIsInZhbHVlIjoiS0FLc1hyd1I5ZFFvRk5QcEliUFhsS1c1YjlnNFk1VDZiVFdlak5INFhFTmhoUmo5UXlzY1ExZkpZTHpDSUEwayIsIm1hYyI6IjhjYTE0ZDEwNmNhNDBlNGRjZjlkYTYxZWNkMjA5OGUxODRiZGIwNDk3NTk3M2MxODE4Y2I5NjFiMTUxZmY1NmMiLCJ0YWciOiIifQ==","XSRF-TOKEN":"eyJpdiI6IklZWkYzMjZyWEljS0syZWVSV0VNY1E9PSIsInZhbHVlIjoibWc1RSttQkJTc0JzVDk5a1AyUGk0aSt1eWVWMkxWaFhlR0RFdzlqUWd3Z0VjejN3SUpTYXR1SmczTENpYnRnRndXTkE1YXVIL3R6VjJXVmRhRFphUXJ1RG56NytsYnVJM3RmTXcyTldCd0c1WkY4eldXYVdXTnBvVXQ0cnF1SDEiLCJtYWMiOiIyNGVmZDdhMzliZDg3MTRjNWRjN2NlNTZkMGNjMjMwZDAzMWE1OTdkZTI1M2RmZTk1NGU2MjliYTNlNDE0YmQ0IiwidGFnIjoiIn0=","laravel-session":"eyJpdiI6ImxlSTFBMW12Zm8ybUg1dkRiYzgwUVE9PSIsInZhbHVlIjoiTXpGVnpIUG0wMnVVSUdkaThjOStNU3kyZTUwMjVWVG4zaWZZVnZNb3l4M0dJZ0orSHJXOUFSbXkxSjR2b3JKaTdtdHhYRUw5SEVXeGpGRzMwZnZKTWhoT3NyNkpuMktKOEFIaVkrdkN1SHhXM0V1RGFpTE1vNU5xS25Pd3gra0QiLCJtYWMiOiIyMjJjZTI5OGZmZTlhMjAyMTFkZWY4YzZjYTA3NDA4Yzg0NGY1YTcwYzUxOWYwOTFlNjZlMzMyZTRlNmNiMzc1IiwidGFnIjoiIn0="}} 
[2025-12-03 13:15:44] local.INFO: LogRequests middleware called {"url":"http://localhost/api/auth/logout","method":"POST","headers":{"host":["localhost"],"connection":["keep-alive"],"content-length":["2"],"sec-ch-ua-platform":["\"Windows\""],"user-agent":["Mozilla/5.0 (Windows NT 10.0; Win64; x64) AppleWebKit/537.36 (KHTML, like Gecko) Chrome/142.0.0.0 Safari/537.36"],"accept":["application/json"],"sec-ch-ua":["\"Chromium\";v=\"142\", \"Google Chrome\";v=\"142\", \"Not_A Brand\";v=\"99\""],"content-type":["application/json"],"sec-ch-ua-mobile":["?0"],"origin":["http://localhost"],"sec-fetch-site":["same-origin"],"sec-fetch-mode":["cors"],"sec-fetch-dest":["empty"],"referer":["http://localhost/"],"accept-encoding":["gzip, deflate, br, zstd"],"accept-language":["ru-RU,ru;q=0.9,en-US;q=0.8,en;q=0.7"],"cookie":["remember_web_59ba36addc2b2f9401580f014c7f58ea4e30989d=eyJpdiI6IitGb2wvTkZVRnYxOWV1QmRobzBZSmc9PSIsInZhbHVlIjoiYm5KR29iQ0E0SmdxdUN5ZGJGQ2kyQmQvdU9ibWVMR0hoa1dIbzlIQzBaakZjM0NISjdqcXBDakpWd3RwYVZPM3Q0VXlJWWQzMWw1SkJoTmxmMzBScllBdWtvZk1VT1JYWWFPUUFWQ3ZzTkpZSndWaDczYVJBdWV1T3R0bjlmbXA3d0dlMDJWSm5sRXFnYk1pdGtuSlB2ZUF1aVVOT28zQVBrdmRXMk8wYXdPVDE4ZGs0UnNWclZVeW1tcUxQM0tqbEJ6ZVllZTBrSmdrWnRBM3BmTHNacnhORmFna1lXNm5IbW16VldMcnhKTT0iLCJtYWMiOiIyOWIyNjExYzIzY2RhZWI4MzdjMTMxZGY5MmU2NGI2MzIwMzc3Y2U4M2U1NTdjNTczMDg0ODA5YTJiNDhmYmQ1IiwidGFnIjoiIn0%3D; operator_client_id=eyJpdiI6Ilc3UFBRTEhlKzBhdDkzT0wvOGJhcGc9PSIsInZhbHVlIjoiaHNXdzZYbCtNZ2ZFdUdyQjAzTG9idWxLVlZKNmZYMHE4STU2RFNKTmlobWhZSVNuN2dTcDhYK1BHOFRyRDU2SyIsIm1hYyI6IjU1ZjcyMTY0NWEzMDRhZGU5ZWUxNjlhNWUyYTBjYjI3NjJkZjYwODg4YjkxODVlNWQxMDFlNjY3Yjk3MTI4YzgiLCJ0YWciOiIifQ%3D%3D; current_hotel_id=eyJpdiI6ImpZL3BPMEI2eXIzUC9yR0daMlhhTEE9PSIsInZhbHVlIjoiS0FLc1hyd1I5ZFFvRk5QcEliUFhsS1c1YjlnNFk1VDZiVFdlak5INFhFTmhoUmo5UXlzY1ExZkpZTHpDSUEwayIsIm1hYyI6IjhjYTE0ZDEwNmNhNDBlNGRjZjlkYTYxZWNkMjA5OGUxODRiZGIwNDk3NTk3M2MxODE4Y2I5NjFiMTUxZmY1NmMiLCJ0YWciOiIifQ%3D%3D; XSRF-TOKEN=eyJpdiI6IklZWkYzMjZyWEljS0syZWVSV0VNY1E9PSIsInZhbHVlIjoibWc1RSttQkJTc0JzVDk5a1AyUGk0aSt1eWVWMkxWaFhlR0RFdzlqUWd3Z0VjejN3SUpTYXR1SmczTENpYnRnRndXTkE1YXVIL3R6VjJXVmRhRFphUXJ1RG56NytsYnVJM3RmTXcyTldCd0c1WkY4eldXYVdXTnBvVXQ0cnF1SDEiLCJtYWMiOiIyNGVmZDdhMzliZDg3MTRjNWRjN2NlNTZkMGNjMjMwZDAzMWE1OTdkZTI1M2RmZTk1NGU2MjliYTNlNDE0YmQ0IiwidGFnIjoiIn0%3D; laravel-session=eyJpdiI6ImxlSTFBMW12Zm8ybUg1dkRiYzgwUVE9PSIsInZhbHVlIjoiTXpGVnpIUG0wMnVVSUdkaThjOStNU3kyZTUwMjVWVG4zaWZZVnZNb3l4M0dJZ0orSHJXOUFSbXkxSjR2b3JKaTdtdHhYRUw5SEVXeGpGRzMwZnZKTWhoT3NyNkpuMktKOEFIaVkrdkN1SHhXM0V1RGFpTE1vNU5xS25Pd3gra0QiLCJtYWMiOiIyMjJjZTI5OGZmZTlhMjAyMTFkZWY4YzZjYTA3NDA4Yzg0NGY1YTcwYzUxOWYwOTFlNjZlMzMyZTRlNmNiMzc1IiwidGFnIjoiIn0%3D"]},"cookies":{"remember_web_59ba36addc2b2f9401580f014c7f58ea4e30989d":"eyJpdiI6IitGb2wvTkZVRnYxOWV1QmRobzBZSmc9PSIsInZhbHVlIjoiYm5KR29iQ0E0SmdxdUN5ZGJGQ2kyQmQvdU9ibWVMR0hoa1dIbzlIQzBaakZjM0NISjdqcXBDakpWd3RwYVZPM3Q0VXlJWWQzMWw1SkJoTmxmMzBScllBdWtvZk1VT1JYWWFPUUFWQ3ZzTkpZSndWaDczYVJBdWV1T3R0bjlmbXA3d0dlMDJWSm5sRXFnYk1pdGtuSlB2ZUF1aVVOT28zQVBrdmRXMk8wYXdPVDE4ZGs0UnNWclZVeW1tcUxQM0tqbEJ6ZVllZTBrSmdrWnRBM3BmTHNacnhORmFna1lXNm5IbW16VldMcnhKTT0iLCJtYWMiOiIyOWIyNjExYzIzY2RhZWI4MzdjMTMxZGY5MmU2NGI2MzIwMzc3Y2U4M2U1NTdjNTczMDg0ODA5YTJiNDhmYmQ1IiwidGFnIjoiIn0=","operator_client_id":"eyJpdiI6Ilc3UFBRTEhlKzBhdDkzT0wvOGJhcGc9PSIsInZhbHVlIjoiaHNXdzZYbCtNZ2ZFdUdyQjAzTG9idWxLVlZKNmZYMHE4STU2RFNKTmlobWhZSVNuN2dTcDhYK1BHOFRyRDU2SyIsIm1hYyI6IjU1ZjcyMTY0NWEzMDRhZGU5ZWUxNjlhNWUyYTBjYjI3NjJkZjYwODg4YjkxODVlNWQxMDFlNjY3Yjk3MTI4YzgiLCJ0YWciOiIifQ==","current_hotel_id":"eyJpdiI6ImpZL3BPMEI2eXIzUC9yR0daMlhhTEE9PSIsInZhbHVlIjoiS0FLc1hyd1I5ZFFvRk5QcEliUFhsS1c1YjlnNFk1VDZiVFdlak5INFhFTmhoUmo5UXlzY1ExZkpZTHpDSUEwayIsIm1hYyI6IjhjYTE0ZDEwNmNhNDBlNGRjZjlkYTYxZWNkMjA5OGUxODRiZGIwNDk3NTk3M2MxODE4Y2I5NjFiMTUxZmY1NmMiLCJ0YWciOiIifQ==","XSRF-TOKEN":"eyJpdiI6IklZWkYzMjZyWEljS0syZWVSV0VNY1E9PSIsInZhbHVlIjoibWc1RSttQkJTc0JzVDk5a1AyUGk0aSt1eWVWMkxWaFhlR0RFdzlqUWd3Z0VjejN3SUpTYXR1SmczTENpYnRnRndXTkE1YXVIL3R6VjJXVmRhRFphUXJ1RG56NytsYnVJM3RmTXcyTldCd0c1WkY4eldXYVdXTnBvVXQ0cnF1SDEiLCJtYWMiOiIyNGVmZDdhMzliZDg3MTRjNWRjN2NlNTZkMGNjMjMwZDAzMWE1OTdkZTI1M2RmZTk1NGU2MjliYTNlNDE0YmQ0IiwidGFnIjoiIn0=","laravel-session":"eyJpdiI6ImxlSTFBMW12Zm8ybUg1dkRiYzgwUVE9PSIsInZhbHVlIjoiTXpGVnpIUG0wMnVVSUdkaThjOStNU3kyZTUwMjVWVG4zaWZZVnZNb3l4M0dJZ0orSHJXOUFSbXkxSjR2b3JKaTdtdHhYRUw5SEVXeGpGRzMwZnZKTWhoT3NyNkpuMktKOEFIaVkrdkN1SHhXM0V1RGFpTE1vNU5xS25Pd3gra0QiLCJtYWMiOiIyMjJjZTI5OGZmZTlhMjAyMTFkZWY4YzZjYTA3NDA4Yzg0NGY1YTcwYzUxOWYwOTFlNjZlMzMyZTRlNmNiMzc1IiwidGFnIjoiIn0="}} 
[2025-12-03 13:15:45] local.INFO: LogRequests middleware called {"url":"http://localhost/api/auth/refresh","method":"POST","headers":{"host":["localhost"],"connection":["keep-alive"],"content-length":["0"],"sec-ch-ua-platform":["\"Windows\""],"user-agent":["Mozilla/5.0 (Windows NT 10.0; Win64; x64) AppleWebKit/537.36 (KHTML, like Gecko) Chrome/142.0.0.0 Safari/537.36"],"accept":["application/json"],"sec-ch-ua":["\"Chromium\";v=\"142\", \"Google Chrome\";v=\"142\", \"Not_A Brand\";v=\"99\""],"sec-ch-ua-mobile":["?0"],"origin":["http://localhost"],"sec-fetch-site":["same-origin"],"sec-fetch-mode":["cors"],"sec-fetch-dest":["empty"],"referer":["http://localhost/"],"accept-encoding":["gzip, deflate, br, zstd"],"accept-language":["ru-RU,ru;q=0.9,en-US;q=0.8,en;q=0.7"],"cookie":["remember_web_59ba36addc2b2f9401580f014c7f58ea4e30989d=eyJpdiI6IitGb2wvTkZVRnYxOWV1QmRobzBZSmc9PSIsInZhbHVlIjoiYm5KR29iQ0E0SmdxdUN5ZGJGQ2kyQmQvdU9ibWVMR0hoa1dIbzlIQzBaakZjM0NISjdqcXBDakpWd3RwYVZPM3Q0VXlJWWQzMWw1SkJoTmxmMzBScllBdWtvZk1VT1JYWWFPUUFWQ3ZzTkpZSndWaDczYVJBdWV1T3R0bjlmbXA3d0dlMDJWSm5sRXFnYk1pdGtuSlB2ZUF1aVVOT28zQVBrdmRXMk8wYXdPVDE4ZGs0UnNWclZVeW1tcUxQM0tqbEJ6ZVllZTBrSmdrWnRBM3BmTHNacnhORmFna1lXNm5IbW16VldMcnhKTT0iLCJtYWMiOiIyOWIyNjExYzIzY2RhZWI4MzdjMTMxZGY5MmU2NGI2MzIwMzc3Y2U4M2U1NTdjNTczMDg0ODA5YTJiNDhmYmQ1IiwidGFnIjoiIn0%3D; operator_client_id=eyJpdiI6Ilc3UFBRTEhlKzBhdDkzT0wvOGJhcGc9PSIsInZhbHVlIjoiaHNXdzZYbCtNZ2ZFdUdyQjAzTG9idWxLVlZKNmZYMHE4STU2RFNKTmlobWhZSVNuN2dTcDhYK1BHOFRyRDU2SyIsIm1hYyI6IjU1ZjcyMTY0NWEzMDRhZGU5ZWUxNjlhNWUyYTBjYjI3NjJkZjYwODg4YjkxODVlNWQxMDFlNjY3Yjk3MTI4YzgiLCJ0YWciOiIifQ%3D%3D; current_hotel_id=eyJpdiI6ImpZL3BPMEI2eXIzUC9yR0daMlhhTEE9PSIsInZhbHVlIjoiS0FLc1hyd1I5ZFFvRk5QcEliUFhsS1c1YjlnNFk1VDZiVFdlak5INFhFTmhoUmo5UXlzY1ExZkpZTHpDSUEwayIsIm1hYyI6IjhjYTE0ZDEwNmNhNDBlNGRjZjlkYTYxZWNkMjA5OGUxODRiZGIwNDk3NTk3M2MxODE4Y2I5NjFiMTUxZmY1NmMiLCJ0YWciOiIifQ%3D%3D; XSRF-TOKEN=eyJpdiI6IklZWkYzMjZyWEljS0syZWVSV0VNY1E9PSIsInZhbHVlIjoibWc1RSttQkJTc0JzVDk5a1AyUGk0aSt1eWVWMkxWaFhlR0RFdzlqUWd3Z0VjejN3SUpTYXR1SmczTENpYnRnRndXTkE1YXVIL3R6VjJXVmRhRFphUXJ1RG56NytsYnVJM3RmTXcyTldCd0c1WkY4eldXYVdXTnBvVXQ0cnF1SDEiLCJtYWMiOiIyNGVmZDdhMzliZDg3MTRjNWRjN2NlNTZkMGNjMjMwZDAzMWE1OTdkZTI1M2RmZTk1NGU2MjliYTNlNDE0YmQ0IiwidGFnIjoiIn0%3D; laravel-session=eyJpdiI6ImxlSTFBMW12Zm8ybUg1dkRiYzgwUVE9PSIsInZhbHVlIjoiTXpGVnpIUG0wMnVVSUdkaThjOStNU3kyZTUwMjVWVG4zaWZZVnZNb3l4M0dJZ0orSHJXOUFSbXkxSjR2b3JKaTdtdHhYRUw5SEVXeGpGRzMwZnZKTWhoT3NyNkpuMktKOEFIaVkrdkN1SHhXM0V1RGFpTE1vNU5xS25Pd3gra0QiLCJtYWMiOiIyMjJjZTI5OGZmZTlhMjAyMTFkZWY4YzZjYTA3NDA4Yzg0NGY1YTcwYzUxOWYwOTFlNjZlMzMyZTRlNmNiMzc1IiwidGFnIjoiIn0%3D"]},"cookies":{"remember_web_59ba36addc2b2f9401580f014c7f58ea4e30989d":"eyJpdiI6IitGb2wvTkZVRnYxOWV1QmRobzBZSmc9PSIsInZhbHVlIjoiYm5KR29iQ0E0SmdxdUN5ZGJGQ2kyQmQvdU9ibWVMR0hoa1dIbzlIQzBaakZjM0NISjdqcXBDakpWd3RwYVZPM3Q0VXlJWWQzMWw1SkJoTmxmMzBScllBdWtvZk1VT1JYWWFPUUFWQ3ZzTkpZSndWaDczYVJBdWV1T3R0bjlmbXA3d0dlMDJWSm5sRXFnYk1pdGtuSlB2ZUF1aVVOT28zQVBrdmRXMk8wYXdPVDE4ZGs0UnNWclZVeW1tcUxQM0tqbEJ6ZVllZTBrSmdrWnRBM3BmTHNacnhORmFna1lXNm5IbW16VldMcnhKTT0iLCJtYWMiOiIyOWIyNjExYzIzY2RhZWI4MzdjMTMxZGY5MmU2NGI2MzIwMzc3Y2U4M2U1NTdjNTczMDg0ODA5YTJiNDhmYmQ1IiwidGFnIjoiIn0=","operator_client_id":"eyJpdiI6Ilc3UFBRTEhlKzBhdDkzT0wvOGJhcGc9PSIsInZhbHVlIjoiaHNXdzZYbCtNZ2ZFdUdyQjAzTG9idWxLVlZKNmZYMHE4STU2RFNKTmlobWhZSVNuN2dTcDhYK1BHOFRyRDU2SyIsIm1hYyI6IjU1ZjcyMTY0NWEzMDRhZGU5ZWUxNjlhNWUyYTBjYjI3NjJkZjYwODg4YjkxODVlNWQxMDFlNjY3Yjk3MTI4YzgiLCJ0YWciOiIifQ==","current_hotel_id":"eyJpdiI6ImpZL3BPMEI2eXIzUC9yR0daMlhhTEE9PSIsInZhbHVlIjoiS0FLc1hyd1I5ZFFvRk5QcEliUFhsS1c1YjlnNFk1VDZiVFdlak5INFhFTmhoUmo5UXlzY1ExZkpZTHpDSUEwayIsIm1hYyI6IjhjYTE0ZDEwNmNhNDBlNGRjZjlkYTYxZWNkMjA5OGUxODRiZGIwNDk3NTk3M2MxODE4Y2I5NjFiMTUxZmY1NmMiLCJ0YWciOiIifQ==","XSRF-TOKEN":"eyJpdiI6IklZWkYzMjZyWEljS0syZWVSV0VNY1E9PSIsInZhbHVlIjoibWc1RSttQkJTc0JzVDk5a1AyUGk0aSt1eWVWMkxWaFhlR0RFdzlqUWd3Z0VjejN3SUpTYXR1SmczTENpYnRnRndXTkE1YXVIL3R6VjJXVmRhRFphUXJ1RG56NytsYnVJM3RmTXcyTldCd0c1WkY4eldXYVdXTnBvVXQ0cnF1SDEiLCJtYWMiOiIyNGVmZDdhMzliZDg3MTRjNWRjN2NlNTZkMGNjMjMwZDAzMWE1OTdkZTI1M2RmZTk1NGU2MjliYTNlNDE0YmQ0IiwidGFnIjoiIn0=","laravel-session":"eyJpdiI6ImxlSTFBMW12Zm8ybUg1dkRiYzgwUVE9PSIsInZhbHVlIjoiTXpGVnpIUG0wMnVVSUdkaThjOStNU3kyZTUwMjVWVG4zaWZZVnZNb3l4M0dJZ0orSHJXOUFSbXkxSjR2b3JKaTdtdHhYRUw5SEVXeGpGRzMwZnZKTWhoT3NyNkpuMktKOEFIaVkrdkN1SHhXM0V1RGFpTE1vNU5xS25Pd3gra0QiLCJtYWMiOiIyMjJjZTI5OGZmZTlhMjAyMTFkZWY4YzZjYTA3NDA4Yzg0NGY1YTcwYzUxOWYwOTFlNjZlMzMyZTRlNmNiMzc1IiwidGFnIjoiIn0="}} 
[2025-12-03 13:15:45] local.INFO: LogRequests middleware called {"url":"http://localhost/api/auth/logout","method":"POST","headers":{"host":["localhost"],"connection":["keep-alive"],"content-length":["2"],"sec-ch-ua-platform":["\"Windows\""],"user-agent":["Mozilla/5.0 (Windows NT 10.0; Win64; x64) AppleWebKit/537.36 (KHTML, like Gecko) Chrome/142.0.0.0 Safari/537.36"],"accept":["application/json"],"sec-ch-ua":["\"Chromium\";v=\"142\", \"Google Chrome\";v=\"142\", \"Not_A Brand\";v=\"99\""],"content-type":["application/json"],"sec-ch-ua-mobile":["?0"],"origin":["http://localhost"],"sec-fetch-site":["same-origin"],"sec-fetch-mode":["cors"],"sec-fetch-dest":["empty"],"referer":["http://localhost/"],"accept-encoding":["gzip, deflate, br, zstd"],"accept-language":["ru-RU,ru;q=0.9,en-US;q=0.8,en;q=0.7"],"cookie":["remember_web_59ba36addc2b2f9401580f014c7f58ea4e30989d=eyJpdiI6IitGb2wvTkZVRnYxOWV1QmRobzBZSmc9PSIsInZhbHVlIjoiYm5KR29iQ0E0SmdxdUN5ZGJGQ2kyQmQvdU9ibWVMR0hoa1dIbzlIQzBaakZjM0NISjdqcXBDakpWd3RwYVZPM3Q0VXlJWWQzMWw1SkJoTmxmMzBScllBdWtvZk1VT1JYWWFPUUFWQ3ZzTkpZSndWaDczYVJBdWV1T3R0bjlmbXA3d0dlMDJWSm5sRXFnYk1pdGtuSlB2ZUF1aVVOT28zQVBrdmRXMk8wYXdPVDE4ZGs0UnNWclZVeW1tcUxQM0tqbEJ6ZVllZTBrSmdrWnRBM3BmTHNacnhORmFna1lXNm5IbW16VldMcnhKTT0iLCJtYWMiOiIyOWIyNjExYzIzY2RhZWI4MzdjMTMxZGY5MmU2NGI2MzIwMzc3Y2U4M2U1NTdjNTczMDg0ODA5YTJiNDhmYmQ1IiwidGFnIjoiIn0%3D; operator_client_id=eyJpdiI6Ilc3UFBRTEhlKzBhdDkzT0wvOGJhcGc9PSIsInZhbHVlIjoiaHNXdzZYbCtNZ2ZFdUdyQjAzTG9idWxLVlZKNmZYMHE4STU2RFNKTmlobWhZSVNuN2dTcDhYK1BHOFRyRDU2SyIsIm1hYyI6IjU1ZjcyMTY0NWEzMDRhZGU5ZWUxNjlhNWUyYTBjYjI3NjJkZjYwODg4YjkxODVlNWQxMDFlNjY3Yjk3MTI4YzgiLCJ0YWciOiIifQ%3D%3D; current_hotel_id=eyJpdiI6ImpZL3BPMEI2eXIzUC9yR0daMlhhTEE9PSIsInZhbHVlIjoiS0FLc1hyd1I5ZFFvRk5QcEliUFhsS1c1YjlnNFk1VDZiVFdlak5INFhFTmhoUmo5UXlzY1ExZkpZTHpDSUEwayIsIm1hYyI6IjhjYTE0ZDEwNmNhNDBlNGRjZjlkYTYxZWNkMjA5OGUxODRiZGIwNDk3NTk3M2MxODE4Y2I5NjFiMTUxZmY1NmMiLCJ0YWciOiIifQ%3D%3D; XSRF-TOKEN=eyJpdiI6IklZWkYzMjZyWEljS0syZWVSV0VNY1E9PSIsInZhbHVlIjoibWc1RSttQkJTc0JzVDk5a1AyUGk0aSt1eWVWMkxWaFhlR0RFdzlqUWd3Z0VjejN3SUpTYXR1SmczTENpYnRnRndXTkE1YXVIL3R6VjJXVmRhRFphUXJ1RG56NytsYnVJM3RmTXcyTldCd0c1WkY4eldXYVdXTnBvVXQ0cnF1SDEiLCJtYWMiOiIyNGVmZDdhMzliZDg3MTRjNWRjN2NlNTZkMGNjMjMwZDAzMWE1OTdkZTI1M2RmZTk1NGU2MjliYTNlNDE0YmQ0IiwidGFnIjoiIn0%3D; laravel-session=eyJpdiI6ImxlSTFBMW12Zm8ybUg1dkRiYzgwUVE9PSIsInZhbHVlIjoiTXpGVnpIUG0wMnVVSUdkaThjOStNU3kyZTUwMjVWVG4zaWZZVnZNb3l4M0dJZ0orSHJXOUFSbXkxSjR2b3JKaTdtdHhYRUw5SEVXeGpGRzMwZnZKTWhoT3NyNkpuMktKOEFIaVkrdkN1SHhXM0V1RGFpTE1vNU5xS25Pd3gra0QiLCJtYWMiOiIyMjJjZTI5OGZmZTlhMjAyMTFkZWY4YzZjYTA3NDA4Yzg0NGY1YTcwYzUxOWYwOTFlNjZlMzMyZTRlNmNiMzc1IiwidGFnIjoiIn0%3D"]},"cookies":{"remember_web_59ba36addc2b2f9401580f014c7f58ea4e30989d":"eyJpdiI6IitGb2wvTkZVRnYxOWV1QmRobzBZSmc9PSIsInZhbHVlIjoiYm5KR29iQ0E0SmdxdUN5ZGJGQ2kyQmQvdU9ibWVMR0hoa1dIbzlIQzBaakZjM0NISjdqcXBDakpWd3RwYVZPM3Q0VXlJWWQzMWw1SkJoTmxmMzBScllBdWtvZk1VT1JYWWFPUUFWQ3ZzTkpZSndWaDczYVJBdWV1T3R0bjlmbXA3d0dlMDJWSm5sRXFnYk1pdGtuSlB2ZUF1aVVOT28zQVBrdmRXMk8wYXdPVDE4ZGs0UnNWclZVeW1tcUxQM0tqbEJ6ZVllZTBrSmdrWnRBM3BmTHNacnhORmFna1lXNm5IbW16VldMcnhKTT0iLCJtYWMiOiIyOWIyNjExYzIzY2RhZWI4MzdjMTMxZGY5MmU2NGI2MzIwMzc3Y2U4M2U1NTdjNTczMDg0ODA5YTJiNDhmYmQ1IiwidGFnIjoiIn0=","operator_client_id":"eyJpdiI6Ilc3UFBRTEhlKzBhdDkzT0wvOGJhcGc9PSIsInZhbHVlIjoiaHNXdzZYbCtNZ2ZFdUdyQjAzTG9idWxLVlZKNmZYMHE4STU2RFNKTmlobWhZSVNuN2dTcDhYK1BHOFRyRDU2SyIsIm1hYyI6IjU1ZjcyMTY0NWEzMDRhZGU5ZWUxNjlhNWUyYTBjYjI3NjJkZjYwODg4YjkxODVlNWQxMDFlNjY3Yjk3MTI4YzgiLCJ0YWciOiIifQ==","current_hotel_id":"eyJpdiI6ImpZL3BPMEI2eXIzUC9yR0daMlhhTEE9PSIsInZhbHVlIjoiS0FLc1hyd1I5ZFFvRk5QcEliUFhsS1c1YjlnNFk1VDZiVFdlak5INFhFTmhoUmo5UXlzY1ExZkpZTHpDSUEwayIsIm1hYyI6IjhjYTE0ZDEwNmNhNDBlNGRjZjlkYTYxZWNkMjA5OGUxODRiZGIwNDk3NTk3M2MxODE4Y2I5NjFiMTUxZmY1NmMiLCJ0YWciOiIifQ==","XSRF-TOKEN":"eyJpdiI6IklZWkYzMjZyWEljS0syZWVSV0VNY1E9PSIsInZhbHVlIjoibWc1RSttQkJTc0JzVDk5a1AyUGk0aSt1eWVWMkxWaFhlR0RFdzlqUWd3Z0VjejN3SUpTYXR1SmczTENpYnRnRndXTkE1YXVIL3R6VjJXVmRhRFphUXJ1RG56NytsYnVJM3RmTXcyTldCd0c1WkY4eldXYVdXTnBvVXQ0cnF1SDEiLCJtYWMiOiIyNGVmZDdhMzliZDg3MTRjNWRjN2NlNTZkMGNjMjMwZDAzMWE1OTdkZTI1M2RmZTk1NGU2MjliYTNlNDE0YmQ0IiwidGFnIjoiIn0=","laravel-session":"eyJpdiI6ImxlSTFBMW12Zm8ybUg1dkRiYzgwUVE9PSIsInZhbHVlIjoiTXpGVnpIUG0wMnVVSUdkaThjOStNU3kyZTUwMjVWVG4zaWZZVnZNb3l4M0dJZ0orSHJXOUFSbXkxSjR2b3JKaTdtdHhYRUw5SEVXeGpGRzMwZnZKTWhoT3NyNkpuMktKOEFIaVkrdkN1SHhXM0V1RGFpTE1vNU5xS25Pd3gra0QiLCJtYWMiOiIyMjJjZTI5OGZmZTlhMjAyMTFkZWY4YzZjYTA3NDA4Yzg0NGY1YTcwYzUxOWYwOTFlNjZlMzMyZTRlNmNiMzc1IiwidGFnIjoiIn0="}} 
[2025-12-03 13:42:00] local.INFO: LogRequests middleware called {"url":"http://localhost/api/auth/login","method":"POST","headers":{"host":["localhost"],"connection":["keep-alive"],"content-length":["52"],"sec-ch-ua-platform":["\"Windows\""],"user-agent":["Mozilla/5.0 (Windows NT 10.0; Win64; x64) AppleWebKit/537.36 (KHTML, like Gecko) Chrome/142.0.0.0 Safari/537.36"],"accept":["application/json"],"sec-ch-ua":["\"Chromium\";v=\"142\", \"Google Chrome\";v=\"142\", \"Not_A Brand\";v=\"99\""],"content-type":["application/json"],"sec-ch-ua-mobile":["?0"],"origin":["http://localhost"],"sec-fetch-site":["same-origin"],"sec-fetch-mode":["cors"],"sec-fetch-dest":["empty"],"referer":["http://localhost/"],"accept-encoding":["gzip, deflate, br, zstd"],"accept-language":["ru-RU,ru;q=0.9,en-US;q=0.8,en;q=0.7"],"cookie":["remember_web_59ba36addc2b2f9401580f014c7f58ea4e30989d=eyJpdiI6IitGb2wvTkZVRnYxOWV1QmRobzBZSmc9PSIsInZhbHVlIjoiYm5KR29iQ0E0SmdxdUN5ZGJGQ2kyQmQvdU9ibWVMR0hoa1dIbzlIQzBaakZjM0NISjdqcXBDakpWd3RwYVZPM3Q0VXlJWWQzMWw1SkJoTmxmMzBScllBdWtvZk1VT1JYWWFPUUFWQ3ZzTkpZSndWaDczYVJBdWV1T3R0bjlmbXA3d0dlMDJWSm5sRXFnYk1pdGtuSlB2ZUF1aVVOT28zQVBrdmRXMk8wYXdPVDE4ZGs0UnNWclZVeW1tcUxQM0tqbEJ6ZVllZTBrSmdrWnRBM3BmTHNacnhORmFna1lXNm5IbW16VldMcnhKTT0iLCJtYWMiOiIyOWIyNjExYzIzY2RhZWI4MzdjMTMxZGY5MmU2NGI2MzIwMzc3Y2U4M2U1NTdjNTczMDg0ODA5YTJiNDhmYmQ1IiwidGFnIjoiIn0%3D; operator_client_id=eyJpdiI6Ilc3UFBRTEhlKzBhdDkzT0wvOGJhcGc9PSIsInZhbHVlIjoiaHNXdzZYbCtNZ2ZFdUdyQjAzTG9idWxLVlZKNmZYMHE4STU2RFNKTmlobWhZSVNuN2dTcDhYK1BHOFRyRDU2SyIsIm1hYyI6IjU1ZjcyMTY0NWEzMDRhZGU5ZWUxNjlhNWUyYTBjYjI3NjJkZjYwODg4YjkxODVlNWQxMDFlNjY3Yjk3MTI4YzgiLCJ0YWciOiIifQ%3D%3D; current_hotel_id=eyJpdiI6ImpZL3BPMEI2eXIzUC9yR0daMlhhTEE9PSIsInZhbHVlIjoiS0FLc1hyd1I5ZFFvRk5QcEliUFhsS1c1YjlnNFk1VDZiVFdlak5INFhFTmhoUmo5UXlzY1ExZkpZTHpDSUEwayIsIm1hYyI6IjhjYTE0ZDEwNmNhNDBlNGRjZjlkYTYxZWNkMjA5OGUxODRiZGIwNDk3NTk3M2MxODE4Y2I5NjFiMTUxZmY1NmMiLCJ0YWciOiIifQ%3D%3D; XSRF-TOKEN=eyJpdiI6InpWSzd6d1BTaWRYRytOb3NHTGlJRmc9PSIsInZhbHVlIjoiTE4wSkhKMnZuZ1lYeUd2QkRUSFNveTJ6ZS80aDZuNWFvOHNRRzgyZTd6cWI3c1JET3BkRkJNb3Jxc25XVllOa2hNL0ZNNEZ4aStUVTk2MjJQakpScDhGR0Y2emtibngrNlBCTnlDYm11YkhaN0NlRjFhdnNUOW1UZVMwTWVtbDMiLCJtYWMiOiIwMGZkNTI2ZmI4YTIzZTRhOGRiZGI0MjIxMTdiZjczNTBkNTI5Zjg5YmM1ZTM0ZjE3NTZjNzdiYjM2OTMyOGUzIiwidGFnIjoiIn0%3D; laravel-session=eyJpdiI6Ill5MDNDcitVd0tpZVdhdk9yYmYwUFE9PSIsInZhbHVlIjoiVHNHM0orSnVES1BMMlU0NzB2Nkh0SGtwTndPVTJDeW9ZcDI2QzlNQ0xma05venJMdmdZa0Zqdi83eEQ3V0xic09EdVVER2xCV1grMWhXSmhJSEFYV0NMYTZvZ1l0eTNXWm05NXVwZkVpQ2hxUXV0eGczUFJ2SnMrTWtoRVhLWXciLCJtYWMiOiI2ZDE2ZDJhYjZkZDUwZTY5NGFmZTkyODIwMDIyZTQxNGZjYTNmOGQ0N2JlZTI0NzUwZTEyMmJkZjRhZjA2MjAxIiwidGFnIjoiIn0%3D"]},"cookies":{"remember_web_59ba36addc2b2f9401580f014c7f58ea4e30989d":"eyJpdiI6IitGb2wvTkZVRnYxOWV1QmRobzBZSmc9PSIsInZhbHVlIjoiYm5KR29iQ0E0SmdxdUN5ZGJGQ2kyQmQvdU9ibWVMR0hoa1dIbzlIQzBaakZjM0NISjdqcXBDakpWd3RwYVZPM3Q0VXlJWWQzMWw1SkJoTmxmMzBScllBdWtvZk1VT1JYWWFPUUFWQ3ZzTkpZSndWaDczYVJBdWV1T3R0bjlmbXA3d0dlMDJWSm5sRXFnYk1pdGtuSlB2ZUF1aVVOT28zQVBrdmRXMk8wYXdPVDE4ZGs0UnNWclZVeW1tcUxQM0tqbEJ6ZVllZTBrSmdrWnRBM3BmTHNacnhORmFna1lXNm5IbW16VldMcnhKTT0iLCJtYWMiOiIyOWIyNjExYzIzY2RhZWI4MzdjMTMxZGY5MmU2NGI2MzIwMzc3Y2U4M2U1NTdjNTczMDg0ODA5YTJiNDhmYmQ1IiwidGFnIjoiIn0=","operator_client_id":"eyJpdiI6Ilc3UFBRTEhlKzBhdDkzT0wvOGJhcGc9PSIsInZhbHVlIjoiaHNXdzZYbCtNZ2ZFdUdyQjAzTG9idWxLVlZKNmZYMHE4STU2RFNKTmlobWhZSVNuN2dTcDhYK1BHOFRyRDU2SyIsIm1hYyI6IjU1ZjcyMTY0NWEzMDRhZGU5ZWUxNjlhNWUyYTBjYjI3NjJkZjYwODg4YjkxODVlNWQxMDFlNjY3Yjk3MTI4YzgiLCJ0YWciOiIifQ==","current_hotel_id":"eyJpdiI6ImpZL3BPMEI2eXIzUC9yR0daMlhhTEE9PSIsInZhbHVlIjoiS0FLc1hyd1I5ZFFvRk5QcEliUFhsS1c1YjlnNFk1VDZiVFdlak5INFhFTmhoUmo5UXlzY1ExZkpZTHpDSUEwayIsIm1hYyI6IjhjYTE0ZDEwNmNhNDBlNGRjZjlkYTYxZWNkMjA5OGUxODRiZGIwNDk3NTk3M2MxODE4Y2I5NjFiMTUxZmY1NmMiLCJ0YWciOiIifQ==","XSRF-TOKEN":"eyJpdiI6InpWSzd6d1BTaWRYRytOb3NHTGlJRmc9PSIsInZhbHVlIjoiTE4wSkhKMnZuZ1lYeUd2QkRUSFNveTJ6ZS80aDZuNWFvOHNRRzgyZTd6cWI3c1JET3BkRkJNb3Jxc25XVllOa2hNL0ZNNEZ4aStUVTk2MjJQakpScDhGR0Y2emtibngrNlBCTnlDYm11YkhaN0NlRjFhdnNUOW1UZVMwTWVtbDMiLCJtYWMiOiIwMGZkNTI2ZmI4YTIzZTRhOGRiZGI0MjIxMTdiZjczNTBkNTI5Zjg5YmM1ZTM0ZjE3NTZjNzdiYjM2OTMyOGUzIiwidGFnIjoiIn0=","laravel-session":"eyJpdiI6Ill5MDNDcitVd0tpZVdhdk9yYmYwUFE9PSIsInZhbHVlIjoiVHNHM0orSnVES1BMMlU0NzB2Nkh0SGtwTndPVTJDeW9ZcDI2QzlNQ0xma05venJMdmdZa0Zqdi83eEQ3V0xic09EdVVER2xCV1grMWhXSmhJSEFYV0NMYTZvZ1l0eTNXWm05NXVwZkVpQ2hxUXV0eGczUFJ2SnMrTWtoRVhLWXciLCJtYWMiOiI2ZDE2ZDJhYjZkZDUwZTY5NGFmZTkyODIwMDIyZTQxNGZjYTNmOGQ0N2JlZTI0NzUwZTEyMmJkZjRhZjA2MjAxIiwidGFnIjoiIn0="}} 
[2025-12-03 13:42:05] local.INFO: LogRequests middleware called {"url":"http://localhost/api/auth/logout","method":"POST","headers":{"host":["localhost"],"connection":["keep-alive"],"content-length":["2"],"sec-ch-ua-platform":["\"Windows\""],"authorization":["Bearer 18|HNfavwHAQyZjwewUTOsuyNvQZ7GikSgJ3R8NwmxX04c2735f"],"user-agent":["Mozilla/5.0 (Windows NT 10.0; Win64; x64) AppleWebKit/537.36 (KHTML, like Gecko) Chrome/142.0.0.0 Safari/537.36"],"accept":["application/json"],"sec-ch-ua":["\"Chromium\";v=\"142\", \"Google Chrome\";v=\"142\", \"Not_A Brand\";v=\"99\""],"content-type":["application/json"],"sec-ch-ua-mobile":["?0"],"origin":["http://localhost"],"sec-fetch-site":["same-origin"],"sec-fetch-mode":["cors"],"sec-fetch-dest":["empty"],"referer":["http://localhost/"],"accept-encoding":["gzip, deflate, br, zstd"],"accept-language":["ru-RU,ru;q=0.9,en-US;q=0.8,en;q=0.7"],"cookie":["remember_web_59ba36addc2b2f9401580f014c7f58ea4e30989d=eyJpdiI6IitGb2wvTkZVRnYxOWV1QmRobzBZSmc9PSIsInZhbHVlIjoiYm5KR29iQ0E0SmdxdUN5ZGJGQ2kyQmQvdU9ibWVMR0hoa1dIbzlIQzBaakZjM0NISjdqcXBDakpWd3RwYVZPM3Q0VXlJWWQzMWw1SkJoTmxmMzBScllBdWtvZk1VT1JYWWFPUUFWQ3ZzTkpZSndWaDczYVJBdWV1T3R0bjlmbXA3d0dlMDJWSm5sRXFnYk1pdGtuSlB2ZUF1aVVOT28zQVBrdmRXMk8wYXdPVDE4ZGs0UnNWclZVeW1tcUxQM0tqbEJ6ZVllZTBrSmdrWnRBM3BmTHNacnhORmFna1lXNm5IbW16VldMcnhKTT0iLCJtYWMiOiIyOWIyNjExYzIzY2RhZWI4MzdjMTMxZGY5MmU2NGI2MzIwMzc3Y2U4M2U1NTdjNTczMDg0ODA5YTJiNDhmYmQ1IiwidGFnIjoiIn0%3D; operator_client_id=eyJpdiI6Ilc3UFBRTEhlKzBhdDkzT0wvOGJhcGc9PSIsInZhbHVlIjoiaHNXdzZYbCtNZ2ZFdUdyQjAzTG9idWxLVlZKNmZYMHE4STU2RFNKTmlobWhZSVNuN2dTcDhYK1BHOFRyRDU2SyIsIm1hYyI6IjU1ZjcyMTY0NWEzMDRhZGU5ZWUxNjlhNWUyYTBjYjI3NjJkZjYwODg4YjkxODVlNWQxMDFlNjY3Yjk3MTI4YzgiLCJ0YWciOiIifQ%3D%3D; current_hotel_id=eyJpdiI6ImpZL3BPMEI2eXIzUC9yR0daMlhhTEE9PSIsInZhbHVlIjoiS0FLc1hyd1I5ZFFvRk5QcEliUFhsS1c1YjlnNFk1VDZiVFdlak5INFhFTmhoUmo5UXlzY1ExZkpZTHpDSUEwayIsIm1hYyI6IjhjYTE0ZDEwNmNhNDBlNGRjZjlkYTYxZWNkMjA5OGUxODRiZGIwNDk3NTk3M2MxODE4Y2I5NjFiMTUxZmY1NmMiLCJ0YWciOiIifQ%3D%3D; XSRF-TOKEN=eyJpdiI6InpWSzd6d1BTaWRYRytOb3NHTGlJRmc9PSIsInZhbHVlIjoiTE4wSkhKMnZuZ1lYeUd2QkRUSFNveTJ6ZS80aDZuNWFvOHNRRzgyZTd6cWI3c1JET3BkRkJNb3Jxc25XVllOa2hNL0ZNNEZ4aStUVTk2MjJQakpScDhGR0Y2emtibngrNlBCTnlDYm11YkhaN0NlRjFhdnNUOW1UZVMwTWVtbDMiLCJtYWMiOiIwMGZkNTI2ZmI4YTIzZTRhOGRiZGI0MjIxMTdiZjczNTBkNTI5Zjg5YmM1ZTM0ZjE3NTZjNzdiYjM2OTMyOGUzIiwidGFnIjoiIn0%3D; laravel-session=eyJpdiI6Ill5MDNDcitVd0tpZVdhdk9yYmYwUFE9PSIsInZhbHVlIjoiVHNHM0orSnVES1BMMlU0NzB2Nkh0SGtwTndPVTJDeW9ZcDI2QzlNQ0xma05venJMdmdZa0Zqdi83eEQ3V0xic09EdVVER2xCV1grMWhXSmhJSEFYV0NMYTZvZ1l0eTNXWm05NXVwZkVpQ2hxUXV0eGczUFJ2SnMrTWtoRVhLWXciLCJtYWMiOiI2ZDE2ZDJhYjZkZDUwZTY5NGFmZTkyODIwMDIyZTQxNGZjYTNmOGQ0N2JlZTI0NzUwZTEyMmJkZjRhZjA2MjAxIiwidGFnIjoiIn0%3D"]},"cookies":{"remember_web_59ba36addc2b2f9401580f014c7f58ea4e30989d":"eyJpdiI6IitGb2wvTkZVRnYxOWV1QmRobzBZSmc9PSIsInZhbHVlIjoiYm5KR29iQ0E0SmdxdUN5ZGJGQ2kyQmQvdU9ibWVMR0hoa1dIbzlIQzBaakZjM0NISjdqcXBDakpWd3RwYVZPM3Q0VXlJWWQzMWw1SkJoTmxmMzBScllBdWtvZk1VT1JYWWFPUUFWQ3ZzTkpZSndWaDczYVJBdWV1T3R0bjlmbXA3d0dlMDJWSm5sRXFnYk1pdGtuSlB2ZUF1aVVOT28zQVBrdmRXMk8wYXdPVDE4ZGs0UnNWclZVeW1tcUxQM0tqbEJ6ZVllZTBrSmdrWnRBM3BmTHNacnhORmFna1lXNm5IbW16VldMcnhKTT0iLCJtYWMiOiIyOWIyNjExYzIzY2RhZWI4MzdjMTMxZGY5MmU2NGI2MzIwMzc3Y2U4M2U1NTdjNTczMDg0ODA5YTJiNDhmYmQ1IiwidGFnIjoiIn0=","operator_client_id":"eyJpdiI6Ilc3UFBRTEhlKzBhdDkzT0wvOGJhcGc9PSIsInZhbHVlIjoiaHNXdzZYbCtNZ2ZFdUdyQjAzTG9idWxLVlZKNmZYMHE4STU2RFNKTmlobWhZSVNuN2dTcDhYK1BHOFRyRDU2SyIsIm1hYyI6IjU1ZjcyMTY0NWEzMDRhZGU5ZWUxNjlhNWUyYTBjYjI3NjJkZjYwODg4YjkxODVlNWQxMDFlNjY3Yjk3MTI4YzgiLCJ0YWciOiIifQ==","current_hotel_id":"eyJpdiI6ImpZL3BPMEI2eXIzUC9yR0daMlhhTEE9PSIsInZhbHVlIjoiS0FLc1hyd1I5ZFFvRk5QcEliUFhsS1c1YjlnNFk1VDZiVFdlak5INFhFTmhoUmo5UXlzY1ExZkpZTHpDSUEwayIsIm1hYyI6IjhjYTE0ZDEwNmNhNDBlNGRjZjlkYTYxZWNkMjA5OGUxODRiZGIwNDk3NTk3M2MxODE4Y2I5NjFiMTUxZmY1NmMiLCJ0YWciOiIifQ==","XSRF-TOKEN":"eyJpdiI6InpWSzd6d1BTaWRYRytOb3NHTGlJRmc9PSIsInZhbHVlIjoiTE4wSkhKMnZuZ1lYeUd2QkRUSFNveTJ6ZS80aDZuNWFvOHNRRzgyZTd6cWI3c1JET3BkRkJNb3Jxc25XVllOa2hNL0ZNNEZ4aStUVTk2MjJQakpScDhGR0Y2emtibngrNlBCTnlDYm11YkhaN0NlRjFhdnNUOW1UZVMwTWVtbDMiLCJtYWMiOiIwMGZkNTI2ZmI4YTIzZTRhOGRiZGI0MjIxMTdiZjczNTBkNTI5Zjg5YmM1ZTM0ZjE3NTZjNzdiYjM2OTMyOGUzIiwidGFnIjoiIn0=","laravel-session":"eyJpdiI6Ill5MDNDcitVd0tpZVdhdk9yYmYwUFE9PSIsInZhbHVlIjoiVHNHM0orSnVES1BMMlU0NzB2Nkh0SGtwTndPVTJDeW9ZcDI2QzlNQ0xma05venJMdmdZa0Zqdi83eEQ3V0xic09EdVVER2xCV1grMWhXSmhJSEFYV0NMYTZvZ1l0eTNXWm05NXVwZkVpQ2hxUXV0eGczUFJ2SnMrTWtoRVhLWXciLCJtYWMiOiI2ZDE2ZDJhYjZkZDUwZTY5NGFmZTkyODIwMDIyZTQxNGZjYTNmOGQ0N2JlZTI0NzUwZTEyMmJkZjRhZjA2MjAxIiwidGFnIjoiIn0="}} 
[2025-12-03 14:50:28] local.INFO: LogRequests middleware called {"url":"http://localhost/api/auth/login","method":"POST","headers":{"host":["localhost"],"connection":["keep-alive"],"content-length":["52"],"sec-ch-ua-platform":["\"Windows\""],"user-agent":["Mozilla/5.0 (Windows NT 10.0; Win64; x64) AppleWebKit/537.36 (KHTML, like Gecko) Chrome/142.0.0.0 Safari/537.36"],"accept":["application/json"],"sec-ch-ua":["\"Chromium\";v=\"142\", \"Google Chrome\";v=\"142\", \"Not_A Brand\";v=\"99\""],"content-type":["application/json"],"sec-ch-ua-mobile":["?0"],"origin":["http://localhost"],"sec-fetch-site":["same-origin"],"sec-fetch-mode":["cors"],"sec-fetch-dest":["empty"],"referer":["http://localhost/"],"accept-encoding":["gzip, deflate, br, zstd"],"accept-language":["ru-RU,ru;q=0.9,en-US;q=0.8,en;q=0.7"],"cookie":["remember_web_59ba36addc2b2f9401580f014c7f58ea4e30989d=eyJpdiI6IitGb2wvTkZVRnYxOWV1QmRobzBZSmc9PSIsInZhbHVlIjoiYm5KR29iQ0E0SmdxdUN5ZGJGQ2kyQmQvdU9ibWVMR0hoa1dIbzlIQzBaakZjM0NISjdqcXBDakpWd3RwYVZPM3Q0VXlJWWQzMWw1SkJoTmxmMzBScllBdWtvZk1VT1JYWWFPUUFWQ3ZzTkpZSndWaDczYVJBdWV1T3R0bjlmbXA3d0dlMDJWSm5sRXFnYk1pdGtuSlB2ZUF1aVVOT28zQVBrdmRXMk8wYXdPVDE4ZGs0UnNWclZVeW1tcUxQM0tqbEJ6ZVllZTBrSmdrWnRBM3BmTHNacnhORmFna1lXNm5IbW16VldMcnhKTT0iLCJtYWMiOiIyOWIyNjExYzIzY2RhZWI4MzdjMTMxZGY5MmU2NGI2MzIwMzc3Y2U4M2U1NTdjNTczMDg0ODA5YTJiNDhmYmQ1IiwidGFnIjoiIn0%3D; operator_client_id=eyJpdiI6Ilc3UFBRTEhlKzBhdDkzT0wvOGJhcGc9PSIsInZhbHVlIjoiaHNXdzZYbCtNZ2ZFdUdyQjAzTG9idWxLVlZKNmZYMHE4STU2RFNKTmlobWhZSVNuN2dTcDhYK1BHOFRyRDU2SyIsIm1hYyI6IjU1ZjcyMTY0NWEzMDRhZGU5ZWUxNjlhNWUyYTBjYjI3NjJkZjYwODg4YjkxODVlNWQxMDFlNjY3Yjk3MTI4YzgiLCJ0YWciOiIifQ%3D%3D; current_hotel_id=eyJpdiI6ImpZL3BPMEI2eXIzUC9yR0daMlhhTEE9PSIsInZhbHVlIjoiS0FLc1hyd1I5ZFFvRk5QcEliUFhsS1c1YjlnNFk1VDZiVFdlak5INFhFTmhoUmo5UXlzY1ExZkpZTHpDSUEwayIsIm1hYyI6IjhjYTE0ZDEwNmNhNDBlNGRjZjlkYTYxZWNkMjA5OGUxODRiZGIwNDk3NTk3M2MxODE4Y2I5NjFiMTUxZmY1NmMiLCJ0YWciOiIifQ%3D%3D; XSRF-TOKEN=eyJpdiI6IjB2b3hablZYOThjcjcvZktpbVdDdWc9PSIsInZhbHVlIjoid1JkSkdST2JVTEdxYVFlblpDWDk4ZHhxYVRCOTM0U0dpbFAyN2RWVHJzMUE1dlFkM2JYL081ZzRBVzhWRzlQdkVVNXpQSnU2VWdKNS9DUXNhUWoxYUVsL0RTR0N0SUpIWFQwMFhVMDFBOG91RXBDZVNrVGx6THNSdytRTlErWHciLCJtYWMiOiJhMjA2Njc2MmVjN2RmMDlkNzk2ZDdmNjdiMGE2YWJiMTNlOGYzMTcwNGEyZWNlZWE1ZGRhZWIzZDY2MDVkNjUxIiwidGFnIjoiIn0%3D; laravel-session=eyJpdiI6ImJHQlQzSVhNU3VwVm5rcXA0SmQ5NXc9PSIsInZhbHVlIjoiRVVFYXdSVThOMHZZTXNiYVdUZlViRHlIL0Nja3pZRDNHdE1NSzU4ZHVtQTU4d25MeUQ1cjhzNlpaNEJHM1haK3lsVGJ2Y1RiczRqNkV1M0N4TzAybW8wWjB0SzJpS1NRVTdoQVBUVXJ0bXVHaEMxb2NOWWxmbFIvdUFXcjRxQzgiLCJtYWMiOiI1MzRiMWM0ODAwNTkyM2E1ZjA3ZmRmN2RkMzQyMmRmN2EwMDFjZWYzN2Q1ZjdjM2FjOGE0M2VjOTZlYTFkYTMwIiwidGFnIjoiIn0%3D"]},"cookies":{"remember_web_59ba36addc2b2f9401580f014c7f58ea4e30989d":"eyJpdiI6IitGb2wvTkZVRnYxOWV1QmRobzBZSmc9PSIsInZhbHVlIjoiYm5KR29iQ0E0SmdxdUN5ZGJGQ2kyQmQvdU9ibWVMR0hoa1dIbzlIQzBaakZjM0NISjdqcXBDakpWd3RwYVZPM3Q0VXlJWWQzMWw1SkJoTmxmMzBScllBdWtvZk1VT1JYWWFPUUFWQ3ZzTkpZSndWaDczYVJBdWV1T3R0bjlmbXA3d0dlMDJWSm5sRXFnYk1pdGtuSlB2ZUF1aVVOT28zQVBrdmRXMk8wYXdPVDE4ZGs0UnNWclZVeW1tcUxQM0tqbEJ6ZVllZTBrSmdrWnRBM3BmTHNacnhORmFna1lXNm5IbW16VldMcnhKTT0iLCJtYWMiOiIyOWIyNjExYzIzY2RhZWI4MzdjMTMxZGY5MmU2NGI2MzIwMzc3Y2U4M2U1NTdjNTczMDg0ODA5YTJiNDhmYmQ1IiwidGFnIjoiIn0=","operator_client_id":"eyJpdiI6Ilc3UFBRTEhlKzBhdDkzT0wvOGJhcGc9PSIsInZhbHVlIjoiaHNXdzZYbCtNZ2ZFdUdyQjAzTG9idWxLVlZKNmZYMHE4STU2RFNKTmlobWhZSVNuN2dTcDhYK1BHOFRyRDU2SyIsIm1hYyI6IjU1ZjcyMTY0NWEzMDRhZGU5ZWUxNjlhNWUyYTBjYjI3NjJkZjYwODg4YjkxODVlNWQxMDFlNjY3Yjk3MTI4YzgiLCJ0YWciOiIifQ==","current_hotel_id":"eyJpdiI6ImpZL3BPMEI2eXIzUC9yR0daMlhhTEE9PSIsInZhbHVlIjoiS0FLc1hyd1I5ZFFvRk5QcEliUFhsS1c1YjlnNFk1VDZiVFdlak5INFhFTmhoUmo5UXlzY1ExZkpZTHpDSUEwayIsIm1hYyI6IjhjYTE0ZDEwNmNhNDBlNGRjZjlkYTYxZWNkMjA5OGUxODRiZGIwNDk3NTk3M2MxODE4Y2I5NjFiMTUxZmY1NmMiLCJ0YWciOiIifQ==","XSRF-TOKEN":"eyJpdiI6IjB2b3hablZYOThjcjcvZktpbVdDdWc9PSIsInZhbHVlIjoid1JkSkdST2JVTEdxYVFlblpDWDk4ZHhxYVRCOTM0U0dpbFAyN2RWVHJzMUE1dlFkM2JYL081ZzRBVzhWRzlQdkVVNXpQSnU2VWdKNS9DUXNhUWoxYUVsL0RTR0N0SUpIWFQwMFhVMDFBOG91RXBDZVNrVGx6THNSdytRTlErWHciLCJtYWMiOiJhMjA2Njc2MmVjN2RmMDlkNzk2ZDdmNjdiMGE2YWJiMTNlOGYzMTcwNGEyZWNlZWE1ZGRhZWIzZDY2MDVkNjUxIiwidGFnIjoiIn0=","laravel-session":"eyJpdiI6ImJHQlQzSVhNU3VwVm5rcXA0SmQ5NXc9PSIsInZhbHVlIjoiRVVFYXdSVThOMHZZTXNiYVdUZlViRHlIL0Nja3pZRDNHdE1NSzU4ZHVtQTU4d25MeUQ1cjhzNlpaNEJHM1haK3lsVGJ2Y1RiczRqNkV1M0N4TzAybW8wWjB0SzJpS1NRVTdoQVBUVXJ0bXVHaEMxb2NOWWxmbFIvdUFXcjRxQzgiLCJtYWMiOiI1MzRiMWM0ODAwNTkyM2E1ZjA3ZmRmN2RkMzQyMmRmN2EwMDFjZWYzN2Q1ZjdjM2FjOGE0M2VjOTZlYTFkYTMwIiwidGFnIjoiIn0="}} 
[2025-12-03 15:22:34] local.INFO: LogRequests middleware called {"url":"http://localhost/api/auth/logout","method":"POST","headers":{"host":["localhost"],"connection":["keep-alive"],"content-length":["2"],"sec-ch-ua-platform":["\"Windows\""],"authorization":["Bearer 19|syzoWYfCYwp21DUzyXBFW5hzVQmaln1KNixrwreI70dc4fcd"],"user-agent":["Mozilla/5.0 (Windows NT 10.0; Win64; x64) AppleWebKit/537.36 (KHTML, like Gecko) Chrome/142.0.0.0 Safari/537.36"],"accept":["application/json"],"sec-ch-ua":["\"Chromium\";v=\"142\", \"Google Chrome\";v=\"142\", \"Not_A Brand\";v=\"99\""],"content-type":["application/json"],"sec-ch-ua-mobile":["?0"],"origin":["http://localhost"],"sec-fetch-site":["same-origin"],"sec-fetch-mode":["cors"],"sec-fetch-dest":["empty"],"referer":["http://localhost/"],"accept-encoding":["gzip, deflate, br, zstd"],"accept-language":["ru-RU,ru;q=0.9,en-US;q=0.8,en;q=0.7"],"cookie":["remember_web_59ba36addc2b2f9401580f014c7f58ea4e30989d=eyJpdiI6IitGb2wvTkZVRnYxOWV1QmRobzBZSmc9PSIsInZhbHVlIjoiYm5KR29iQ0E0SmdxdUN5ZGJGQ2kyQmQvdU9ibWVMR0hoa1dIbzlIQzBaakZjM0NISjdqcXBDakpWd3RwYVZPM3Q0VXlJWWQzMWw1SkJoTmxmMzBScllBdWtvZk1VT1JYWWFPUUFWQ3ZzTkpZSndWaDczYVJBdWV1T3R0bjlmbXA3d0dlMDJWSm5sRXFnYk1pdGtuSlB2ZUF1aVVOT28zQVBrdmRXMk8wYXdPVDE4ZGs0UnNWclZVeW1tcUxQM0tqbEJ6ZVllZTBrSmdrWnRBM3BmTHNacnhORmFna1lXNm5IbW16VldMcnhKTT0iLCJtYWMiOiIyOWIyNjExYzIzY2RhZWI4MzdjMTMxZGY5MmU2NGI2MzIwMzc3Y2U4M2U1NTdjNTczMDg0ODA5YTJiNDhmYmQ1IiwidGFnIjoiIn0%3D; operator_client_id=eyJpdiI6Ilc3UFBRTEhlKzBhdDkzT0wvOGJhcGc9PSIsInZhbHVlIjoiaHNXdzZYbCtNZ2ZFdUdyQjAzTG9idWxLVlZKNmZYMHE4STU2RFNKTmlobWhZSVNuN2dTcDhYK1BHOFRyRDU2SyIsIm1hYyI6IjU1ZjcyMTY0NWEzMDRhZGU5ZWUxNjlhNWUyYTBjYjI3NjJkZjYwODg4YjkxODVlNWQxMDFlNjY3Yjk3MTI4YzgiLCJ0YWciOiIifQ%3D%3D; current_hotel_id=eyJpdiI6ImpZL3BPMEI2eXIzUC9yR0daMlhhTEE9PSIsInZhbHVlIjoiS0FLc1hyd1I5ZFFvRk5QcEliUFhsS1c1YjlnNFk1VDZiVFdlak5INFhFTmhoUmo5UXlzY1ExZkpZTHpDSUEwayIsIm1hYyI6IjhjYTE0ZDEwNmNhNDBlNGRjZjlkYTYxZWNkMjA5OGUxODRiZGIwNDk3NTk3M2MxODE4Y2I5NjFiMTUxZmY1NmMiLCJ0YWciOiIifQ%3D%3D; XSRF-TOKEN=eyJpdiI6IkF4N2xUTHdKYTNPemsxTUpwTmRSOXc9PSIsInZhbHVlIjoiTkVheGxqNWJhREhZRVM3c3JrMmlTaXJZVVp1V0FVV3BrbEFRcGh3M2t2Y011enNWdGVtNkduY0RUVFowdE1qTHUxTDRRTDJnQ0NqQ2UyYTVqaHhHSVhpcE9wU3R0MkxyMW9rcWQwTVhHMCt4cC9vK0tPSVFObDZYZzlVRmlXajkiLCJtYWMiOiI2ZTBkNGNmY2ZmODU1YmQ1ZTdmZjMxNTcwZTJjYjVjZTA4ZTE2Zjg0MWJkM2Q0ZjJhMzk1NGFlZDc2NDcxODBjIiwidGFnIjoiIn0%3D; laravel-session=eyJpdiI6InBXN290QXFWY3NZTzUwOTJrUjh3M0E9PSIsInZhbHVlIjoiQlJjUHZYQWtkWnFhYWVPUG00aXhiM2hJai9tUHYrRkNRNnNiVzBKYTA1RVQ4eEtGRFEwaWF4MStoZWlFY1BZcGVxZWtnbXlvU0FpYm5MSFBuRjdhdlJ5SmlqRFp0TFQ1L0Rmb2Uya0dyV1ZDTnREZ0FwWXBLWDRlVjNib0tlVDQiLCJtYWMiOiI2OTgyMzU3ZDZhNGU3MDJmNTk0MmU0NDdmNzgxMzVjZDc3OTBmNWFhNjhiZWM2NGIzYzA4MGYzMTZkZDQ0MmJlIiwidGFnIjoiIn0%3D"]},"cookies":{"remember_web_59ba36addc2b2f9401580f014c7f58ea4e30989d":"eyJpdiI6IitGb2wvTkZVRnYxOWV1QmRobzBZSmc9PSIsInZhbHVlIjoiYm5KR29iQ0E0SmdxdUN5ZGJGQ2kyQmQvdU9ibWVMR0hoa1dIbzlIQzBaakZjM0NISjdqcXBDakpWd3RwYVZPM3Q0VXlJWWQzMWw1SkJoTmxmMzBScllBdWtvZk1VT1JYWWFPUUFWQ3ZzTkpZSndWaDczYVJBdWV1T3R0bjlmbXA3d0dlMDJWSm5sRXFnYk1pdGtuSlB2ZUF1aVVOT28zQVBrdmRXMk8wYXdPVDE4ZGs0UnNWclZVeW1tcUxQM0tqbEJ6ZVllZTBrSmdrWnRBM3BmTHNacnhORmFna1lXNm5IbW16VldMcnhKTT0iLCJtYWMiOiIyOWIyNjExYzIzY2RhZWI4MzdjMTMxZGY5MmU2NGI2MzIwMzc3Y2U4M2U1NTdjNTczMDg0ODA5YTJiNDhmYmQ1IiwidGFnIjoiIn0=","operator_client_id":"eyJpdiI6Ilc3UFBRTEhlKzBhdDkzT0wvOGJhcGc9PSIsInZhbHVlIjoiaHNXdzZYbCtNZ2ZFdUdyQjAzTG9idWxLVlZKNmZYMHE4STU2RFNKTmlobWhZSVNuN2dTcDhYK1BHOFRyRDU2SyIsIm1hYyI6IjU1ZjcyMTY0NWEzMDRhZGU5ZWUxNjlhNWUyYTBjYjI3NjJkZjYwODg4YjkxODVlNWQxMDFlNjY3Yjk3MTI4YzgiLCJ0YWciOiIifQ==","current_hotel_id":"eyJpdiI6ImpZL3BPMEI2eXIzUC9yR0daMlhhTEE9PSIsInZhbHVlIjoiS0FLc1hyd1I5ZFFvRk5QcEliUFhsS1c1YjlnNFk1VDZiVFdlak5INFhFTmhoUmo5UXlzY1ExZkpZTHpDSUEwayIsIm1hYyI6IjhjYTE0ZDEwNmNhNDBlNGRjZjlkYTYxZWNkMjA5OGUxODRiZGIwNDk3NTk3M2MxODE4Y2I5NjFiMTUxZmY1NmMiLCJ0YWciOiIifQ==","XSRF-TOKEN":"eyJpdiI6IkF4N2xUTHdKYTNPemsxTUpwTmRSOXc9PSIsInZhbHVlIjoiTkVheGxqNWJhREhZRVM3c3JrMmlTaXJZVVp1V0FVV3BrbEFRcGh3M2t2Y011enNWdGVtNkduY0RUVFowdE1qTHUxTDRRTDJnQ0NqQ2UyYTVqaHhHSVhpcE9wU3R0MkxyMW9rcWQwTVhHMCt4cC9vK0tPSVFObDZYZzlVRmlXajkiLCJtYWMiOiI2ZTBkNGNmY2ZmODU1YmQ1ZTdmZjMxNTcwZTJjYjVjZTA4ZTE2Zjg0MWJkM2Q0ZjJhMzk1NGFlZDc2NDcxODBjIiwidGFnIjoiIn0=","laravel-session":"eyJpdiI6InBXN290QXFWY3NZTzUwOTJrUjh3M0E9PSIsInZhbHVlIjoiQlJjUHZYQWtkWnFhYWVPUG00aXhiM2hJai9tUHYrRkNRNnNiVzBKYTA1RVQ4eEtGRFEwaWF4MStoZWlFY1BZcGVxZWtnbXlvU0FpYm5MSFBuRjdhdlJ5SmlqRFp0TFQ1L0Rmb2Uya0dyV1ZDTnREZ0FwWXBLWDRlVjNib0tlVDQiLCJtYWMiOiI2OTgyMzU3ZDZhNGU3MDJmNTk0MmU0NDdmNzgxMzVjZDc3OTBmNWFhNjhiZWM2NGIzYzA4MGYzMTZkZDQ0MmJlIiwidGFnIjoiIn0="}} 
[2025-12-03 15:22:41] local.INFO: LogRequests middleware called {"url":"http://localhost/api/auth/login","method":"POST","headers":{"host":["localhost"],"connection":["keep-alive"],"content-length":["52"],"sec-ch-ua-platform":["\"Windows\""],"user-agent":["Mozilla/5.0 (Windows NT 10.0; Win64; x64) AppleWebKit/537.36 (KHTML, like Gecko) Chrome/142.0.0.0 Safari/537.36"],"accept":["application/json"],"sec-ch-ua":["\"Chromium\";v=\"142\", \"Google Chrome\";v=\"142\", \"Not_A Brand\";v=\"99\""],"content-type":["application/json"],"sec-ch-ua-mobile":["?0"],"origin":["http://localhost"],"sec-fetch-site":["same-origin"],"sec-fetch-mode":["cors"],"sec-fetch-dest":["empty"],"referer":["http://localhost/"],"accept-encoding":["gzip, deflate, br, zstd"],"accept-language":["ru-RU,ru;q=0.9,en-US;q=0.8,en;q=0.7"],"cookie":["remember_web_59ba36addc2b2f9401580f014c7f58ea4e30989d=eyJpdiI6IitGb2wvTkZVRnYxOWV1QmRobzBZSmc9PSIsInZhbHVlIjoiYm5KR29iQ0E0SmdxdUN5ZGJGQ2kyQmQvdU9ibWVMR0hoa1dIbzlIQzBaakZjM0NISjdqcXBDakpWd3RwYVZPM3Q0VXlJWWQzMWw1SkJoTmxmMzBScllBdWtvZk1VT1JYWWFPUUFWQ3ZzTkpZSndWaDczYVJBdWV1T3R0bjlmbXA3d0dlMDJWSm5sRXFnYk1pdGtuSlB2ZUF1aVVOT28zQVBrdmRXMk8wYXdPVDE4ZGs0UnNWclZVeW1tcUxQM0tqbEJ6ZVllZTBrSmdrWnRBM3BmTHNacnhORmFna1lXNm5IbW16VldMcnhKTT0iLCJtYWMiOiIyOWIyNjExYzIzY2RhZWI4MzdjMTMxZGY5MmU2NGI2MzIwMzc3Y2U4M2U1NTdjNTczMDg0ODA5YTJiNDhmYmQ1IiwidGFnIjoiIn0%3D; operator_client_id=eyJpdiI6Ilc3UFBRTEhlKzBhdDkzT0wvOGJhcGc9PSIsInZhbHVlIjoiaHNXdzZYbCtNZ2ZFdUdyQjAzTG9idWxLVlZKNmZYMHE4STU2RFNKTmlobWhZSVNuN2dTcDhYK1BHOFRyRDU2SyIsIm1hYyI6IjU1ZjcyMTY0NWEzMDRhZGU5ZWUxNjlhNWUyYTBjYjI3NjJkZjYwODg4YjkxODVlNWQxMDFlNjY3Yjk3MTI4YzgiLCJ0YWciOiIifQ%3D%3D; current_hotel_id=eyJpdiI6ImpZL3BPMEI2eXIzUC9yR0daMlhhTEE9PSIsInZhbHVlIjoiS0FLc1hyd1I5ZFFvRk5QcEliUFhsS1c1YjlnNFk1VDZiVFdlak5INFhFTmhoUmo5UXlzY1ExZkpZTHpDSUEwayIsIm1hYyI6IjhjYTE0ZDEwNmNhNDBlNGRjZjlkYTYxZWNkMjA5OGUxODRiZGIwNDk3NTk3M2MxODE4Y2I5NjFiMTUxZmY1NmMiLCJ0YWciOiIifQ%3D%3D; XSRF-TOKEN=eyJpdiI6IkF4N2xUTHdKYTNPemsxTUpwTmRSOXc9PSIsInZhbHVlIjoiTkVheGxqNWJhREhZRVM3c3JrMmlTaXJZVVp1V0FVV3BrbEFRcGh3M2t2Y011enNWdGVtNkduY0RUVFowdE1qTHUxTDRRTDJnQ0NqQ2UyYTVqaHhHSVhpcE9wU3R0MkxyMW9rcWQwTVhHMCt4cC9vK0tPSVFObDZYZzlVRmlXajkiLCJtYWMiOiI2ZTBkNGNmY2ZmODU1YmQ1ZTdmZjMxNTcwZTJjYjVjZTA4ZTE2Zjg0MWJkM2Q0ZjJhMzk1NGFlZDc2NDcxODBjIiwidGFnIjoiIn0%3D; laravel-session=eyJpdiI6InBXN290QXFWY3NZTzUwOTJrUjh3M0E9PSIsInZhbHVlIjoiQlJjUHZYQWtkWnFhYWVPUG00aXhiM2hJai9tUHYrRkNRNnNiVzBKYTA1RVQ4eEtGRFEwaWF4MStoZWlFY1BZcGVxZWtnbXlvU0FpYm5MSFBuRjdhdlJ5SmlqRFp0TFQ1L0Rmb2Uya0dyV1ZDTnREZ0FwWXBLWDRlVjNib0tlVDQiLCJtYWMiOiI2OTgyMzU3ZDZhNGU3MDJmNTk0MmU0NDdmNzgxMzVjZDc3OTBmNWFhNjhiZWM2NGIzYzA4MGYzMTZkZDQ0MmJlIiwidGFnIjoiIn0%3D"]},"cookies":{"remember_web_59ba36addc2b2f9401580f014c7f58ea4e30989d":"eyJpdiI6IitGb2wvTkZVRnYxOWV1QmRobzBZSmc9PSIsInZhbHVlIjoiYm5KR29iQ0E0SmdxdUN5ZGJGQ2kyQmQvdU9ibWVMR0hoa1dIbzlIQzBaakZjM0NISjdqcXBDakpWd3RwYVZPM3Q0VXlJWWQzMWw1SkJoTmxmMzBScllBdWtvZk1VT1JYWWFPUUFWQ3ZzTkpZSndWaDczYVJBdWV1T3R0bjlmbXA3d0dlMDJWSm5sRXFnYk1pdGtuSlB2ZUF1aVVOT28zQVBrdmRXMk8wYXdPVDE4ZGs0UnNWclZVeW1tcUxQM0tqbEJ6ZVllZTBrSmdrWnRBM3BmTHNacnhORmFna1lXNm5IbW16VldMcnhKTT0iLCJtYWMiOiIyOWIyNjExYzIzY2RhZWI4MzdjMTMxZGY5MmU2NGI2MzIwMzc3Y2U4M2U1NTdjNTczMDg0ODA5YTJiNDhmYmQ1IiwidGFnIjoiIn0=","operator_client_id":"eyJpdiI6Ilc3UFBRTEhlKzBhdDkzT0wvOGJhcGc9PSIsInZhbHVlIjoiaHNXdzZYbCtNZ2ZFdUdyQjAzTG9idWxLVlZKNmZYMHE4STU2RFNKTmlobWhZSVNuN2dTcDhYK1BHOFRyRDU2SyIsIm1hYyI6IjU1ZjcyMTY0NWEzMDRhZGU5ZWUxNjlhNWUyYTBjYjI3NjJkZjYwODg4YjkxODVlNWQxMDFlNjY3Yjk3MTI4YzgiLCJ0YWciOiIifQ==","current_hotel_id":"eyJpdiI6ImpZL3BPMEI2eXIzUC9yR0daMlhhTEE9PSIsInZhbHVlIjoiS0FLc1hyd1I5ZFFvRk5QcEliUFhsS1c1YjlnNFk1VDZiVFdlak5INFhFTmhoUmo5UXlzY1ExZkpZTHpDSUEwayIsIm1hYyI6IjhjYTE0ZDEwNmNhNDBlNGRjZjlkYTYxZWNkMjA5OGUxODRiZGIwNDk3NTk3M2MxODE4Y2I5NjFiMTUxZmY1NmMiLCJ0YWciOiIifQ==","XSRF-TOKEN":"eyJpdiI6IkF4N2xUTHdKYTNPemsxTUpwTmRSOXc9PSIsInZhbHVlIjoiTkVheGxqNWJhREhZRVM3c3JrMmlTaXJZVVp1V0FVV3BrbEFRcGh3M2t2Y011enNWdGVtNkduY0RUVFowdE1qTHUxTDRRTDJnQ0NqQ2UyYTVqaHhHSVhpcE9wU3R0MkxyMW9rcWQwTVhHMCt4cC9vK0tPSVFObDZYZzlVRmlXajkiLCJtYWMiOiI2ZTBkNGNmY2ZmODU1YmQ1ZTdmZjMxNTcwZTJjYjVjZTA4ZTE2Zjg0MWJkM2Q0ZjJhMzk1NGFlZDc2NDcxODBjIiwidGFnIjoiIn0=","laravel-session":"eyJpdiI6InBXN290QXFWY3NZTzUwOTJrUjh3M0E9PSIsInZhbHVlIjoiQlJjUHZYQWtkWnFhYWVPUG00aXhiM2hJai9tUHYrRkNRNnNiVzBKYTA1RVQ4eEtGRFEwaWF4MStoZWlFY1BZcGVxZWtnbXlvU0FpYm5MSFBuRjdhdlJ5SmlqRFp0TFQ1L0Rmb2Uya0dyV1ZDTnREZ0FwWXBLWDRlVjNib0tlVDQiLCJtYWMiOiI2OTgyMzU3ZDZhNGU3MDJmNTk0MmU0NDdmNzgxMzVjZDc3OTBmNWFhNjhiZWM2NGIzYzA4MGYzMTZkZDQ0MmJlIiwidGFnIjoiIn0="}} 
[2025-12-03 15:22:46] local.INFO: LogRequests middleware called {"url":"http://localhost/api/auth/logout","method":"POST","headers":{"host":["localhost"],"connection":["keep-alive"],"content-length":["2"],"sec-ch-ua-platform":["\"Windows\""],"authorization":["Bearer 20|pIhso3moGJbeemRIQRNdvZipcjghaMTFNnsi2RHy94517c2c"],"user-agent":["Mozilla/5.0 (Windows NT 10.0; Win64; x64) AppleWebKit/537.36 (KHTML, like Gecko) Chrome/142.0.0.0 Safari/537.36"],"accept":["application/json"],"sec-ch-ua":["\"Chromium\";v=\"142\", \"Google Chrome\";v=\"142\", \"Not_A Brand\";v=\"99\""],"content-type":["application/json"],"sec-ch-ua-mobile":["?0"],"origin":["http://localhost"],"sec-fetch-site":["same-origin"],"sec-fetch-mode":["cors"],"sec-fetch-dest":["empty"],"referer":["http://localhost/"],"accept-encoding":["gzip, deflate, br, zstd"],"accept-language":["ru-RU,ru;q=0.9,en-US;q=0.8,en;q=0.7"],"cookie":["remember_web_59ba36addc2b2f9401580f014c7f58ea4e30989d=eyJpdiI6IitGb2wvTkZVRnYxOWV1QmRobzBZSmc9PSIsInZhbHVlIjoiYm5KR29iQ0E0SmdxdUN5ZGJGQ2kyQmQvdU9ibWVMR0hoa1dIbzlIQzBaakZjM0NISjdqcXBDakpWd3RwYVZPM3Q0VXlJWWQzMWw1SkJoTmxmMzBScllBdWtvZk1VT1JYWWFPUUFWQ3ZzTkpZSndWaDczYVJBdWV1T3R0bjlmbXA3d0dlMDJWSm5sRXFnYk1pdGtuSlB2ZUF1aVVOT28zQVBrdmRXMk8wYXdPVDE4ZGs0UnNWclZVeW1tcUxQM0tqbEJ6ZVllZTBrSmdrWnRBM3BmTHNacnhORmFna1lXNm5IbW16VldMcnhKTT0iLCJtYWMiOiIyOWIyNjExYzIzY2RhZWI4MzdjMTMxZGY5MmU2NGI2MzIwMzc3Y2U4M2U1NTdjNTczMDg0ODA5YTJiNDhmYmQ1IiwidGFnIjoiIn0%3D; operator_client_id=eyJpdiI6Ilc3UFBRTEhlKzBhdDkzT0wvOGJhcGc9PSIsInZhbHVlIjoiaHNXdzZYbCtNZ2ZFdUdyQjAzTG9idWxLVlZKNmZYMHE4STU2RFNKTmlobWhZSVNuN2dTcDhYK1BHOFRyRDU2SyIsIm1hYyI6IjU1ZjcyMTY0NWEzMDRhZGU5ZWUxNjlhNWUyYTBjYjI3NjJkZjYwODg4YjkxODVlNWQxMDFlNjY3Yjk3MTI4YzgiLCJ0YWciOiIifQ%3D%3D; current_hotel_id=eyJpdiI6ImpZL3BPMEI2eXIzUC9yR0daMlhhTEE9PSIsInZhbHVlIjoiS0FLc1hyd1I5ZFFvRk5QcEliUFhsS1c1YjlnNFk1VDZiVFdlak5INFhFTmhoUmo5UXlzY1ExZkpZTHpDSUEwayIsIm1hYyI6IjhjYTE0ZDEwNmNhNDBlNGRjZjlkYTYxZWNkMjA5OGUxODRiZGIwNDk3NTk3M2MxODE4Y2I5NjFiMTUxZmY1NmMiLCJ0YWciOiIifQ%3D%3D; XSRF-TOKEN=eyJpdiI6IkF4N2xUTHdKYTNPemsxTUpwTmRSOXc9PSIsInZhbHVlIjoiTkVheGxqNWJhREhZRVM3c3JrMmlTaXJZVVp1V0FVV3BrbEFRcGh3M2t2Y011enNWdGVtNkduY0RUVFowdE1qTHUxTDRRTDJnQ0NqQ2UyYTVqaHhHSVhpcE9wU3R0MkxyMW9rcWQwTVhHMCt4cC9vK0tPSVFObDZYZzlVRmlXajkiLCJtYWMiOiI2ZTBkNGNmY2ZmODU1YmQ1ZTdmZjMxNTcwZTJjYjVjZTA4ZTE2Zjg0MWJkM2Q0ZjJhMzk1NGFlZDc2NDcxODBjIiwidGFnIjoiIn0%3D; laravel-session=eyJpdiI6InBXN290QXFWY3NZTzUwOTJrUjh3M0E9PSIsInZhbHVlIjoiQlJjUHZYQWtkWnFhYWVPUG00aXhiM2hJai9tUHYrRkNRNnNiVzBKYTA1RVQ4eEtGRFEwaWF4MStoZWlFY1BZcGVxZWtnbXlvU0FpYm5MSFBuRjdhdlJ5SmlqRFp0TFQ1L0Rmb2Uya0dyV1ZDTnREZ0FwWXBLWDRlVjNib0tlVDQiLCJtYWMiOiI2OTgyMzU3ZDZhNGU3MDJmNTk0MmU0NDdmNzgxMzVjZDc3OTBmNWFhNjhiZWM2NGIzYzA4MGYzMTZkZDQ0MmJlIiwidGFnIjoiIn0%3D"]},"cookies":{"remember_web_59ba36addc2b2f9401580f014c7f58ea4e30989d":"eyJpdiI6IitGb2wvTkZVRnYxOWV1QmRobzBZSmc9PSIsInZhbHVlIjoiYm5KR29iQ0E0SmdxdUN5ZGJGQ2kyQmQvdU9ibWVMR0hoa1dIbzlIQzBaakZjM0NISjdqcXBDakpWd3RwYVZPM3Q0VXlJWWQzMWw1SkJoTmxmMzBScllBdWtvZk1VT1JYWWFPUUFWQ3ZzTkpZSndWaDczYVJBdWV1T3R0bjlmbXA3d0dlMDJWSm5sRXFnYk1pdGtuSlB2ZUF1aVVOT28zQVBrdmRXMk8wYXdPVDE4ZGs0UnNWclZVeW1tcUxQM0tqbEJ6ZVllZTBrSmdrWnRBM3BmTHNacnhORmFna1lXNm5IbW16VldMcnhKTT0iLCJtYWMiOiIyOWIyNjExYzIzY2RhZWI4MzdjMTMxZGY5MmU2NGI2MzIwMzc3Y2U4M2U1NTdjNTczMDg0ODA5YTJiNDhmYmQ1IiwidGFnIjoiIn0=","operator_client_id":"eyJpdiI6Ilc3UFBRTEhlKzBhdDkzT0wvOGJhcGc9PSIsInZhbHVlIjoiaHNXdzZYbCtNZ2ZFdUdyQjAzTG9idWxLVlZKNmZYMHE4STU2RFNKTmlobWhZSVNuN2dTcDhYK1BHOFRyRDU2SyIsIm1hYyI6IjU1ZjcyMTY0NWEzMDRhZGU5ZWUxNjlhNWUyYTBjYjI3NjJkZjYwODg4YjkxODVlNWQxMDFlNjY3Yjk3MTI4YzgiLCJ0YWciOiIifQ==","current_hotel_id":"eyJpdiI6ImpZL3BPMEI2eXIzUC9yR0daMlhhTEE9PSIsInZhbHVlIjoiS0FLc1hyd1I5ZFFvRk5QcEliUFhsS1c1YjlnNFk1VDZiVFdlak5INFhFTmhoUmo5UXlzY1ExZkpZTHpDSUEwayIsIm1hYyI6IjhjYTE0ZDEwNmNhNDBlNGRjZjlkYTYxZWNkMjA5OGUxODRiZGIwNDk3NTk3M2MxODE4Y2I5NjFiMTUxZmY1NmMiLCJ0YWciOiIifQ==","XSRF-TOKEN":"eyJpdiI6IkF4N2xUTHdKYTNPemsxTUpwTmRSOXc9PSIsInZhbHVlIjoiTkVheGxqNWJhREhZRVM3c3JrMmlTaXJZVVp1V0FVV3BrbEFRcGh3M2t2Y011enNWdGVtNkduY0RUVFowdE1qTHUxTDRRTDJnQ0NqQ2UyYTVqaHhHSVhpcE9wU3R0MkxyMW9rcWQwTVhHMCt4cC9vK0tPSVFObDZYZzlVRmlXajkiLCJtYWMiOiI2ZTBkNGNmY2ZmODU1YmQ1ZTdmZjMxNTcwZTJjYjVjZTA4ZTE2Zjg0MWJkM2Q0ZjJhMzk1NGFlZDc2NDcxODBjIiwidGFnIjoiIn0=","laravel-session":"eyJpdiI6InBXN290QXFWY3NZTzUwOTJrUjh3M0E9PSIsInZhbHVlIjoiQlJjUHZYQWtkWnFhYWVPUG00aXhiM2hJai9tUHYrRkNRNnNiVzBKYTA1RVQ4eEtGRFEwaWF4MStoZWlFY1BZcGVxZWtnbXlvU0FpYm5MSFBuRjdhdlJ5SmlqRFp0TFQ1L0Rmb2Uya0dyV1ZDTnREZ0FwWXBLWDRlVjNib0tlVDQiLCJtYWMiOiI2OTgyMzU3ZDZhNGU3MDJmNTk0MmU0NDdmNzgxMzVjZDc3OTBmNWFhNjhiZWM2NGIzYzA4MGYzMTZkZDQ0MmJlIiwidGFnIjoiIn0="}} 
[2025-12-03 15:23:27] local.INFO: LogRequests middleware called {"url":"http://localhost/api/auth/login","method":"POST","headers":{"host":["localhost"],"connection":["keep-alive"],"content-length":["52"],"sec-ch-ua-platform":["\"Windows\""],"user-agent":["Mozilla/5.0 (Windows NT 10.0; Win64; x64) AppleWebKit/537.36 (KHTML, like Gecko) Chrome/142.0.0.0 Safari/537.36"],"accept":["application/json"],"sec-ch-ua":["\"Chromium\";v=\"142\", \"Google Chrome\";v=\"142\", \"Not_A Brand\";v=\"99\""],"content-type":["application/json"],"sec-ch-ua-mobile":["?0"],"origin":["http://localhost"],"sec-fetch-site":["same-origin"],"sec-fetch-mode":["cors"],"sec-fetch-dest":["empty"],"referer":["http://localhost/"],"accept-encoding":["gzip, deflate, br, zstd"],"accept-language":["ru-RU,ru;q=0.9,en-US;q=0.8,en;q=0.7"],"cookie":["remember_web_59ba36addc2b2f9401580f014c7f58ea4e30989d=eyJpdiI6IitGb2wvTkZVRnYxOWV1QmRobzBZSmc9PSIsInZhbHVlIjoiYm5KR29iQ0E0SmdxdUN5ZGJGQ2kyQmQvdU9ibWVMR0hoa1dIbzlIQzBaakZjM0NISjdqcXBDakpWd3RwYVZPM3Q0VXlJWWQzMWw1SkJoTmxmMzBScllBdWtvZk1VT1JYWWFPUUFWQ3ZzTkpZSndWaDczYVJBdWV1T3R0bjlmbXA3d0dlMDJWSm5sRXFnYk1pdGtuSlB2ZUF1aVVOT28zQVBrdmRXMk8wYXdPVDE4ZGs0UnNWclZVeW1tcUxQM0tqbEJ6ZVllZTBrSmdrWnRBM3BmTHNacnhORmFna1lXNm5IbW16VldMcnhKTT0iLCJtYWMiOiIyOWIyNjExYzIzY2RhZWI4MzdjMTMxZGY5MmU2NGI2MzIwMzc3Y2U4M2U1NTdjNTczMDg0ODA5YTJiNDhmYmQ1IiwidGFnIjoiIn0%3D; operator_client_id=eyJpdiI6Ilc3UFBRTEhlKzBhdDkzT0wvOGJhcGc9PSIsInZhbHVlIjoiaHNXdzZYbCtNZ2ZFdUdyQjAzTG9idWxLVlZKNmZYMHE4STU2RFNKTmlobWhZSVNuN2dTcDhYK1BHOFRyRDU2SyIsIm1hYyI6IjU1ZjcyMTY0NWEzMDRhZGU5ZWUxNjlhNWUyYTBjYjI3NjJkZjYwODg4YjkxODVlNWQxMDFlNjY3Yjk3MTI4YzgiLCJ0YWciOiIifQ%3D%3D; current_hotel_id=eyJpdiI6ImpZL3BPMEI2eXIzUC9yR0daMlhhTEE9PSIsInZhbHVlIjoiS0FLc1hyd1I5ZFFvRk5QcEliUFhsS1c1YjlnNFk1VDZiVFdlak5INFhFTmhoUmo5UXlzY1ExZkpZTHpDSUEwayIsIm1hYyI6IjhjYTE0ZDEwNmNhNDBlNGRjZjlkYTYxZWNkMjA5OGUxODRiZGIwNDk3NTk3M2MxODE4Y2I5NjFiMTUxZmY1NmMiLCJ0YWciOiIifQ%3D%3D; XSRF-TOKEN=eyJpdiI6InFxdlJTK1ZjSXl6cDE2aWJqdVBIcUE9PSIsInZhbHVlIjoiSGVoM0NmbzRzY2FPWDNQeDc4QzJwRTdaWHMzTFo0ZjMyRHQ2eXI1dUhMbHdRb0NxK2tiSTRJdHlHU3I1eVI5WExGZVRpcnBibEtlc2xwVis0OEIvSFBtZmNxMzQ5TTZvQTZTSjhseU1MNXNxNHFXMmJqL2dJVzhFSkpiaE90NlUiLCJtYWMiOiJkZTA1NjFmZjAxNjk5ZDk0ZTdhNWQ2MTkxMzMwMzE2MzBlZmEwNjA0YThmNmM2NWFhM2RjNGUwODM5OThlMzNhIiwidGFnIjoiIn0%3D; laravel-session=eyJpdiI6IkZuMFY4NStJMVhvdC9RRzhpQUp1R3c9PSIsInZhbHVlIjoiYXVMOXZzYWNvZTFUYkp3SzRNQ0dQdXZMRzlPdXo4QWhLQTFaVVZoeVlZN1BtSXZzNXQ0Ujl6V0VxcFBDWFZabm9ZK0k2cURZdWdSQ2RuWGViN2RhU2E3MmJUNklHcDNVVkhOcldoeGNJS2VGSGl0V2Fxd3BRQmNtMCtFTlZoR1UiLCJtYWMiOiJiNjc3Y2EwOGI2MzUxM2E2NmY4ODI4Mjk0ZTljMTkxMzQ1ZDg1ZDg5NmFiNDU4YWVkMDliNTdiODU5OTljZmNiIiwidGFnIjoiIn0%3D"]},"cookies":{"remember_web_59ba36addc2b2f9401580f014c7f58ea4e30989d":"eyJpdiI6IitGb2wvTkZVRnYxOWV1QmRobzBZSmc9PSIsInZhbHVlIjoiYm5KR29iQ0E0SmdxdUN5ZGJGQ2kyQmQvdU9ibWVMR0hoa1dIbzlIQzBaakZjM0NISjdqcXBDakpWd3RwYVZPM3Q0VXlJWWQzMWw1SkJoTmxmMzBScllBdWtvZk1VT1JYWWFPUUFWQ3ZzTkpZSndWaDczYVJBdWV1T3R0bjlmbXA3d0dlMDJWSm5sRXFnYk1pdGtuSlB2ZUF1aVVOT28zQVBrdmRXMk8wYXdPVDE4ZGs0UnNWclZVeW1tcUxQM0tqbEJ6ZVllZTBrSmdrWnRBM3BmTHNacnhORmFna1lXNm5IbW16VldMcnhKTT0iLCJtYWMiOiIyOWIyNjExYzIzY2RhZWI4MzdjMTMxZGY5MmU2NGI2MzIwMzc3Y2U4M2U1NTdjNTczMDg0ODA5YTJiNDhmYmQ1IiwidGFnIjoiIn0=","operator_client_id":"eyJpdiI6Ilc3UFBRTEhlKzBhdDkzT0wvOGJhcGc9PSIsInZhbHVlIjoiaHNXdzZYbCtNZ2ZFdUdyQjAzTG9idWxLVlZKNmZYMHE4STU2RFNKTmlobWhZSVNuN2dTcDhYK1BHOFRyRDU2SyIsIm1hYyI6IjU1ZjcyMTY0NWEzMDRhZGU5ZWUxNjlhNWUyYTBjYjI3NjJkZjYwODg4YjkxODVlNWQxMDFlNjY3Yjk3MTI4YzgiLCJ0YWciOiIifQ==","current_hotel_id":"eyJpdiI6ImpZL3BPMEI2eXIzUC9yR0daMlhhTEE9PSIsInZhbHVlIjoiS0FLc1hyd1I5ZFFvRk5QcEliUFhsS1c1YjlnNFk1VDZiVFdlak5INFhFTmhoUmo5UXlzY1ExZkpZTHpDSUEwayIsIm1hYyI6IjhjYTE0ZDEwNmNhNDBlNGRjZjlkYTYxZWNkMjA5OGUxODRiZGIwNDk3NTk3M2MxODE4Y2I5NjFiMTUxZmY1NmMiLCJ0YWciOiIifQ==","XSRF-TOKEN":"eyJpdiI6InFxdlJTK1ZjSXl6cDE2aWJqdVBIcUE9PSIsInZhbHVlIjoiSGVoM0NmbzRzY2FPWDNQeDc4QzJwRTdaWHMzTFo0ZjMyRHQ2eXI1dUhMbHdRb0NxK2tiSTRJdHlHU3I1eVI5WExGZVRpcnBibEtlc2xwVis0OEIvSFBtZmNxMzQ5TTZvQTZTSjhseU1MNXNxNHFXMmJqL2dJVzhFSkpiaE90NlUiLCJtYWMiOiJkZTA1NjFmZjAxNjk5ZDk0ZTdhNWQ2MTkxMzMwMzE2MzBlZmEwNjA0YThmNmM2NWFhM2RjNGUwODM5OThlMzNhIiwidGFnIjoiIn0=","laravel-session":"eyJpdiI6IkZuMFY4NStJMVhvdC9RRzhpQUp1R3c9PSIsInZhbHVlIjoiYXVMOXZzYWNvZTFUYkp3SzRNQ0dQdXZMRzlPdXo4QWhLQTFaVVZoeVlZN1BtSXZzNXQ0Ujl6V0VxcFBDWFZabm9ZK0k2cURZdWdSQ2RuWGViN2RhU2E3MmJUNklHcDNVVkhOcldoeGNJS2VGSGl0V2Fxd3BRQmNtMCtFTlZoR1UiLCJtYWMiOiJiNjc3Y2EwOGI2MzUxM2E2NmY4ODI4Mjk0ZTljMTkxMzQ1ZDg1ZDg5NmFiNDU4YWVkMDliNTdiODU5OTljZmNiIiwidGFnIjoiIn0="}} 
[2025-12-03 15:23:33] local.ERROR: Target [Laravel\Fortify\Contracts\LoginViewResponse] is not instantiable. {"exception":"[object] (Illuminate\\Contracts\\Container\\BindingResolutionException(code: 0): Target [Laravel\\Fortify\\Contracts\\LoginViewResponse] is not instantiable. at /var/www/html/vendor/laravel/framework/src/Illuminate/Container/Container.php:1456)
[stacktrace]
#0 /var/www/html/vendor/laravel/framework/src/Illuminate/Container/Container.php(1170): Illuminate\\Container\\Container->notInstantiable()
#1 /var/www/html/vendor/laravel/framework/src/Illuminate/Container/Container.php(972): Illuminate\\Container\\Container->build()
#2 /var/www/html/vendor/laravel/framework/src/Illuminate/Foundation/Application.php(1078): Illuminate\\Container\\Container->resolve()
#3 /var/www/html/vendor/laravel/framework/src/Illuminate/Container/Container.php(903): Illuminate\\Foundation\\Application->resolve()
#4 /var/www/html/vendor/laravel/framework/src/Illuminate/Foundation/Application.php(1058): Illuminate\\Container\\Container->make()
#5 /var/www/html/vendor/laravel/framework/src/Illuminate/Foundation/helpers.php(138): Illuminate\\Foundation\\Application->make()
#6 /var/www/html/vendor/laravel/fortify/src/Http/Controllers/AuthenticatedSessionController.php(49): app()
#7 /var/www/html/vendor/laravel/framework/src/Illuminate/Routing/Controller.php(54): Laravel\\Fortify\\Http\\Controllers\\AuthenticatedSessionController->create()
#8 /var/www/html/vendor/laravel/framework/src/Illuminate/Routing/ControllerDispatcher.php(43): Illuminate\\Routing\\Controller->callAction()
#9 /var/www/html/vendor/laravel/framework/src/Illuminate/Routing/Route.php(265): Illuminate\\Routing\\ControllerDispatcher->dispatch()
#10 /var/www/html/vendor/laravel/framework/src/Illuminate/Routing/Route.php(211): Illuminate\\Routing\\Route->runController()
#11 /var/www/html/vendor/laravel/framework/src/Illuminate/Routing/Router.php(822): Illuminate\\Routing\\Route->run()
#12 /var/www/html/vendor/laravel/framework/src/Illuminate/Pipeline/Pipeline.php(180): Illuminate\\Routing\\Router->{closure:Illuminate\\Routing\\Router::runRouteWithinStack():821}()
#13 /var/www/html/vendor/laravel/framework/src/Illuminate/Auth/Middleware/RedirectIfAuthenticated.php(35): Illuminate\\Pipeline\\Pipeline->{closure:Illuminate\\Pipeline\\Pipeline::prepareDestination():178}()
#14 /var/www/html/vendor/laravel/framework/src/Illuminate/Pipeline/Pipeline.php(219): Illuminate\\Auth\\Middleware\\RedirectIfAuthenticated->handle()
#15 /var/www/html/vendor/laravel/framework/src/Illuminate/Http/Middleware/AddLinkHeadersForPreloadedAssets.php(32): Illuminate\\Pipeline\\Pipeline->{closure:{closure:Illuminate\\Pipeline\\Pipeline::carry():194}:195}()
#16 /var/www/html/vendor/laravel/framework/src/Illuminate/Pipeline/Pipeline.php(219): Illuminate\\Http\\Middleware\\AddLinkHeadersForPreloadedAssets->handle()
#17 /var/www/html/vendor/inertiajs/inertia-laravel/src/Middleware.php(96): Illuminate\\Pipeline\\Pipeline->{closure:{closure:Illuminate\\Pipeline\\Pipeline::carry():194}:195}()
#18 /var/www/html/vendor/laravel/framework/src/Illuminate/Pipeline/Pipeline.php(219): Inertia\\Middleware->handle()
#19 /var/www/html/app/Http/Middleware/HandleAppearance.php(21): Illuminate\\Pipeline\\Pipeline->{closure:{closure:Illuminate\\Pipeline\\Pipeline::carry():194}:195}()
#20 /var/www/html/vendor/laravel/framework/src/Illuminate/Pipeline/Pipeline.php(219): App\\Http\\Middleware\\HandleAppearance->handle()
#21 /var/www/html/vendor/laravel/framework/src/Illuminate/Routing/Middleware/SubstituteBindings.php(50): Illuminate\\Pipeline\\Pipeline->{closure:{closure:Illuminate\\Pipeline\\Pipeline::carry():194}:195}()
#22 /var/www/html/vendor/laravel/framework/src/Illuminate/Pipeline/Pipeline.php(219): Illuminate\\Routing\\Middleware\\SubstituteBindings->handle()
#23 /var/www/html/vendor/laravel/framework/src/Illuminate/Foundation/Http/Middleware/VerifyCsrfToken.php(87): Illuminate\\Pipeline\\Pipeline->{closure:{closure:Illuminate\\Pipeline\\Pipeline::carry():194}:195}()
#24 /var/www/html/vendor/laravel/framework/src/Illuminate/Pipeline/Pipeline.php(219): Illuminate\\Foundation\\Http\\Middleware\\VerifyCsrfToken->handle()
#25 /var/www/html/vendor/laravel/framework/src/Illuminate/View/Middleware/ShareErrorsFromSession.php(48): Illuminate\\Pipeline\\Pipeline->{closure:{closure:Illuminate\\Pipeline\\Pipeline::carry():194}:195}()
#26 /var/www/html/vendor/laravel/framework/src/Illuminate/Pipeline/Pipeline.php(219): Illuminate\\View\\Middleware\\ShareErrorsFromSession->handle()
#27 /var/www/html/vendor/laravel/framework/src/Illuminate/Session/Middleware/StartSession.php(120): Illuminate\\Pipeline\\Pipeline->{closure:{closure:Illuminate\\Pipeline\\Pipeline::carry():194}:195}()
#28 /var/www/html/vendor/laravel/framework/src/Illuminate/Session/Middleware/StartSession.php(63): Illuminate\\Session\\Middleware\\StartSession->handleStatefulRequest()
#29 /var/www/html/vendor/laravel/framework/src/Illuminate/Pipeline/Pipeline.php(219): Illuminate\\Session\\Middleware\\StartSession->handle()
#30 /var/www/html/vendor/laravel/framework/src/Illuminate/Cookie/Middleware/AddQueuedCookiesToResponse.php(36): Illuminate\\Pipeline\\Pipeline->{closure:{closure:Illuminate\\Pipeline\\Pipeline::carry():194}:195}()
#31 /var/www/html/vendor/laravel/framework/src/Illuminate/Pipeline/Pipeline.php(219): Illuminate\\Cookie\\Middleware\\AddQueuedCookiesToResponse->handle()
#32 /var/www/html/vendor/laravel/framework/src/Illuminate/Cookie/Middleware/EncryptCookies.php(74): Illuminate\\Pipeline\\Pipeline->{closure:{closure:Illuminate\\Pipeline\\Pipeline::carry():194}:195}()
#33 /var/www/html/vendor/laravel/framework/src/Illuminate/Pipeline/Pipeline.php(219): Illuminate\\Cookie\\Middleware\\EncryptCookies->handle()
#34 /var/www/html/vendor/laravel/framework/src/Illuminate/Pipeline/Pipeline.php(137): Illuminate\\Pipeline\\Pipeline->{closure:{closure:Illuminate\\Pipeline\\Pipeline::carry():194}:195}()
#35 /var/www/html/vendor/laravel/framework/src/Illuminate/Routing/Router.php(821): Illuminate\\Pipeline\\Pipeline->then()
#36 /var/www/html/vendor/laravel/framework/src/Illuminate/Routing/Router.php(800): Illuminate\\Routing\\Router->runRouteWithinStack()
#37 /var/www/html/vendor/laravel/framework/src/Illuminate/Routing/Router.php(764): Illuminate\\Routing\\Router->runRoute()
#38 /var/www/html/vendor/laravel/framework/src/Illuminate/Routing/Router.php(753): Illuminate\\Routing\\Router->dispatchToRoute()
#39 /var/www/html/vendor/laravel/framework/src/Illuminate/Foundation/Http/Kernel.php(200): Illuminate\\Routing\\Router->dispatch()
#40 /var/www/html/vendor/laravel/framework/src/Illuminate/Pipeline/Pipeline.php(180): Illuminate\\Foundation\\Http\\Kernel->{closure:Illuminate\\Foundation\\Http\\Kernel::dispatchToRouter():197}()
#41 /var/www/html/vendor/laravel/framework/src/Illuminate/Foundation/Http/Middleware/TransformsRequest.php(21): Illuminate\\Pipeline\\Pipeline->{closure:Illuminate\\Pipeline\\Pipeline::prepareDestination():178}()
#42 /var/www/html/vendor/laravel/framework/src/Illuminate/Foundation/Http/Middleware/ConvertEmptyStringsToNull.php(31): Illuminate\\Foundation\\Http\\Middleware\\TransformsRequest->handle()
#43 /var/www/html/vendor/laravel/framework/src/Illuminate/Pipeline/Pipeline.php(219): Illuminate\\Foundation\\Http\\Middleware\\ConvertEmptyStringsToNull->handle()
#44 /var/www/html/vendor/laravel/framework/src/Illuminate/Foundation/Http/Middleware/TransformsRequest.php(21): Illuminate\\Pipeline\\Pipeline->{closure:{closure:Illuminate\\Pipeline\\Pipeline::carry():194}:195}()
#45 /var/www/html/vendor/laravel/framework/src/Illuminate/Foundation/Http/Middleware/TrimStrings.php(51): Illuminate\\Foundation\\Http\\Middleware\\TransformsRequest->handle()
#46 /var/www/html/vendor/laravel/framework/src/Illuminate/Pipeline/Pipeline.php(219): Illuminate\\Foundation\\Http\\Middleware\\TrimStrings->handle()
#47 /var/www/html/vendor/laravel/framework/src/Illuminate/Http/Middleware/ValidatePostSize.php(27): Illuminate\\Pipeline\\Pipeline->{closure:{closure:Illuminate\\Pipeline\\Pipeline::carry():194}:195}()
#48 /var/www/html/vendor/laravel/framework/src/Illuminate/Pipeline/Pipeline.php(219): Illuminate\\Http\\Middleware\\ValidatePostSize->handle()
#49 /var/www/html/vendor/laravel/framework/src/Illuminate/Foundation/Http/Middleware/PreventRequestsDuringMaintenance.php(109): Illuminate\\Pipeline\\Pipeline->{closure:{closure:Illuminate\\Pipeline\\Pipeline::carry():194}:195}()
#50 /var/www/html/vendor/laravel/framework/src/Illuminate/Pipeline/Pipeline.php(219): Illuminate\\Foundation\\Http\\Middleware\\PreventRequestsDuringMaintenance->handle()
#51 /var/www/html/vendor/laravel/framework/src/Illuminate/Http/Middleware/HandleCors.php(48): Illuminate\\Pipeline\\Pipeline->{closure:{closure:Illuminate\\Pipeline\\Pipeline::carry():194}:195}()
#52 /var/www/html/vendor/laravel/framework/src/Illuminate/Pipeline/Pipeline.php(219): Illuminate\\Http\\Middleware\\HandleCors->handle()
#53 /var/www/html/vendor/laravel/framework/src/Illuminate/Http/Middleware/TrustProxies.php(58): Illuminate\\Pipeline\\Pipeline->{closure:{closure:Illuminate\\Pipeline\\Pipeline::carry():194}:195}()
#54 /var/www/html/vendor/laravel/framework/src/Illuminate/Pipeline/Pipeline.php(219): Illuminate\\Http\\Middleware\\TrustProxies->handle()
#55 /var/www/html/vendor/laravel/framework/src/Illuminate/Foundation/Http/Middleware/InvokeDeferredCallbacks.php(22): Illuminate\\Pipeline\\Pipeline->{closure:{closure:Illuminate\\Pipeline\\Pipeline::carry():194}:195}()
#56 /var/www/html/vendor/laravel/framework/src/Illuminate/Pipeline/Pipeline.php(219): Illuminate\\Foundation\\Http\\Middleware\\InvokeDeferredCallbacks->handle()
#57 /var/www/html/vendor/laravel/framework/src/Illuminate/Http/Middleware/ValidatePathEncoding.php(26): Illuminate\\Pipeline\\Pipeline->{closure:{closure:Illuminate\\Pipeline\\Pipeline::carry():194}:195}()
#58 /var/www/html/vendor/laravel/framework/src/Illuminate/Pipeline/Pipeline.php(219): Illuminate\\Http\\Middleware\\ValidatePathEncoding->handle()
#59 /var/www/html/vendor/laravel/framework/src/Illuminate/Pipeline/Pipeline.php(137): Illuminate\\Pipeline\\Pipeline->{closure:{closure:Illuminate\\Pipeline\\Pipeline::carry():194}:195}()
#60 /var/www/html/vendor/laravel/framework/src/Illuminate/Foundation/Http/Kernel.php(175): Illuminate\\Pipeline\\Pipeline->then()
#61 /var/www/html/vendor/laravel/framework/src/Illuminate/Foundation/Http/Kernel.php(144): Illuminate\\Foundation\\Http\\Kernel->sendRequestThroughRouter()
#62 /var/www/html/vendor/laravel/framework/src/Illuminate/Foundation/Application.php(1220): Illuminate\\Foundation\\Http\\Kernel->handle()
#63 /var/www/html/public/index.php(20): Illuminate\\Foundation\\Application->handleRequest()
#64 /var/www/html/vendor/laravel/framework/src/Illuminate/Foundation/resources/server.php(23): require_once('...')
#65 {main}
"} 
[2025-12-03 15:24:59] local.ERROR: Target [Laravel\Fortify\Contracts\LoginViewResponse] is not instantiable. {"exception":"[object] (Illuminate\\Contracts\\Container\\BindingResolutionException(code: 0): Target [Laravel\\Fortify\\Contracts\\LoginViewResponse] is not instantiable. at /var/www/html/vendor/laravel/framework/src/Illuminate/Container/Container.php:1456)
[stacktrace]
#0 /var/www/html/vendor/laravel/framework/src/Illuminate/Container/Container.php(1170): Illuminate\\Container\\Container->notInstantiable()
#1 /var/www/html/vendor/laravel/framework/src/Illuminate/Container/Container.php(972): Illuminate\\Container\\Container->build()
#2 /var/www/html/vendor/laravel/framework/src/Illuminate/Foundation/Application.php(1078): Illuminate\\Container\\Container->resolve()
#3 /var/www/html/vendor/laravel/framework/src/Illuminate/Container/Container.php(903): Illuminate\\Foundation\\Application->resolve()
#4 /var/www/html/vendor/laravel/framework/src/Illuminate/Foundation/Application.php(1058): Illuminate\\Container\\Container->make()
#5 /var/www/html/vendor/laravel/framework/src/Illuminate/Foundation/helpers.php(138): Illuminate\\Foundation\\Application->make()
#6 /var/www/html/vendor/laravel/fortify/src/Http/Controllers/AuthenticatedSessionController.php(49): app()
#7 /var/www/html/vendor/laravel/framework/src/Illuminate/Routing/Controller.php(54): Laravel\\Fortify\\Http\\Controllers\\AuthenticatedSessionController->create()
#8 /var/www/html/vendor/laravel/framework/src/Illuminate/Routing/ControllerDispatcher.php(43): Illuminate\\Routing\\Controller->callAction()
#9 /var/www/html/vendor/laravel/framework/src/Illuminate/Routing/Route.php(265): Illuminate\\Routing\\ControllerDispatcher->dispatch()
#10 /var/www/html/vendor/laravel/framework/src/Illuminate/Routing/Route.php(211): Illuminate\\Routing\\Route->runController()
#11 /var/www/html/vendor/laravel/framework/src/Illuminate/Routing/Router.php(822): Illuminate\\Routing\\Route->run()
#12 /var/www/html/vendor/laravel/framework/src/Illuminate/Pipeline/Pipeline.php(180): Illuminate\\Routing\\Router->{closure:Illuminate\\Routing\\Router::runRouteWithinStack():821}()
#13 /var/www/html/vendor/laravel/framework/src/Illuminate/Auth/Middleware/RedirectIfAuthenticated.php(35): Illuminate\\Pipeline\\Pipeline->{closure:Illuminate\\Pipeline\\Pipeline::prepareDestination():178}()
#14 /var/www/html/vendor/laravel/framework/src/Illuminate/Pipeline/Pipeline.php(219): Illuminate\\Auth\\Middleware\\RedirectIfAuthenticated->handle()
#15 /var/www/html/vendor/laravel/framework/src/Illuminate/Http/Middleware/AddLinkHeadersForPreloadedAssets.php(32): Illuminate\\Pipeline\\Pipeline->{closure:{closure:Illuminate\\Pipeline\\Pipeline::carry():194}:195}()
#16 /var/www/html/vendor/laravel/framework/src/Illuminate/Pipeline/Pipeline.php(219): Illuminate\\Http\\Middleware\\AddLinkHeadersForPreloadedAssets->handle()
#17 /var/www/html/vendor/inertiajs/inertia-laravel/src/Middleware.php(96): Illuminate\\Pipeline\\Pipeline->{closure:{closure:Illuminate\\Pipeline\\Pipeline::carry():194}:195}()
#18 /var/www/html/vendor/laravel/framework/src/Illuminate/Pipeline/Pipeline.php(219): Inertia\\Middleware->handle()
#19 /var/www/html/app/Http/Middleware/HandleAppearance.php(21): Illuminate\\Pipeline\\Pipeline->{closure:{closure:Illuminate\\Pipeline\\Pipeline::carry():194}:195}()
#20 /var/www/html/vendor/laravel/framework/src/Illuminate/Pipeline/Pipeline.php(219): App\\Http\\Middleware\\HandleAppearance->handle()
#21 /var/www/html/vendor/laravel/framework/src/Illuminate/Routing/Middleware/SubstituteBindings.php(50): Illuminate\\Pipeline\\Pipeline->{closure:{closure:Illuminate\\Pipeline\\Pipeline::carry():194}:195}()
#22 /var/www/html/vendor/laravel/framework/src/Illuminate/Pipeline/Pipeline.php(219): Illuminate\\Routing\\Middleware\\SubstituteBindings->handle()
#23 /var/www/html/vendor/laravel/framework/src/Illuminate/Foundation/Http/Middleware/VerifyCsrfToken.php(87): Illuminate\\Pipeline\\Pipeline->{closure:{closure:Illuminate\\Pipeline\\Pipeline::carry():194}:195}()
#24 /var/www/html/vendor/laravel/framework/src/Illuminate/Pipeline/Pipeline.php(219): Illuminate\\Foundation\\Http\\Middleware\\VerifyCsrfToken->handle()
#25 /var/www/html/vendor/laravel/framework/src/Illuminate/View/Middleware/ShareErrorsFromSession.php(48): Illuminate\\Pipeline\\Pipeline->{closure:{closure:Illuminate\\Pipeline\\Pipeline::carry():194}:195}()
#26 /var/www/html/vendor/laravel/framework/src/Illuminate/Pipeline/Pipeline.php(219): Illuminate\\View\\Middleware\\ShareErrorsFromSession->handle()
#27 /var/www/html/vendor/laravel/framework/src/Illuminate/Session/Middleware/StartSession.php(120): Illuminate\\Pipeline\\Pipeline->{closure:{closure:Illuminate\\Pipeline\\Pipeline::carry():194}:195}()
#28 /var/www/html/vendor/laravel/framework/src/Illuminate/Session/Middleware/StartSession.php(63): Illuminate\\Session\\Middleware\\StartSession->handleStatefulRequest()
#29 /var/www/html/vendor/laravel/framework/src/Illuminate/Pipeline/Pipeline.php(219): Illuminate\\Session\\Middleware\\StartSession->handle()
#30 /var/www/html/vendor/laravel/framework/src/Illuminate/Cookie/Middleware/AddQueuedCookiesToResponse.php(36): Illuminate\\Pipeline\\Pipeline->{closure:{closure:Illuminate\\Pipeline\\Pipeline::carry():194}:195}()
#31 /var/www/html/vendor/laravel/framework/src/Illuminate/Pipeline/Pipeline.php(219): Illuminate\\Cookie\\Middleware\\AddQueuedCookiesToResponse->handle()
#32 /var/www/html/vendor/laravel/framework/src/Illuminate/Cookie/Middleware/EncryptCookies.php(74): Illuminate\\Pipeline\\Pipeline->{closure:{closure:Illuminate\\Pipeline\\Pipeline::carry():194}:195}()
#33 /var/www/html/vendor/laravel/framework/src/Illuminate/Pipeline/Pipeline.php(219): Illuminate\\Cookie\\Middleware\\EncryptCookies->handle()
#34 /var/www/html/vendor/laravel/framework/src/Illuminate/Pipeline/Pipeline.php(137): Illuminate\\Pipeline\\Pipeline->{closure:{closure:Illuminate\\Pipeline\\Pipeline::carry():194}:195}()
#35 /var/www/html/vendor/laravel/framework/src/Illuminate/Routing/Router.php(821): Illuminate\\Pipeline\\Pipeline->then()
#36 /var/www/html/vendor/laravel/framework/src/Illuminate/Routing/Router.php(800): Illuminate\\Routing\\Router->runRouteWithinStack()
#37 /var/www/html/vendor/laravel/framework/src/Illuminate/Routing/Router.php(764): Illuminate\\Routing\\Router->runRoute()
#38 /var/www/html/vendor/laravel/framework/src/Illuminate/Routing/Router.php(753): Illuminate\\Routing\\Router->dispatchToRoute()
#39 /var/www/html/vendor/laravel/framework/src/Illuminate/Foundation/Http/Kernel.php(200): Illuminate\\Routing\\Router->dispatch()
#40 /var/www/html/vendor/laravel/framework/src/Illuminate/Pipeline/Pipeline.php(180): Illuminate\\Foundation\\Http\\Kernel->{closure:Illuminate\\Foundation\\Http\\Kernel::dispatchToRouter():197}()
#41 /var/www/html/vendor/laravel/framework/src/Illuminate/Foundation/Http/Middleware/TransformsRequest.php(21): Illuminate\\Pipeline\\Pipeline->{closure:Illuminate\\Pipeline\\Pipeline::prepareDestination():178}()
#42 /var/www/html/vendor/laravel/framework/src/Illuminate/Foundation/Http/Middleware/ConvertEmptyStringsToNull.php(31): Illuminate\\Foundation\\Http\\Middleware\\TransformsRequest->handle()
#43 /var/www/html/vendor/laravel/framework/src/Illuminate/Pipeline/Pipeline.php(219): Illuminate\\Foundation\\Http\\Middleware\\ConvertEmptyStringsToNull->handle()
#44 /var/www/html/vendor/laravel/framework/src/Illuminate/Foundation/Http/Middleware/TransformsRequest.php(21): Illuminate\\Pipeline\\Pipeline->{closure:{closure:Illuminate\\Pipeline\\Pipeline::carry():194}:195}()
#45 /var/www/html/vendor/laravel/framework/src/Illuminate/Foundation/Http/Middleware/TrimStrings.php(51): Illuminate\\Foundation\\Http\\Middleware\\TransformsRequest->handle()
#46 /var/www/html/vendor/laravel/framework/src/Illuminate/Pipeline/Pipeline.php(219): Illuminate\\Foundation\\Http\\Middleware\\TrimStrings->handle()
#47 /var/www/html/vendor/laravel/framework/src/Illuminate/Http/Middleware/ValidatePostSize.php(27): Illuminate\\Pipeline\\Pipeline->{closure:{closure:Illuminate\\Pipeline\\Pipeline::carry():194}:195}()
#48 /var/www/html/vendor/laravel/framework/src/Illuminate/Pipeline/Pipeline.php(219): Illuminate\\Http\\Middleware\\ValidatePostSize->handle()
#49 /var/www/html/vendor/laravel/framework/src/Illuminate/Foundation/Http/Middleware/PreventRequestsDuringMaintenance.php(109): Illuminate\\Pipeline\\Pipeline->{closure:{closure:Illuminate\\Pipeline\\Pipeline::carry():194}:195}()
#50 /var/www/html/vendor/laravel/framework/src/Illuminate/Pipeline/Pipeline.php(219): Illuminate\\Foundation\\Http\\Middleware\\PreventRequestsDuringMaintenance->handle()
#51 /var/www/html/vendor/laravel/framework/src/Illuminate/Http/Middleware/HandleCors.php(48): Illuminate\\Pipeline\\Pipeline->{closure:{closure:Illuminate\\Pipeline\\Pipeline::carry():194}:195}()
#52 /var/www/html/vendor/laravel/framework/src/Illuminate/Pipeline/Pipeline.php(219): Illuminate\\Http\\Middleware\\HandleCors->handle()
#53 /var/www/html/vendor/laravel/framework/src/Illuminate/Http/Middleware/TrustProxies.php(58): Illuminate\\Pipeline\\Pipeline->{closure:{closure:Illuminate\\Pipeline\\Pipeline::carry():194}:195}()
#54 /var/www/html/vendor/laravel/framework/src/Illuminate/Pipeline/Pipeline.php(219): Illuminate\\Http\\Middleware\\TrustProxies->handle()
#55 /var/www/html/vendor/laravel/framework/src/Illuminate/Foundation/Http/Middleware/InvokeDeferredCallbacks.php(22): Illuminate\\Pipeline\\Pipeline->{closure:{closure:Illuminate\\Pipeline\\Pipeline::carry():194}:195}()
#56 /var/www/html/vendor/laravel/framework/src/Illuminate/Pipeline/Pipeline.php(219): Illuminate\\Foundation\\Http\\Middleware\\InvokeDeferredCallbacks->handle()
#57 /var/www/html/vendor/laravel/framework/src/Illuminate/Http/Middleware/ValidatePathEncoding.php(26): Illuminate\\Pipeline\\Pipeline->{closure:{closure:Illuminate\\Pipeline\\Pipeline::carry():194}:195}()
#58 /var/www/html/vendor/laravel/framework/src/Illuminate/Pipeline/Pipeline.php(219): Illuminate\\Http\\Middleware\\ValidatePathEncoding->handle()
#59 /var/www/html/vendor/laravel/framework/src/Illuminate/Pipeline/Pipeline.php(137): Illuminate\\Pipeline\\Pipeline->{closure:{closure:Illuminate\\Pipeline\\Pipeline::carry():194}:195}()
#60 /var/www/html/vendor/laravel/framework/src/Illuminate/Foundation/Http/Kernel.php(175): Illuminate\\Pipeline\\Pipeline->then()
#61 /var/www/html/vendor/laravel/framework/src/Illuminate/Foundation/Http/Kernel.php(144): Illuminate\\Foundation\\Http\\Kernel->sendRequestThroughRouter()
#62 /var/www/html/vendor/laravel/framework/src/Illuminate/Foundation/Application.php(1220): Illuminate\\Foundation\\Http\\Kernel->handle()
#63 /var/www/html/public/index.php(20): Illuminate\\Foundation\\Application->handleRequest()
#64 /var/www/html/vendor/laravel/framework/src/Illuminate/Foundation/resources/server.php(23): require_once('...')
#65 {main}
"} 
[2025-12-03 15:31:20] local.ERROR: Target [Laravel\Fortify\Contracts\LoginViewResponse] is not instantiable. {"exception":"[object] (Illuminate\\Contracts\\Container\\BindingResolutionException(code: 0): Target [Laravel\\Fortify\\Contracts\\LoginViewResponse] is not instantiable. at /var/www/html/vendor/laravel/framework/src/Illuminate/Container/Container.php:1456)
[stacktrace]
#0 /var/www/html/vendor/laravel/framework/src/Illuminate/Container/Container.php(1170): Illuminate\\Container\\Container->notInstantiable()
#1 /var/www/html/vendor/laravel/framework/src/Illuminate/Container/Container.php(972): Illuminate\\Container\\Container->build()
#2 /var/www/html/vendor/laravel/framework/src/Illuminate/Foundation/Application.php(1078): Illuminate\\Container\\Container->resolve()
#3 /var/www/html/vendor/laravel/framework/src/Illuminate/Container/Container.php(903): Illuminate\\Foundation\\Application->resolve()
#4 /var/www/html/vendor/laravel/framework/src/Illuminate/Foundation/Application.php(1058): Illuminate\\Container\\Container->make()
#5 /var/www/html/vendor/laravel/framework/src/Illuminate/Foundation/helpers.php(138): Illuminate\\Foundation\\Application->make()
#6 /var/www/html/vendor/laravel/fortify/src/Http/Controllers/AuthenticatedSessionController.php(49): app()
#7 /var/www/html/vendor/laravel/framework/src/Illuminate/Routing/Controller.php(54): Laravel\\Fortify\\Http\\Controllers\\AuthenticatedSessionController->create()
#8 /var/www/html/vendor/laravel/framework/src/Illuminate/Routing/ControllerDispatcher.php(43): Illuminate\\Routing\\Controller->callAction()
#9 /var/www/html/vendor/laravel/framework/src/Illuminate/Routing/Route.php(265): Illuminate\\Routing\\ControllerDispatcher->dispatch()
#10 /var/www/html/vendor/laravel/framework/src/Illuminate/Routing/Route.php(211): Illuminate\\Routing\\Route->runController()
#11 /var/www/html/vendor/laravel/framework/src/Illuminate/Routing/Router.php(822): Illuminate\\Routing\\Route->run()
#12 /var/www/html/vendor/laravel/framework/src/Illuminate/Pipeline/Pipeline.php(180): Illuminate\\Routing\\Router->{closure:Illuminate\\Routing\\Router::runRouteWithinStack():821}()
#13 /var/www/html/vendor/laravel/framework/src/Illuminate/Auth/Middleware/RedirectIfAuthenticated.php(35): Illuminate\\Pipeline\\Pipeline->{closure:Illuminate\\Pipeline\\Pipeline::prepareDestination():178}()
#14 /var/www/html/vendor/laravel/framework/src/Illuminate/Pipeline/Pipeline.php(219): Illuminate\\Auth\\Middleware\\RedirectIfAuthenticated->handle()
#15 /var/www/html/vendor/laravel/framework/src/Illuminate/Http/Middleware/AddLinkHeadersForPreloadedAssets.php(32): Illuminate\\Pipeline\\Pipeline->{closure:{closure:Illuminate\\Pipeline\\Pipeline::carry():194}:195}()
#16 /var/www/html/vendor/laravel/framework/src/Illuminate/Pipeline/Pipeline.php(219): Illuminate\\Http\\Middleware\\AddLinkHeadersForPreloadedAssets->handle()
#17 /var/www/html/vendor/inertiajs/inertia-laravel/src/Middleware.php(96): Illuminate\\Pipeline\\Pipeline->{closure:{closure:Illuminate\\Pipeline\\Pipeline::carry():194}:195}()
#18 /var/www/html/vendor/laravel/framework/src/Illuminate/Pipeline/Pipeline.php(219): Inertia\\Middleware->handle()
#19 /var/www/html/app/Http/Middleware/HandleAppearance.php(21): Illuminate\\Pipeline\\Pipeline->{closure:{closure:Illuminate\\Pipeline\\Pipeline::carry():194}:195}()
#20 /var/www/html/vendor/laravel/framework/src/Illuminate/Pipeline/Pipeline.php(219): App\\Http\\Middleware\\HandleAppearance->handle()
#21 /var/www/html/vendor/laravel/framework/src/Illuminate/Routing/Middleware/SubstituteBindings.php(50): Illuminate\\Pipeline\\Pipeline->{closure:{closure:Illuminate\\Pipeline\\Pipeline::carry():194}:195}()
#22 /var/www/html/vendor/laravel/framework/src/Illuminate/Pipeline/Pipeline.php(219): Illuminate\\Routing\\Middleware\\SubstituteBindings->handle()
#23 /var/www/html/vendor/laravel/framework/src/Illuminate/Foundation/Http/Middleware/VerifyCsrfToken.php(87): Illuminate\\Pipeline\\Pipeline->{closure:{closure:Illuminate\\Pipeline\\Pipeline::carry():194}:195}()
#24 /var/www/html/vendor/laravel/framework/src/Illuminate/Pipeline/Pipeline.php(219): Illuminate\\Foundation\\Http\\Middleware\\VerifyCsrfToken->handle()
#25 /var/www/html/vendor/laravel/framework/src/Illuminate/View/Middleware/ShareErrorsFromSession.php(48): Illuminate\\Pipeline\\Pipeline->{closure:{closure:Illuminate\\Pipeline\\Pipeline::carry():194}:195}()
#26 /var/www/html/vendor/laravel/framework/src/Illuminate/Pipeline/Pipeline.php(219): Illuminate\\View\\Middleware\\ShareErrorsFromSession->handle()
#27 /var/www/html/vendor/laravel/framework/src/Illuminate/Session/Middleware/StartSession.php(120): Illuminate\\Pipeline\\Pipeline->{closure:{closure:Illuminate\\Pipeline\\Pipeline::carry():194}:195}()
#28 /var/www/html/vendor/laravel/framework/src/Illuminate/Session/Middleware/StartSession.php(63): Illuminate\\Session\\Middleware\\StartSession->handleStatefulRequest()
#29 /var/www/html/vendor/laravel/framework/src/Illuminate/Pipeline/Pipeline.php(219): Illuminate\\Session\\Middleware\\StartSession->handle()
#30 /var/www/html/vendor/laravel/framework/src/Illuminate/Cookie/Middleware/AddQueuedCookiesToResponse.php(36): Illuminate\\Pipeline\\Pipeline->{closure:{closure:Illuminate\\Pipeline\\Pipeline::carry():194}:195}()
#31 /var/www/html/vendor/laravel/framework/src/Illuminate/Pipeline/Pipeline.php(219): Illuminate\\Cookie\\Middleware\\AddQueuedCookiesToResponse->handle()
#32 /var/www/html/vendor/laravel/framework/src/Illuminate/Cookie/Middleware/EncryptCookies.php(74): Illuminate\\Pipeline\\Pipeline->{closure:{closure:Illuminate\\Pipeline\\Pipeline::carry():194}:195}()
#33 /var/www/html/vendor/laravel/framework/src/Illuminate/Pipeline/Pipeline.php(219): Illuminate\\Cookie\\Middleware\\EncryptCookies->handle()
#34 /var/www/html/vendor/laravel/framework/src/Illuminate/Pipeline/Pipeline.php(137): Illuminate\\Pipeline\\Pipeline->{closure:{closure:Illuminate\\Pipeline\\Pipeline::carry():194}:195}()
#35 /var/www/html/vendor/laravel/framework/src/Illuminate/Routing/Router.php(821): Illuminate\\Pipeline\\Pipeline->then()
#36 /var/www/html/vendor/laravel/framework/src/Illuminate/Routing/Router.php(800): Illuminate\\Routing\\Router->runRouteWithinStack()
#37 /var/www/html/vendor/laravel/framework/src/Illuminate/Routing/Router.php(764): Illuminate\\Routing\\Router->runRoute()
#38 /var/www/html/vendor/laravel/framework/src/Illuminate/Routing/Router.php(753): Illuminate\\Routing\\Router->dispatchToRoute()
#39 /var/www/html/vendor/laravel/framework/src/Illuminate/Foundation/Http/Kernel.php(200): Illuminate\\Routing\\Router->dispatch()
#40 /var/www/html/vendor/laravel/framework/src/Illuminate/Pipeline/Pipeline.php(180): Illuminate\\Foundation\\Http\\Kernel->{closure:Illuminate\\Foundation\\Http\\Kernel::dispatchToRouter():197}()
#41 /var/www/html/vendor/laravel/framework/src/Illuminate/Foundation/Http/Middleware/TransformsRequest.php(21): Illuminate\\Pipeline\\Pipeline->{closure:Illuminate\\Pipeline\\Pipeline::prepareDestination():178}()
#42 /var/www/html/vendor/laravel/framework/src/Illuminate/Foundation/Http/Middleware/ConvertEmptyStringsToNull.php(31): Illuminate\\Foundation\\Http\\Middleware\\TransformsRequest->handle()
#43 /var/www/html/vendor/laravel/framework/src/Illuminate/Pipeline/Pipeline.php(219): Illuminate\\Foundation\\Http\\Middleware\\ConvertEmptyStringsToNull->handle()
#44 /var/www/html/vendor/laravel/framework/src/Illuminate/Foundation/Http/Middleware/TransformsRequest.php(21): Illuminate\\Pipeline\\Pipeline->{closure:{closure:Illuminate\\Pipeline\\Pipeline::carry():194}:195}()
#45 /var/www/html/vendor/laravel/framework/src/Illuminate/Foundation/Http/Middleware/TrimStrings.php(51): Illuminate\\Foundation\\Http\\Middleware\\TransformsRequest->handle()
#46 /var/www/html/vendor/laravel/framework/src/Illuminate/Pipeline/Pipeline.php(219): Illuminate\\Foundation\\Http\\Middleware\\TrimStrings->handle()
#47 /var/www/html/vendor/laravel/framework/src/Illuminate/Http/Middleware/ValidatePostSize.php(27): Illuminate\\Pipeline\\Pipeline->{closure:{closure:Illuminate\\Pipeline\\Pipeline::carry():194}:195}()
#48 /var/www/html/vendor/laravel/framework/src/Illuminate/Pipeline/Pipeline.php(219): Illuminate\\Http\\Middleware\\ValidatePostSize->handle()
#49 /var/www/html/vendor/laravel/framework/src/Illuminate/Foundation/Http/Middleware/PreventRequestsDuringMaintenance.php(109): Illuminate\\Pipeline\\Pipeline->{closure:{closure:Illuminate\\Pipeline\\Pipeline::carry():194}:195}()
#50 /var/www/html/vendor/laravel/framework/src/Illuminate/Pipeline/Pipeline.php(219): Illuminate\\Foundation\\Http\\Middleware\\PreventRequestsDuringMaintenance->handle()
#51 /var/www/html/vendor/laravel/framework/src/Illuminate/Http/Middleware/HandleCors.php(48): Illuminate\\Pipeline\\Pipeline->{closure:{closure:Illuminate\\Pipeline\\Pipeline::carry():194}:195}()
#52 /var/www/html/vendor/laravel/framework/src/Illuminate/Pipeline/Pipeline.php(219): Illuminate\\Http\\Middleware\\HandleCors->handle()
#53 /var/www/html/vendor/laravel/framework/src/Illuminate/Http/Middleware/TrustProxies.php(58): Illuminate\\Pipeline\\Pipeline->{closure:{closure:Illuminate\\Pipeline\\Pipeline::carry():194}:195}()
#54 /var/www/html/vendor/laravel/framework/src/Illuminate/Pipeline/Pipeline.php(219): Illuminate\\Http\\Middleware\\TrustProxies->handle()
#55 /var/www/html/vendor/laravel/framework/src/Illuminate/Foundation/Http/Middleware/InvokeDeferredCallbacks.php(22): Illuminate\\Pipeline\\Pipeline->{closure:{closure:Illuminate\\Pipeline\\Pipeline::carry():194}:195}()
#56 /var/www/html/vendor/laravel/framework/src/Illuminate/Pipeline/Pipeline.php(219): Illuminate\\Foundation\\Http\\Middleware\\InvokeDeferredCallbacks->handle()
#57 /var/www/html/vendor/laravel/framework/src/Illuminate/Http/Middleware/ValidatePathEncoding.php(26): Illuminate\\Pipeline\\Pipeline->{closure:{closure:Illuminate\\Pipeline\\Pipeline::carry():194}:195}()
#58 /var/www/html/vendor/laravel/framework/src/Illuminate/Pipeline/Pipeline.php(219): Illuminate\\Http\\Middleware\\ValidatePathEncoding->handle()
#59 /var/www/html/vendor/laravel/framework/src/Illuminate/Pipeline/Pipeline.php(137): Illuminate\\Pipeline\\Pipeline->{closure:{closure:Illuminate\\Pipeline\\Pipeline::carry():194}:195}()
#60 /var/www/html/vendor/laravel/framework/src/Illuminate/Foundation/Http/Kernel.php(175): Illuminate\\Pipeline\\Pipeline->then()
#61 /var/www/html/vendor/laravel/framework/src/Illuminate/Foundation/Http/Kernel.php(144): Illuminate\\Foundation\\Http\\Kernel->sendRequestThroughRouter()
#62 /var/www/html/vendor/laravel/framework/src/Illuminate/Foundation/Application.php(1220): Illuminate\\Foundation\\Http\\Kernel->handle()
#63 /var/www/html/public/index.php(20): Illuminate\\Foundation\\Application->handleRequest()
#64 /var/www/html/vendor/laravel/framework/src/Illuminate/Foundation/resources/server.php(23): require_once('...')
#65 {main}
"} 
[2025-12-03 15:31:33] local.ERROR: Target [Laravel\Fortify\Contracts\LoginViewResponse] is not instantiable. {"exception":"[object] (Illuminate\\Contracts\\Container\\BindingResolutionException(code: 0): Target [Laravel\\Fortify\\Contracts\\LoginViewResponse] is not instantiable. at /var/www/html/vendor/laravel/framework/src/Illuminate/Container/Container.php:1456)
[stacktrace]
#0 /var/www/html/vendor/laravel/framework/src/Illuminate/Container/Container.php(1170): Illuminate\\Container\\Container->notInstantiable()
#1 /var/www/html/vendor/laravel/framework/src/Illuminate/Container/Container.php(972): Illuminate\\Container\\Container->build()
#2 /var/www/html/vendor/laravel/framework/src/Illuminate/Foundation/Application.php(1078): Illuminate\\Container\\Container->resolve()
#3 /var/www/html/vendor/laravel/framework/src/Illuminate/Container/Container.php(903): Illuminate\\Foundation\\Application->resolve()
#4 /var/www/html/vendor/laravel/framework/src/Illuminate/Foundation/Application.php(1058): Illuminate\\Container\\Container->make()
#5 /var/www/html/vendor/laravel/framework/src/Illuminate/Foundation/helpers.php(138): Illuminate\\Foundation\\Application->make()
#6 /var/www/html/vendor/laravel/fortify/src/Http/Controllers/AuthenticatedSessionController.php(49): app()
#7 /var/www/html/vendor/laravel/framework/src/Illuminate/Routing/Controller.php(54): Laravel\\Fortify\\Http\\Controllers\\AuthenticatedSessionController->create()
#8 /var/www/html/vendor/laravel/framework/src/Illuminate/Routing/ControllerDispatcher.php(43): Illuminate\\Routing\\Controller->callAction()
#9 /var/www/html/vendor/laravel/framework/src/Illuminate/Routing/Route.php(265): Illuminate\\Routing\\ControllerDispatcher->dispatch()
#10 /var/www/html/vendor/laravel/framework/src/Illuminate/Routing/Route.php(211): Illuminate\\Routing\\Route->runController()
#11 /var/www/html/vendor/laravel/framework/src/Illuminate/Routing/Router.php(822): Illuminate\\Routing\\Route->run()
#12 /var/www/html/vendor/laravel/framework/src/Illuminate/Pipeline/Pipeline.php(180): Illuminate\\Routing\\Router->{closure:Illuminate\\Routing\\Router::runRouteWithinStack():821}()
#13 /var/www/html/vendor/laravel/framework/src/Illuminate/Auth/Middleware/RedirectIfAuthenticated.php(35): Illuminate\\Pipeline\\Pipeline->{closure:Illuminate\\Pipeline\\Pipeline::prepareDestination():178}()
#14 /var/www/html/vendor/laravel/framework/src/Illuminate/Pipeline/Pipeline.php(219): Illuminate\\Auth\\Middleware\\RedirectIfAuthenticated->handle()
#15 /var/www/html/vendor/laravel/framework/src/Illuminate/Http/Middleware/AddLinkHeadersForPreloadedAssets.php(32): Illuminate\\Pipeline\\Pipeline->{closure:{closure:Illuminate\\Pipeline\\Pipeline::carry():194}:195}()
#16 /var/www/html/vendor/laravel/framework/src/Illuminate/Pipeline/Pipeline.php(219): Illuminate\\Http\\Middleware\\AddLinkHeadersForPreloadedAssets->handle()
#17 /var/www/html/vendor/inertiajs/inertia-laravel/src/Middleware.php(96): Illuminate\\Pipeline\\Pipeline->{closure:{closure:Illuminate\\Pipeline\\Pipeline::carry():194}:195}()
#18 /var/www/html/vendor/laravel/framework/src/Illuminate/Pipeline/Pipeline.php(219): Inertia\\Middleware->handle()
#19 /var/www/html/app/Http/Middleware/HandleAppearance.php(21): Illuminate\\Pipeline\\Pipeline->{closure:{closure:Illuminate\\Pipeline\\Pipeline::carry():194}:195}()
#20 /var/www/html/vendor/laravel/framework/src/Illuminate/Pipeline/Pipeline.php(219): App\\Http\\Middleware\\HandleAppearance->handle()
#21 /var/www/html/vendor/laravel/framework/src/Illuminate/Routing/Middleware/SubstituteBindings.php(50): Illuminate\\Pipeline\\Pipeline->{closure:{closure:Illuminate\\Pipeline\\Pipeline::carry():194}:195}()
#22 /var/www/html/vendor/laravel/framework/src/Illuminate/Pipeline/Pipeline.php(219): Illuminate\\Routing\\Middleware\\SubstituteBindings->handle()
#23 /var/www/html/vendor/laravel/framework/src/Illuminate/Foundation/Http/Middleware/VerifyCsrfToken.php(87): Illuminate\\Pipeline\\Pipeline->{closure:{closure:Illuminate\\Pipeline\\Pipeline::carry():194}:195}()
#24 /var/www/html/vendor/laravel/framework/src/Illuminate/Pipeline/Pipeline.php(219): Illuminate\\Foundation\\Http\\Middleware\\VerifyCsrfToken->handle()
#25 /var/www/html/vendor/laravel/framework/src/Illuminate/View/Middleware/ShareErrorsFromSession.php(48): Illuminate\\Pipeline\\Pipeline->{closure:{closure:Illuminate\\Pipeline\\Pipeline::carry():194}:195}()
#26 /var/www/html/vendor/laravel/framework/src/Illuminate/Pipeline/Pipeline.php(219): Illuminate\\View\\Middleware\\ShareErrorsFromSession->handle()
#27 /var/www/html/vendor/laravel/framework/src/Illuminate/Session/Middleware/StartSession.php(120): Illuminate\\Pipeline\\Pipeline->{closure:{closure:Illuminate\\Pipeline\\Pipeline::carry():194}:195}()
#28 /var/www/html/vendor/laravel/framework/src/Illuminate/Session/Middleware/StartSession.php(63): Illuminate\\Session\\Middleware\\StartSession->handleStatefulRequest()
#29 /var/www/html/vendor/laravel/framework/src/Illuminate/Pipeline/Pipeline.php(219): Illuminate\\Session\\Middleware\\StartSession->handle()
#30 /var/www/html/vendor/laravel/framework/src/Illuminate/Cookie/Middleware/AddQueuedCookiesToResponse.php(36): Illuminate\\Pipeline\\Pipeline->{closure:{closure:Illuminate\\Pipeline\\Pipeline::carry():194}:195}()
#31 /var/www/html/vendor/laravel/framework/src/Illuminate/Pipeline/Pipeline.php(219): Illuminate\\Cookie\\Middleware\\AddQueuedCookiesToResponse->handle()
#32 /var/www/html/vendor/laravel/framework/src/Illuminate/Cookie/Middleware/EncryptCookies.php(74): Illuminate\\Pipeline\\Pipeline->{closure:{closure:Illuminate\\Pipeline\\Pipeline::carry():194}:195}()
#33 /var/www/html/vendor/laravel/framework/src/Illuminate/Pipeline/Pipeline.php(219): Illuminate\\Cookie\\Middleware\\EncryptCookies->handle()
#34 /var/www/html/vendor/laravel/framework/src/Illuminate/Pipeline/Pipeline.php(137): Illuminate\\Pipeline\\Pipeline->{closure:{closure:Illuminate\\Pipeline\\Pipeline::carry():194}:195}()
#35 /var/www/html/vendor/laravel/framework/src/Illuminate/Routing/Router.php(821): Illuminate\\Pipeline\\Pipeline->then()
#36 /var/www/html/vendor/laravel/framework/src/Illuminate/Routing/Router.php(800): Illuminate\\Routing\\Router->runRouteWithinStack()
#37 /var/www/html/vendor/laravel/framework/src/Illuminate/Routing/Router.php(764): Illuminate\\Routing\\Router->runRoute()
#38 /var/www/html/vendor/laravel/framework/src/Illuminate/Routing/Router.php(753): Illuminate\\Routing\\Router->dispatchToRoute()
#39 /var/www/html/vendor/laravel/framework/src/Illuminate/Foundation/Http/Kernel.php(200): Illuminate\\Routing\\Router->dispatch()
#40 /var/www/html/vendor/laravel/framework/src/Illuminate/Pipeline/Pipeline.php(180): Illuminate\\Foundation\\Http\\Kernel->{closure:Illuminate\\Foundation\\Http\\Kernel::dispatchToRouter():197}()
#41 /var/www/html/vendor/laravel/framework/src/Illuminate/Foundation/Http/Middleware/TransformsRequest.php(21): Illuminate\\Pipeline\\Pipeline->{closure:Illuminate\\Pipeline\\Pipeline::prepareDestination():178}()
#42 /var/www/html/vendor/laravel/framework/src/Illuminate/Foundation/Http/Middleware/ConvertEmptyStringsToNull.php(31): Illuminate\\Foundation\\Http\\Middleware\\TransformsRequest->handle()
#43 /var/www/html/vendor/laravel/framework/src/Illuminate/Pipeline/Pipeline.php(219): Illuminate\\Foundation\\Http\\Middleware\\ConvertEmptyStringsToNull->handle()
#44 /var/www/html/vendor/laravel/framework/src/Illuminate/Foundation/Http/Middleware/TransformsRequest.php(21): Illuminate\\Pipeline\\Pipeline->{closure:{closure:Illuminate\\Pipeline\\Pipeline::carry():194}:195}()
#45 /var/www/html/vendor/laravel/framework/src/Illuminate/Foundation/Http/Middleware/TrimStrings.php(51): Illuminate\\Foundation\\Http\\Middleware\\TransformsRequest->handle()
#46 /var/www/html/vendor/laravel/framework/src/Illuminate/Pipeline/Pipeline.php(219): Illuminate\\Foundation\\Http\\Middleware\\TrimStrings->handle()
#47 /var/www/html/vendor/laravel/framework/src/Illuminate/Http/Middleware/ValidatePostSize.php(27): Illuminate\\Pipeline\\Pipeline->{closure:{closure:Illuminate\\Pipeline\\Pipeline::carry():194}:195}()
#48 /var/www/html/vendor/laravel/framework/src/Illuminate/Pipeline/Pipeline.php(219): Illuminate\\Http\\Middleware\\ValidatePostSize->handle()
#49 /var/www/html/vendor/laravel/framework/src/Illuminate/Foundation/Http/Middleware/PreventRequestsDuringMaintenance.php(109): Illuminate\\Pipeline\\Pipeline->{closure:{closure:Illuminate\\Pipeline\\Pipeline::carry():194}:195}()
#50 /var/www/html/vendor/laravel/framework/src/Illuminate/Pipeline/Pipeline.php(219): Illuminate\\Foundation\\Http\\Middleware\\PreventRequestsDuringMaintenance->handle()
#51 /var/www/html/vendor/laravel/framework/src/Illuminate/Http/Middleware/HandleCors.php(48): Illuminate\\Pipeline\\Pipeline->{closure:{closure:Illuminate\\Pipeline\\Pipeline::carry():194}:195}()
#52 /var/www/html/vendor/laravel/framework/src/Illuminate/Pipeline/Pipeline.php(219): Illuminate\\Http\\Middleware\\HandleCors->handle()
#53 /var/www/html/vendor/laravel/framework/src/Illuminate/Http/Middleware/TrustProxies.php(58): Illuminate\\Pipeline\\Pipeline->{closure:{closure:Illuminate\\Pipeline\\Pipeline::carry():194}:195}()
#54 /var/www/html/vendor/laravel/framework/src/Illuminate/Pipeline/Pipeline.php(219): Illuminate\\Http\\Middleware\\TrustProxies->handle()
#55 /var/www/html/vendor/laravel/framework/src/Illuminate/Foundation/Http/Middleware/InvokeDeferredCallbacks.php(22): Illuminate\\Pipeline\\Pipeline->{closure:{closure:Illuminate\\Pipeline\\Pipeline::carry():194}:195}()
#56 /var/www/html/vendor/laravel/framework/src/Illuminate/Pipeline/Pipeline.php(219): Illuminate\\Foundation\\Http\\Middleware\\InvokeDeferredCallbacks->handle()
#57 /var/www/html/vendor/laravel/framework/src/Illuminate/Http/Middleware/ValidatePathEncoding.php(26): Illuminate\\Pipeline\\Pipeline->{closure:{closure:Illuminate\\Pipeline\\Pipeline::carry():194}:195}()
#58 /var/www/html/vendor/laravel/framework/src/Illuminate/Pipeline/Pipeline.php(219): Illuminate\\Http\\Middleware\\ValidatePathEncoding->handle()
#59 /var/www/html/vendor/laravel/framework/src/Illuminate/Pipeline/Pipeline.php(137): Illuminate\\Pipeline\\Pipeline->{closure:{closure:Illuminate\\Pipeline\\Pipeline::carry():194}:195}()
#60 /var/www/html/vendor/laravel/framework/src/Illuminate/Foundation/Http/Kernel.php(175): Illuminate\\Pipeline\\Pipeline->then()
#61 /var/www/html/vendor/laravel/framework/src/Illuminate/Foundation/Http/Kernel.php(144): Illuminate\\Foundation\\Http\\Kernel->sendRequestThroughRouter()
#62 /var/www/html/vendor/laravel/framework/src/Illuminate/Foundation/Application.php(1220): Illuminate\\Foundation\\Http\\Kernel->handle()
#63 /var/www/html/public/index.php(20): Illuminate\\Foundation\\Application->handleRequest()
#64 /var/www/html/vendor/laravel/framework/src/Illuminate/Foundation/resources/server.php(23): require_once('...')
#65 {main}
"} 
[2025-12-03 15:31:42] local.ERROR: Target [Laravel\Fortify\Contracts\LoginViewResponse] is not instantiable. {"exception":"[object] (Illuminate\\Contracts\\Container\\BindingResolutionException(code: 0): Target [Laravel\\Fortify\\Contracts\\LoginViewResponse] is not instantiable. at /var/www/html/vendor/laravel/framework/src/Illuminate/Container/Container.php:1456)
[stacktrace]
#0 /var/www/html/vendor/laravel/framework/src/Illuminate/Container/Container.php(1170): Illuminate\\Container\\Container->notInstantiable()
#1 /var/www/html/vendor/laravel/framework/src/Illuminate/Container/Container.php(972): Illuminate\\Container\\Container->build()
#2 /var/www/html/vendor/laravel/framework/src/Illuminate/Foundation/Application.php(1078): Illuminate\\Container\\Container->resolve()
#3 /var/www/html/vendor/laravel/framework/src/Illuminate/Container/Container.php(903): Illuminate\\Foundation\\Application->resolve()
#4 /var/www/html/vendor/laravel/framework/src/Illuminate/Foundation/Application.php(1058): Illuminate\\Container\\Container->make()
#5 /var/www/html/vendor/laravel/framework/src/Illuminate/Foundation/helpers.php(138): Illuminate\\Foundation\\Application->make()
#6 /var/www/html/vendor/laravel/fortify/src/Http/Controllers/AuthenticatedSessionController.php(49): app()
#7 /var/www/html/vendor/laravel/framework/src/Illuminate/Routing/Controller.php(54): Laravel\\Fortify\\Http\\Controllers\\AuthenticatedSessionController->create()
#8 /var/www/html/vendor/laravel/framework/src/Illuminate/Routing/ControllerDispatcher.php(43): Illuminate\\Routing\\Controller->callAction()
#9 /var/www/html/vendor/laravel/framework/src/Illuminate/Routing/Route.php(265): Illuminate\\Routing\\ControllerDispatcher->dispatch()
#10 /var/www/html/vendor/laravel/framework/src/Illuminate/Routing/Route.php(211): Illuminate\\Routing\\Route->runController()
#11 /var/www/html/vendor/laravel/framework/src/Illuminate/Routing/Router.php(822): Illuminate\\Routing\\Route->run()
#12 /var/www/html/vendor/laravel/framework/src/Illuminate/Pipeline/Pipeline.php(180): Illuminate\\Routing\\Router->{closure:Illuminate\\Routing\\Router::runRouteWithinStack():821}()
#13 /var/www/html/vendor/laravel/framework/src/Illuminate/Auth/Middleware/RedirectIfAuthenticated.php(35): Illuminate\\Pipeline\\Pipeline->{closure:Illuminate\\Pipeline\\Pipeline::prepareDestination():178}()
#14 /var/www/html/vendor/laravel/framework/src/Illuminate/Pipeline/Pipeline.php(219): Illuminate\\Auth\\Middleware\\RedirectIfAuthenticated->handle()
#15 /var/www/html/vendor/laravel/framework/src/Illuminate/Http/Middleware/AddLinkHeadersForPreloadedAssets.php(32): Illuminate\\Pipeline\\Pipeline->{closure:{closure:Illuminate\\Pipeline\\Pipeline::carry():194}:195}()
#16 /var/www/html/vendor/laravel/framework/src/Illuminate/Pipeline/Pipeline.php(219): Illuminate\\Http\\Middleware\\AddLinkHeadersForPreloadedAssets->handle()
#17 /var/www/html/vendor/inertiajs/inertia-laravel/src/Middleware.php(96): Illuminate\\Pipeline\\Pipeline->{closure:{closure:Illuminate\\Pipeline\\Pipeline::carry():194}:195}()
#18 /var/www/html/vendor/laravel/framework/src/Illuminate/Pipeline/Pipeline.php(219): Inertia\\Middleware->handle()
#19 /var/www/html/app/Http/Middleware/HandleAppearance.php(21): Illuminate\\Pipeline\\Pipeline->{closure:{closure:Illuminate\\Pipeline\\Pipeline::carry():194}:195}()
#20 /var/www/html/vendor/laravel/framework/src/Illuminate/Pipeline/Pipeline.php(219): App\\Http\\Middleware\\HandleAppearance->handle()
#21 /var/www/html/vendor/laravel/framework/src/Illuminate/Routing/Middleware/SubstituteBindings.php(50): Illuminate\\Pipeline\\Pipeline->{closure:{closure:Illuminate\\Pipeline\\Pipeline::carry():194}:195}()
#22 /var/www/html/vendor/laravel/framework/src/Illuminate/Pipeline/Pipeline.php(219): Illuminate\\Routing\\Middleware\\SubstituteBindings->handle()
#23 /var/www/html/vendor/laravel/framework/src/Illuminate/Foundation/Http/Middleware/VerifyCsrfToken.php(87): Illuminate\\Pipeline\\Pipeline->{closure:{closure:Illuminate\\Pipeline\\Pipeline::carry():194}:195}()
#24 /var/www/html/vendor/laravel/framework/src/Illuminate/Pipeline/Pipeline.php(219): Illuminate\\Foundation\\Http\\Middleware\\VerifyCsrfToken->handle()
#25 /var/www/html/vendor/laravel/framework/src/Illuminate/View/Middleware/ShareErrorsFromSession.php(48): Illuminate\\Pipeline\\Pipeline->{closure:{closure:Illuminate\\Pipeline\\Pipeline::carry():194}:195}()
#26 /var/www/html/vendor/laravel/framework/src/Illuminate/Pipeline/Pipeline.php(219): Illuminate\\View\\Middleware\\ShareErrorsFromSession->handle()
#27 /var/www/html/vendor/laravel/framework/src/Illuminate/Session/Middleware/StartSession.php(120): Illuminate\\Pipeline\\Pipeline->{closure:{closure:Illuminate\\Pipeline\\Pipeline::carry():194}:195}()
#28 /var/www/html/vendor/laravel/framework/src/Illuminate/Session/Middleware/StartSession.php(63): Illuminate\\Session\\Middleware\\StartSession->handleStatefulRequest()
#29 /var/www/html/vendor/laravel/framework/src/Illuminate/Pipeline/Pipeline.php(219): Illuminate\\Session\\Middleware\\StartSession->handle()
#30 /var/www/html/vendor/laravel/framework/src/Illuminate/Cookie/Middleware/AddQueuedCookiesToResponse.php(36): Illuminate\\Pipeline\\Pipeline->{closure:{closure:Illuminate\\Pipeline\\Pipeline::carry():194}:195}()
#31 /var/www/html/vendor/laravel/framework/src/Illuminate/Pipeline/Pipeline.php(219): Illuminate\\Cookie\\Middleware\\AddQueuedCookiesToResponse->handle()
#32 /var/www/html/vendor/laravel/framework/src/Illuminate/Cookie/Middleware/EncryptCookies.php(74): Illuminate\\Pipeline\\Pipeline->{closure:{closure:Illuminate\\Pipeline\\Pipeline::carry():194}:195}()
#33 /var/www/html/vendor/laravel/framework/src/Illuminate/Pipeline/Pipeline.php(219): Illuminate\\Cookie\\Middleware\\EncryptCookies->handle()
#34 /var/www/html/vendor/laravel/framework/src/Illuminate/Pipeline/Pipeline.php(137): Illuminate\\Pipeline\\Pipeline->{closure:{closure:Illuminate\\Pipeline\\Pipeline::carry():194}:195}()
#35 /var/www/html/vendor/laravel/framework/src/Illuminate/Routing/Router.php(821): Illuminate\\Pipeline\\Pipeline->then()
#36 /var/www/html/vendor/laravel/framework/src/Illuminate/Routing/Router.php(800): Illuminate\\Routing\\Router->runRouteWithinStack()
#37 /var/www/html/vendor/laravel/framework/src/Illuminate/Routing/Router.php(764): Illuminate\\Routing\\Router->runRoute()
#38 /var/www/html/vendor/laravel/framework/src/Illuminate/Routing/Router.php(753): Illuminate\\Routing\\Router->dispatchToRoute()
#39 /var/www/html/vendor/laravel/framework/src/Illuminate/Foundation/Http/Kernel.php(200): Illuminate\\Routing\\Router->dispatch()
#40 /var/www/html/vendor/laravel/framework/src/Illuminate/Pipeline/Pipeline.php(180): Illuminate\\Foundation\\Http\\Kernel->{closure:Illuminate\\Foundation\\Http\\Kernel::dispatchToRouter():197}()
#41 /var/www/html/vendor/laravel/framework/src/Illuminate/Foundation/Http/Middleware/TransformsRequest.php(21): Illuminate\\Pipeline\\Pipeline->{closure:Illuminate\\Pipeline\\Pipeline::prepareDestination():178}()
#42 /var/www/html/vendor/laravel/framework/src/Illuminate/Foundation/Http/Middleware/ConvertEmptyStringsToNull.php(31): Illuminate\\Foundation\\Http\\Middleware\\TransformsRequest->handle()
#43 /var/www/html/vendor/laravel/framework/src/Illuminate/Pipeline/Pipeline.php(219): Illuminate\\Foundation\\Http\\Middleware\\ConvertEmptyStringsToNull->handle()
#44 /var/www/html/vendor/laravel/framework/src/Illuminate/Foundation/Http/Middleware/TransformsRequest.php(21): Illuminate\\Pipeline\\Pipeline->{closure:{closure:Illuminate\\Pipeline\\Pipeline::carry():194}:195}()
#45 /var/www/html/vendor/laravel/framework/src/Illuminate/Foundation/Http/Middleware/TrimStrings.php(51): Illuminate\\Foundation\\Http\\Middleware\\TransformsRequest->handle()
#46 /var/www/html/vendor/laravel/framework/src/Illuminate/Pipeline/Pipeline.php(219): Illuminate\\Foundation\\Http\\Middleware\\TrimStrings->handle()
#47 /var/www/html/vendor/laravel/framework/src/Illuminate/Http/Middleware/ValidatePostSize.php(27): Illuminate\\Pipeline\\Pipeline->{closure:{closure:Illuminate\\Pipeline\\Pipeline::carry():194}:195}()
#48 /var/www/html/vendor/laravel/framework/src/Illuminate/Pipeline/Pipeline.php(219): Illuminate\\Http\\Middleware\\ValidatePostSize->handle()
#49 /var/www/html/vendor/laravel/framework/src/Illuminate/Foundation/Http/Middleware/PreventRequestsDuringMaintenance.php(109): Illuminate\\Pipeline\\Pipeline->{closure:{closure:Illuminate\\Pipeline\\Pipeline::carry():194}:195}()
#50 /var/www/html/vendor/laravel/framework/src/Illuminate/Pipeline/Pipeline.php(219): Illuminate\\Foundation\\Http\\Middleware\\PreventRequestsDuringMaintenance->handle()
#51 /var/www/html/vendor/laravel/framework/src/Illuminate/Http/Middleware/HandleCors.php(48): Illuminate\\Pipeline\\Pipeline->{closure:{closure:Illuminate\\Pipeline\\Pipeline::carry():194}:195}()
#52 /var/www/html/vendor/laravel/framework/src/Illuminate/Pipeline/Pipeline.php(219): Illuminate\\Http\\Middleware\\HandleCors->handle()
#53 /var/www/html/vendor/laravel/framework/src/Illuminate/Http/Middleware/TrustProxies.php(58): Illuminate\\Pipeline\\Pipeline->{closure:{closure:Illuminate\\Pipeline\\Pipeline::carry():194}:195}()
#54 /var/www/html/vendor/laravel/framework/src/Illuminate/Pipeline/Pipeline.php(219): Illuminate\\Http\\Middleware\\TrustProxies->handle()
#55 /var/www/html/vendor/laravel/framework/src/Illuminate/Foundation/Http/Middleware/InvokeDeferredCallbacks.php(22): Illuminate\\Pipeline\\Pipeline->{closure:{closure:Illuminate\\Pipeline\\Pipeline::carry():194}:195}()
#56 /var/www/html/vendor/laravel/framework/src/Illuminate/Pipeline/Pipeline.php(219): Illuminate\\Foundation\\Http\\Middleware\\InvokeDeferredCallbacks->handle()
#57 /var/www/html/vendor/laravel/framework/src/Illuminate/Http/Middleware/ValidatePathEncoding.php(26): Illuminate\\Pipeline\\Pipeline->{closure:{closure:Illuminate\\Pipeline\\Pipeline::carry():194}:195}()
#58 /var/www/html/vendor/laravel/framework/src/Illuminate/Pipeline/Pipeline.php(219): Illuminate\\Http\\Middleware\\ValidatePathEncoding->handle()
#59 /var/www/html/vendor/laravel/framework/src/Illuminate/Pipeline/Pipeline.php(137): Illuminate\\Pipeline\\Pipeline->{closure:{closure:Illuminate\\Pipeline\\Pipeline::carry():194}:195}()
#60 /var/www/html/vendor/laravel/framework/src/Illuminate/Foundation/Http/Kernel.php(175): Illuminate\\Pipeline\\Pipeline->then()
#61 /var/www/html/vendor/laravel/framework/src/Illuminate/Foundation/Http/Kernel.php(144): Illuminate\\Foundation\\Http\\Kernel->sendRequestThroughRouter()
#62 /var/www/html/vendor/laravel/framework/src/Illuminate/Foundation/Application.php(1220): Illuminate\\Foundation\\Http\\Kernel->handle()
#63 /var/www/html/public/index.php(20): Illuminate\\Foundation\\Application->handleRequest()
#64 /var/www/html/vendor/laravel/framework/src/Illuminate/Foundation/resources/server.php(23): require_once('...')
#65 {main}
"} 
[2025-12-03 15:39:14] local.ERROR: Route [login] not defined. {"exception":"[object] (Symfony\\Component\\Routing\\Exception\\RouteNotFoundException(code: 0): Route [login] not defined. at /var/www/html/vendor/laravel/framework/src/Illuminate/Routing/UrlGenerator.php:526)
[stacktrace]
#0 /var/www/html/vendor/laravel/framework/src/Illuminate/Foundation/helpers.php(871): Illuminate\\Routing\\UrlGenerator->route()
#1 /var/www/html/vendor/laravel/framework/src/Illuminate/Foundation/Configuration/ApplicationBuilder.php(278): route()
#2 [internal function]: Illuminate\\Foundation\\Configuration\\ApplicationBuilder->{closure:{closure:Illuminate\\Foundation\\Configuration\\ApplicationBuilder::withMiddleware():276}:278}()
#3 /var/www/html/vendor/laravel/framework/src/Illuminate/Auth/Middleware/Authenticate.php(117): call_user_func()
#4 /var/www/html/vendor/laravel/framework/src/Illuminate/Auth/Middleware/Authenticate.php(104): Illuminate\\Auth\\Middleware\\Authenticate->redirectTo()
#5 /var/www/html/vendor/laravel/framework/src/Illuminate/Auth/Middleware/Authenticate.php(87): Illuminate\\Auth\\Middleware\\Authenticate->unauthenticated()
#6 /var/www/html/vendor/laravel/framework/src/Illuminate/Auth/Middleware/Authenticate.php(61): Illuminate\\Auth\\Middleware\\Authenticate->authenticate()
#7 /var/www/html/vendor/laravel/framework/src/Illuminate/Pipeline/Pipeline.php(219): Illuminate\\Auth\\Middleware\\Authenticate->handle()
#8 /var/www/html/vendor/laravel/framework/src/Illuminate/Foundation/Http/Middleware/VerifyCsrfToken.php(87): Illuminate\\Pipeline\\Pipeline->{closure:{closure:Illuminate\\Pipeline\\Pipeline::carry():194}:195}()
#9 /var/www/html/vendor/laravel/framework/src/Illuminate/Pipeline/Pipeline.php(219): Illuminate\\Foundation\\Http\\Middleware\\VerifyCsrfToken->handle()
#10 /var/www/html/vendor/laravel/framework/src/Illuminate/View/Middleware/ShareErrorsFromSession.php(48): Illuminate\\Pipeline\\Pipeline->{closure:{closure:Illuminate\\Pipeline\\Pipeline::carry():194}:195}()
#11 /var/www/html/vendor/laravel/framework/src/Illuminate/Pipeline/Pipeline.php(219): Illuminate\\View\\Middleware\\ShareErrorsFromSession->handle()
#12 /var/www/html/vendor/laravel/framework/src/Illuminate/Session/Middleware/StartSession.php(120): Illuminate\\Pipeline\\Pipeline->{closure:{closure:Illuminate\\Pipeline\\Pipeline::carry():194}:195}()
#13 /var/www/html/vendor/laravel/framework/src/Illuminate/Session/Middleware/StartSession.php(63): Illuminate\\Session\\Middleware\\StartSession->handleStatefulRequest()
#14 /var/www/html/vendor/laravel/framework/src/Illuminate/Pipeline/Pipeline.php(219): Illuminate\\Session\\Middleware\\StartSession->handle()
#15 /var/www/html/vendor/laravel/framework/src/Illuminate/Cookie/Middleware/AddQueuedCookiesToResponse.php(36): Illuminate\\Pipeline\\Pipeline->{closure:{closure:Illuminate\\Pipeline\\Pipeline::carry():194}:195}()
#16 /var/www/html/vendor/laravel/framework/src/Illuminate/Pipeline/Pipeline.php(219): Illuminate\\Cookie\\Middleware\\AddQueuedCookiesToResponse->handle()
#17 /var/www/html/vendor/laravel/framework/src/Illuminate/Cookie/Middleware/EncryptCookies.php(74): Illuminate\\Pipeline\\Pipeline->{closure:{closure:Illuminate\\Pipeline\\Pipeline::carry():194}:195}()
#18 /var/www/html/vendor/laravel/framework/src/Illuminate/Pipeline/Pipeline.php(219): Illuminate\\Cookie\\Middleware\\EncryptCookies->handle()
#19 /var/www/html/vendor/laravel/framework/src/Illuminate/Pipeline/Pipeline.php(137): Illuminate\\Pipeline\\Pipeline->{closure:{closure:Illuminate\\Pipeline\\Pipeline::carry():194}:195}()
#20 /var/www/html/vendor/laravel/framework/src/Illuminate/Routing/Router.php(821): Illuminate\\Pipeline\\Pipeline->then()
#21 /var/www/html/vendor/laravel/framework/src/Illuminate/Routing/Router.php(800): Illuminate\\Routing\\Router->runRouteWithinStack()
#22 /var/www/html/vendor/laravel/framework/src/Illuminate/Routing/Router.php(764): Illuminate\\Routing\\Router->runRoute()
#23 /var/www/html/vendor/laravel/framework/src/Illuminate/Routing/Router.php(753): Illuminate\\Routing\\Router->dispatchToRoute()
#24 /var/www/html/vendor/laravel/framework/src/Illuminate/Foundation/Http/Kernel.php(200): Illuminate\\Routing\\Router->dispatch()
#25 /var/www/html/vendor/laravel/framework/src/Illuminate/Pipeline/Pipeline.php(180): Illuminate\\Foundation\\Http\\Kernel->{closure:Illuminate\\Foundation\\Http\\Kernel::dispatchToRouter():197}()
#26 /var/www/html/vendor/laravel/framework/src/Illuminate/Foundation/Http/Middleware/TransformsRequest.php(21): Illuminate\\Pipeline\\Pipeline->{closure:Illuminate\\Pipeline\\Pipeline::prepareDestination():178}()
#27 /var/www/html/vendor/laravel/framework/src/Illuminate/Foundation/Http/Middleware/ConvertEmptyStringsToNull.php(31): Illuminate\\Foundation\\Http\\Middleware\\TransformsRequest->handle()
#28 /var/www/html/vendor/laravel/framework/src/Illuminate/Pipeline/Pipeline.php(219): Illuminate\\Foundation\\Http\\Middleware\\ConvertEmptyStringsToNull->handle()
#29 /var/www/html/vendor/laravel/framework/src/Illuminate/Foundation/Http/Middleware/TransformsRequest.php(21): Illuminate\\Pipeline\\Pipeline->{closure:{closure:Illuminate\\Pipeline\\Pipeline::carry():194}:195}()
#30 /var/www/html/vendor/laravel/framework/src/Illuminate/Foundation/Http/Middleware/TrimStrings.php(51): Illuminate\\Foundation\\Http\\Middleware\\TransformsRequest->handle()
#31 /var/www/html/vendor/laravel/framework/src/Illuminate/Pipeline/Pipeline.php(219): Illuminate\\Foundation\\Http\\Middleware\\TrimStrings->handle()
#32 /var/www/html/vendor/laravel/framework/src/Illuminate/Http/Middleware/ValidatePostSize.php(27): Illuminate\\Pipeline\\Pipeline->{closure:{closure:Illuminate\\Pipeline\\Pipeline::carry():194}:195}()
#33 /var/www/html/vendor/laravel/framework/src/Illuminate/Pipeline/Pipeline.php(219): Illuminate\\Http\\Middleware\\ValidatePostSize->handle()
#34 /var/www/html/vendor/laravel/framework/src/Illuminate/Foundation/Http/Middleware/PreventRequestsDuringMaintenance.php(109): Illuminate\\Pipeline\\Pipeline->{closure:{closure:Illuminate\\Pipeline\\Pipeline::carry():194}:195}()
#35 /var/www/html/vendor/laravel/framework/src/Illuminate/Pipeline/Pipeline.php(219): Illuminate\\Foundation\\Http\\Middleware\\PreventRequestsDuringMaintenance->handle()
#36 /var/www/html/vendor/laravel/framework/src/Illuminate/Http/Middleware/HandleCors.php(48): Illuminate\\Pipeline\\Pipeline->{closure:{closure:Illuminate\\Pipeline\\Pipeline::carry():194}:195}()
#37 /var/www/html/vendor/laravel/framework/src/Illuminate/Pipeline/Pipeline.php(219): Illuminate\\Http\\Middleware\\HandleCors->handle()
#38 /var/www/html/vendor/laravel/framework/src/Illuminate/Http/Middleware/TrustProxies.php(58): Illuminate\\Pipeline\\Pipeline->{closure:{closure:Illuminate\\Pipeline\\Pipeline::carry():194}:195}()
#39 /var/www/html/vendor/laravel/framework/src/Illuminate/Pipeline/Pipeline.php(219): Illuminate\\Http\\Middleware\\TrustProxies->handle()
#40 /var/www/html/vendor/laravel/framework/src/Illuminate/Foundation/Http/Middleware/InvokeDeferredCallbacks.php(22): Illuminate\\Pipeline\\Pipeline->{closure:{closure:Illuminate\\Pipeline\\Pipeline::carry():194}:195}()
#41 /var/www/html/vendor/laravel/framework/src/Illuminate/Pipeline/Pipeline.php(219): Illuminate\\Foundation\\Http\\Middleware\\InvokeDeferredCallbacks->handle()
#42 /var/www/html/vendor/laravel/framework/src/Illuminate/Http/Middleware/ValidatePathEncoding.php(26): Illuminate\\Pipeline\\Pipeline->{closure:{closure:Illuminate\\Pipeline\\Pipeline::carry():194}:195}()
#43 /var/www/html/vendor/laravel/framework/src/Illuminate/Pipeline/Pipeline.php(219): Illuminate\\Http\\Middleware\\ValidatePathEncoding->handle()
#44 /var/www/html/vendor/laravel/framework/src/Illuminate/Pipeline/Pipeline.php(137): Illuminate\\Pipeline\\Pipeline->{closure:{closure:Illuminate\\Pipeline\\Pipeline::carry():194}:195}()
#45 /var/www/html/vendor/laravel/framework/src/Illuminate/Foundation/Http/Kernel.php(175): Illuminate\\Pipeline\\Pipeline->then()
#46 /var/www/html/vendor/laravel/framework/src/Illuminate/Foundation/Http/Kernel.php(144): Illuminate\\Foundation\\Http\\Kernel->sendRequestThroughRouter()
#47 /var/www/html/vendor/laravel/framework/src/Illuminate/Foundation/Application.php(1220): Illuminate\\Foundation\\Http\\Kernel->handle()
#48 /var/www/html/public/index.php(20): Illuminate\\Foundation\\Application->handleRequest()
#49 /var/www/html/vendor/laravel/framework/src/Illuminate/Foundation/resources/server.php(23): require_once('...')
#50 {main}
"} 
[2025-12-03 15:39:28] local.ERROR: Route [login] not defined. {"exception":"[object] (Symfony\\Component\\Routing\\Exception\\RouteNotFoundException(code: 0): Route [login] not defined. at /var/www/html/vendor/laravel/framework/src/Illuminate/Routing/UrlGenerator.php:526)
[stacktrace]
#0 /var/www/html/vendor/laravel/framework/src/Illuminate/Foundation/helpers.php(871): Illuminate\\Routing\\UrlGenerator->route()
#1 /var/www/html/vendor/laravel/framework/src/Illuminate/Foundation/Configuration/ApplicationBuilder.php(278): route()
#2 [internal function]: Illuminate\\Foundation\\Configuration\\ApplicationBuilder->{closure:{closure:Illuminate\\Foundation\\Configuration\\ApplicationBuilder::withMiddleware():276}:278}()
#3 /var/www/html/vendor/laravel/framework/src/Illuminate/Auth/Middleware/Authenticate.php(117): call_user_func()
#4 /var/www/html/vendor/laravel/framework/src/Illuminate/Auth/Middleware/Authenticate.php(104): Illuminate\\Auth\\Middleware\\Authenticate->redirectTo()
#5 /var/www/html/vendor/laravel/framework/src/Illuminate/Auth/Middleware/Authenticate.php(87): Illuminate\\Auth\\Middleware\\Authenticate->unauthenticated()
#6 /var/www/html/vendor/laravel/framework/src/Illuminate/Auth/Middleware/Authenticate.php(61): Illuminate\\Auth\\Middleware\\Authenticate->authenticate()
#7 /var/www/html/vendor/laravel/framework/src/Illuminate/Pipeline/Pipeline.php(219): Illuminate\\Auth\\Middleware\\Authenticate->handle()
#8 /var/www/html/vendor/laravel/framework/src/Illuminate/Foundation/Http/Middleware/VerifyCsrfToken.php(87): Illuminate\\Pipeline\\Pipeline->{closure:{closure:Illuminate\\Pipeline\\Pipeline::carry():194}:195}()
#9 /var/www/html/vendor/laravel/framework/src/Illuminate/Pipeline/Pipeline.php(219): Illuminate\\Foundation\\Http\\Middleware\\VerifyCsrfToken->handle()
#10 /var/www/html/vendor/laravel/framework/src/Illuminate/View/Middleware/ShareErrorsFromSession.php(48): Illuminate\\Pipeline\\Pipeline->{closure:{closure:Illuminate\\Pipeline\\Pipeline::carry():194}:195}()
#11 /var/www/html/vendor/laravel/framework/src/Illuminate/Pipeline/Pipeline.php(219): Illuminate\\View\\Middleware\\ShareErrorsFromSession->handle()
#12 /var/www/html/vendor/laravel/framework/src/Illuminate/Session/Middleware/StartSession.php(120): Illuminate\\Pipeline\\Pipeline->{closure:{closure:Illuminate\\Pipeline\\Pipeline::carry():194}:195}()
#13 /var/www/html/vendor/laravel/framework/src/Illuminate/Session/Middleware/StartSession.php(63): Illuminate\\Session\\Middleware\\StartSession->handleStatefulRequest()
#14 /var/www/html/vendor/laravel/framework/src/Illuminate/Pipeline/Pipeline.php(219): Illuminate\\Session\\Middleware\\StartSession->handle()
#15 /var/www/html/vendor/laravel/framework/src/Illuminate/Cookie/Middleware/AddQueuedCookiesToResponse.php(36): Illuminate\\Pipeline\\Pipeline->{closure:{closure:Illuminate\\Pipeline\\Pipeline::carry():194}:195}()
#16 /var/www/html/vendor/laravel/framework/src/Illuminate/Pipeline/Pipeline.php(219): Illuminate\\Cookie\\Middleware\\AddQueuedCookiesToResponse->handle()
#17 /var/www/html/vendor/laravel/framework/src/Illuminate/Cookie/Middleware/EncryptCookies.php(74): Illuminate\\Pipeline\\Pipeline->{closure:{closure:Illuminate\\Pipeline\\Pipeline::carry():194}:195}()
#18 /var/www/html/vendor/laravel/framework/src/Illuminate/Pipeline/Pipeline.php(219): Illuminate\\Cookie\\Middleware\\EncryptCookies->handle()
#19 /var/www/html/vendor/laravel/framework/src/Illuminate/Pipeline/Pipeline.php(137): Illuminate\\Pipeline\\Pipeline->{closure:{closure:Illuminate\\Pipeline\\Pipeline::carry():194}:195}()
#20 /var/www/html/vendor/laravel/framework/src/Illuminate/Routing/Router.php(821): Illuminate\\Pipeline\\Pipeline->then()
#21 /var/www/html/vendor/laravel/framework/src/Illuminate/Routing/Router.php(800): Illuminate\\Routing\\Router->runRouteWithinStack()
#22 /var/www/html/vendor/laravel/framework/src/Illuminate/Routing/Router.php(764): Illuminate\\Routing\\Router->runRoute()
#23 /var/www/html/vendor/laravel/framework/src/Illuminate/Routing/Router.php(753): Illuminate\\Routing\\Router->dispatchToRoute()
#24 /var/www/html/vendor/laravel/framework/src/Illuminate/Foundation/Http/Kernel.php(200): Illuminate\\Routing\\Router->dispatch()
#25 /var/www/html/vendor/laravel/framework/src/Illuminate/Pipeline/Pipeline.php(180): Illuminate\\Foundation\\Http\\Kernel->{closure:Illuminate\\Foundation\\Http\\Kernel::dispatchToRouter():197}()
#26 /var/www/html/vendor/laravel/framework/src/Illuminate/Foundation/Http/Middleware/TransformsRequest.php(21): Illuminate\\Pipeline\\Pipeline->{closure:Illuminate\\Pipeline\\Pipeline::prepareDestination():178}()
#27 /var/www/html/vendor/laravel/framework/src/Illuminate/Foundation/Http/Middleware/ConvertEmptyStringsToNull.php(31): Illuminate\\Foundation\\Http\\Middleware\\TransformsRequest->handle()
#28 /var/www/html/vendor/laravel/framework/src/Illuminate/Pipeline/Pipeline.php(219): Illuminate\\Foundation\\Http\\Middleware\\ConvertEmptyStringsToNull->handle()
#29 /var/www/html/vendor/laravel/framework/src/Illuminate/Foundation/Http/Middleware/TransformsRequest.php(21): Illuminate\\Pipeline\\Pipeline->{closure:{closure:Illuminate\\Pipeline\\Pipeline::carry():194}:195}()
#30 /var/www/html/vendor/laravel/framework/src/Illuminate/Foundation/Http/Middleware/TrimStrings.php(51): Illuminate\\Foundation\\Http\\Middleware\\TransformsRequest->handle()
#31 /var/www/html/vendor/laravel/framework/src/Illuminate/Pipeline/Pipeline.php(219): Illuminate\\Foundation\\Http\\Middleware\\TrimStrings->handle()
#32 /var/www/html/vendor/laravel/framework/src/Illuminate/Http/Middleware/ValidatePostSize.php(27): Illuminate\\Pipeline\\Pipeline->{closure:{closure:Illuminate\\Pipeline\\Pipeline::carry():194}:195}()
#33 /var/www/html/vendor/laravel/framework/src/Illuminate/Pipeline/Pipeline.php(219): Illuminate\\Http\\Middleware\\ValidatePostSize->handle()
#34 /var/www/html/vendor/laravel/framework/src/Illuminate/Foundation/Http/Middleware/PreventRequestsDuringMaintenance.php(109): Illuminate\\Pipeline\\Pipeline->{closure:{closure:Illuminate\\Pipeline\\Pipeline::carry():194}:195}()
#35 /var/www/html/vendor/laravel/framework/src/Illuminate/Pipeline/Pipeline.php(219): Illuminate\\Foundation\\Http\\Middleware\\PreventRequestsDuringMaintenance->handle()
#36 /var/www/html/vendor/laravel/framework/src/Illuminate/Http/Middleware/HandleCors.php(48): Illuminate\\Pipeline\\Pipeline->{closure:{closure:Illuminate\\Pipeline\\Pipeline::carry():194}:195}()
#37 /var/www/html/vendor/laravel/framework/src/Illuminate/Pipeline/Pipeline.php(219): Illuminate\\Http\\Middleware\\HandleCors->handle()
#38 /var/www/html/vendor/laravel/framework/src/Illuminate/Http/Middleware/TrustProxies.php(58): Illuminate\\Pipeline\\Pipeline->{closure:{closure:Illuminate\\Pipeline\\Pipeline::carry():194}:195}()
#39 /var/www/html/vendor/laravel/framework/src/Illuminate/Pipeline/Pipeline.php(219): Illuminate\\Http\\Middleware\\TrustProxies->handle()
#40 /var/www/html/vendor/laravel/framework/src/Illuminate/Foundation/Http/Middleware/InvokeDeferredCallbacks.php(22): Illuminate\\Pipeline\\Pipeline->{closure:{closure:Illuminate\\Pipeline\\Pipeline::carry():194}:195}()
#41 /var/www/html/vendor/laravel/framework/src/Illuminate/Pipeline/Pipeline.php(219): Illuminate\\Foundation\\Http\\Middleware\\InvokeDeferredCallbacks->handle()
#42 /var/www/html/vendor/laravel/framework/src/Illuminate/Http/Middleware/ValidatePathEncoding.php(26): Illuminate\\Pipeline\\Pipeline->{closure:{closure:Illuminate\\Pipeline\\Pipeline::carry():194}:195}()
#43 /var/www/html/vendor/laravel/framework/src/Illuminate/Pipeline/Pipeline.php(219): Illuminate\\Http\\Middleware\\ValidatePathEncoding->handle()
#44 /var/www/html/vendor/laravel/framework/src/Illuminate/Pipeline/Pipeline.php(137): Illuminate\\Pipeline\\Pipeline->{closure:{closure:Illuminate\\Pipeline\\Pipeline::carry():194}:195}()
#45 /var/www/html/vendor/laravel/framework/src/Illuminate/Foundation/Http/Kernel.php(175): Illuminate\\Pipeline\\Pipeline->then()
#46 /var/www/html/vendor/laravel/framework/src/Illuminate/Foundation/Http/Kernel.php(144): Illuminate\\Foundation\\Http\\Kernel->sendRequestThroughRouter()
#47 /var/www/html/vendor/laravel/framework/src/Illuminate/Foundation/Application.php(1220): Illuminate\\Foundation\\Http\\Kernel->handle()
#48 /var/www/html/public/index.php(20): Illuminate\\Foundation\\Application->handleRequest()
#49 /var/www/html/vendor/laravel/framework/src/Illuminate/Foundation/resources/server.php(23): require_once('...')
#50 {main}
"} 
[2025-12-03 15:39:39] local.ERROR: Route [login] not defined. {"exception":"[object] (Symfony\\Component\\Routing\\Exception\\RouteNotFoundException(code: 0): Route [login] not defined. at /var/www/html/vendor/laravel/framework/src/Illuminate/Routing/UrlGenerator.php:526)
[stacktrace]
#0 /var/www/html/vendor/laravel/framework/src/Illuminate/Foundation/helpers.php(871): Illuminate\\Routing\\UrlGenerator->route()
#1 /var/www/html/vendor/laravel/framework/src/Illuminate/Foundation/Configuration/ApplicationBuilder.php(278): route()
#2 [internal function]: Illuminate\\Foundation\\Configuration\\ApplicationBuilder->{closure:{closure:Illuminate\\Foundation\\Configuration\\ApplicationBuilder::withMiddleware():276}:278}()
#3 /var/www/html/vendor/laravel/framework/src/Illuminate/Auth/Middleware/Authenticate.php(117): call_user_func()
#4 /var/www/html/vendor/laravel/framework/src/Illuminate/Auth/Middleware/Authenticate.php(104): Illuminate\\Auth\\Middleware\\Authenticate->redirectTo()
#5 /var/www/html/vendor/laravel/framework/src/Illuminate/Auth/Middleware/Authenticate.php(87): Illuminate\\Auth\\Middleware\\Authenticate->unauthenticated()
#6 /var/www/html/vendor/laravel/framework/src/Illuminate/Auth/Middleware/Authenticate.php(61): Illuminate\\Auth\\Middleware\\Authenticate->authenticate()
#7 /var/www/html/vendor/laravel/framework/src/Illuminate/Pipeline/Pipeline.php(219): Illuminate\\Auth\\Middleware\\Authenticate->handle()
#8 /var/www/html/vendor/laravel/framework/src/Illuminate/Foundation/Http/Middleware/VerifyCsrfToken.php(87): Illuminate\\Pipeline\\Pipeline->{closure:{closure:Illuminate\\Pipeline\\Pipeline::carry():194}:195}()
#9 /var/www/html/vendor/laravel/framework/src/Illuminate/Pipeline/Pipeline.php(219): Illuminate\\Foundation\\Http\\Middleware\\VerifyCsrfToken->handle()
#10 /var/www/html/vendor/laravel/framework/src/Illuminate/View/Middleware/ShareErrorsFromSession.php(48): Illuminate\\Pipeline\\Pipeline->{closure:{closure:Illuminate\\Pipeline\\Pipeline::carry():194}:195}()
#11 /var/www/html/vendor/laravel/framework/src/Illuminate/Pipeline/Pipeline.php(219): Illuminate\\View\\Middleware\\ShareErrorsFromSession->handle()
#12 /var/www/html/vendor/laravel/framework/src/Illuminate/Session/Middleware/StartSession.php(120): Illuminate\\Pipeline\\Pipeline->{closure:{closure:Illuminate\\Pipeline\\Pipeline::carry():194}:195}()
#13 /var/www/html/vendor/laravel/framework/src/Illuminate/Session/Middleware/StartSession.php(63): Illuminate\\Session\\Middleware\\StartSession->handleStatefulRequest()
#14 /var/www/html/vendor/laravel/framework/src/Illuminate/Pipeline/Pipeline.php(219): Illuminate\\Session\\Middleware\\StartSession->handle()
#15 /var/www/html/vendor/laravel/framework/src/Illuminate/Cookie/Middleware/AddQueuedCookiesToResponse.php(36): Illuminate\\Pipeline\\Pipeline->{closure:{closure:Illuminate\\Pipeline\\Pipeline::carry():194}:195}()
#16 /var/www/html/vendor/laravel/framework/src/Illuminate/Pipeline/Pipeline.php(219): Illuminate\\Cookie\\Middleware\\AddQueuedCookiesToResponse->handle()
#17 /var/www/html/vendor/laravel/framework/src/Illuminate/Cookie/Middleware/EncryptCookies.php(74): Illuminate\\Pipeline\\Pipeline->{closure:{closure:Illuminate\\Pipeline\\Pipeline::carry():194}:195}()
#18 /var/www/html/vendor/laravel/framework/src/Illuminate/Pipeline/Pipeline.php(219): Illuminate\\Cookie\\Middleware\\EncryptCookies->handle()
#19 /var/www/html/vendor/laravel/framework/src/Illuminate/Pipeline/Pipeline.php(137): Illuminate\\Pipeline\\Pipeline->{closure:{closure:Illuminate\\Pipeline\\Pipeline::carry():194}:195}()
#20 /var/www/html/vendor/laravel/framework/src/Illuminate/Routing/Router.php(821): Illuminate\\Pipeline\\Pipeline->then()
#21 /var/www/html/vendor/laravel/framework/src/Illuminate/Routing/Router.php(800): Illuminate\\Routing\\Router->runRouteWithinStack()
#22 /var/www/html/vendor/laravel/framework/src/Illuminate/Routing/Router.php(764): Illuminate\\Routing\\Router->runRoute()
#23 /var/www/html/vendor/laravel/framework/src/Illuminate/Routing/Router.php(753): Illuminate\\Routing\\Router->dispatchToRoute()
#24 /var/www/html/vendor/laravel/framework/src/Illuminate/Foundation/Http/Kernel.php(200): Illuminate\\Routing\\Router->dispatch()
#25 /var/www/html/vendor/laravel/framework/src/Illuminate/Pipeline/Pipeline.php(180): Illuminate\\Foundation\\Http\\Kernel->{closure:Illuminate\\Foundation\\Http\\Kernel::dispatchToRouter():197}()
#26 /var/www/html/vendor/laravel/framework/src/Illuminate/Foundation/Http/Middleware/TransformsRequest.php(21): Illuminate\\Pipeline\\Pipeline->{closure:Illuminate\\Pipeline\\Pipeline::prepareDestination():178}()
#27 /var/www/html/vendor/laravel/framework/src/Illuminate/Foundation/Http/Middleware/ConvertEmptyStringsToNull.php(31): Illuminate\\Foundation\\Http\\Middleware\\TransformsRequest->handle()
#28 /var/www/html/vendor/laravel/framework/src/Illuminate/Pipeline/Pipeline.php(219): Illuminate\\Foundation\\Http\\Middleware\\ConvertEmptyStringsToNull->handle()
#29 /var/www/html/vendor/laravel/framework/src/Illuminate/Foundation/Http/Middleware/TransformsRequest.php(21): Illuminate\\Pipeline\\Pipeline->{closure:{closure:Illuminate\\Pipeline\\Pipeline::carry():194}:195}()
#30 /var/www/html/vendor/laravel/framework/src/Illuminate/Foundation/Http/Middleware/TrimStrings.php(51): Illuminate\\Foundation\\Http\\Middleware\\TransformsRequest->handle()
#31 /var/www/html/vendor/laravel/framework/src/Illuminate/Pipeline/Pipeline.php(219): Illuminate\\Foundation\\Http\\Middleware\\TrimStrings->handle()
#32 /var/www/html/vendor/laravel/framework/src/Illuminate/Http/Middleware/ValidatePostSize.php(27): Illuminate\\Pipeline\\Pipeline->{closure:{closure:Illuminate\\Pipeline\\Pipeline::carry():194}:195}()
#33 /var/www/html/vendor/laravel/framework/src/Illuminate/Pipeline/Pipeline.php(219): Illuminate\\Http\\Middleware\\ValidatePostSize->handle()
#34 /var/www/html/vendor/laravel/framework/src/Illuminate/Foundation/Http/Middleware/PreventRequestsDuringMaintenance.php(109): Illuminate\\Pipeline\\Pipeline->{closure:{closure:Illuminate\\Pipeline\\Pipeline::carry():194}:195}()
#35 /var/www/html/vendor/laravel/framework/src/Illuminate/Pipeline/Pipeline.php(219): Illuminate\\Foundation\\Http\\Middleware\\PreventRequestsDuringMaintenance->handle()
#36 /var/www/html/vendor/laravel/framework/src/Illuminate/Http/Middleware/HandleCors.php(48): Illuminate\\Pipeline\\Pipeline->{closure:{closure:Illuminate\\Pipeline\\Pipeline::carry():194}:195}()
#37 /var/www/html/vendor/laravel/framework/src/Illuminate/Pipeline/Pipeline.php(219): Illuminate\\Http\\Middleware\\HandleCors->handle()
#38 /var/www/html/vendor/laravel/framework/src/Illuminate/Http/Middleware/TrustProxies.php(58): Illuminate\\Pipeline\\Pipeline->{closure:{closure:Illuminate\\Pipeline\\Pipeline::carry():194}:195}()
#39 /var/www/html/vendor/laravel/framework/src/Illuminate/Pipeline/Pipeline.php(219): Illuminate\\Http\\Middleware\\TrustProxies->handle()
#40 /var/www/html/vendor/laravel/framework/src/Illuminate/Foundation/Http/Middleware/InvokeDeferredCallbacks.php(22): Illuminate\\Pipeline\\Pipeline->{closure:{closure:Illuminate\\Pipeline\\Pipeline::carry():194}:195}()
#41 /var/www/html/vendor/laravel/framework/src/Illuminate/Pipeline/Pipeline.php(219): Illuminate\\Foundation\\Http\\Middleware\\InvokeDeferredCallbacks->handle()
#42 /var/www/html/vendor/laravel/framework/src/Illuminate/Http/Middleware/ValidatePathEncoding.php(26): Illuminate\\Pipeline\\Pipeline->{closure:{closure:Illuminate\\Pipeline\\Pipeline::carry():194}:195}()
#43 /var/www/html/vendor/laravel/framework/src/Illuminate/Pipeline/Pipeline.php(219): Illuminate\\Http\\Middleware\\ValidatePathEncoding->handle()
#44 /var/www/html/vendor/laravel/framework/src/Illuminate/Pipeline/Pipeline.php(137): Illuminate\\Pipeline\\Pipeline->{closure:{closure:Illuminate\\Pipeline\\Pipeline::carry():194}:195}()
#45 /var/www/html/vendor/laravel/framework/src/Illuminate/Foundation/Http/Kernel.php(175): Illuminate\\Pipeline\\Pipeline->then()
#46 /var/www/html/vendor/laravel/framework/src/Illuminate/Foundation/Http/Kernel.php(144): Illuminate\\Foundation\\Http\\Kernel->sendRequestThroughRouter()
#47 /var/www/html/vendor/laravel/framework/src/Illuminate/Foundation/Application.php(1220): Illuminate\\Foundation\\Http\\Kernel->handle()
#48 /var/www/html/public/index.php(20): Illuminate\\Foundation\\Application->handleRequest()
#49 /var/www/html/vendor/laravel/framework/src/Illuminate/Foundation/resources/server.php(23): require_once('...')
#50 {main}
"} 
[2025-12-03 15:45:43] local.ERROR: Route [login] not defined. {"exception":"[object] (Symfony\\Component\\Routing\\Exception\\RouteNotFoundException(code: 0): Route [login] not defined. at /var/www/html/vendor/laravel/framework/src/Illuminate/Routing/UrlGenerator.php:526)
[stacktrace]
#0 /var/www/html/vendor/laravel/framework/src/Illuminate/Foundation/helpers.php(871): Illuminate\\Routing\\UrlGenerator->route()
#1 /var/www/html/vendor/laravel/framework/src/Illuminate/Foundation/Configuration/ApplicationBuilder.php(278): route()
#2 [internal function]: Illuminate\\Foundation\\Configuration\\ApplicationBuilder->{closure:{closure:Illuminate\\Foundation\\Configuration\\ApplicationBuilder::withMiddleware():276}:278}()
#3 /var/www/html/vendor/laravel/framework/src/Illuminate/Auth/Middleware/Authenticate.php(117): call_user_func()
#4 /var/www/html/vendor/laravel/framework/src/Illuminate/Auth/Middleware/Authenticate.php(104): Illuminate\\Auth\\Middleware\\Authenticate->redirectTo()
#5 /var/www/html/vendor/laravel/framework/src/Illuminate/Auth/Middleware/Authenticate.php(87): Illuminate\\Auth\\Middleware\\Authenticate->unauthenticated()
#6 /var/www/html/vendor/laravel/framework/src/Illuminate/Auth/Middleware/Authenticate.php(61): Illuminate\\Auth\\Middleware\\Authenticate->authenticate()
#7 /var/www/html/vendor/laravel/framework/src/Illuminate/Pipeline/Pipeline.php(219): Illuminate\\Auth\\Middleware\\Authenticate->handle()
#8 /var/www/html/vendor/laravel/framework/src/Illuminate/Foundation/Http/Middleware/VerifyCsrfToken.php(87): Illuminate\\Pipeline\\Pipeline->{closure:{closure:Illuminate\\Pipeline\\Pipeline::carry():194}:195}()
#9 /var/www/html/vendor/laravel/framework/src/Illuminate/Pipeline/Pipeline.php(219): Illuminate\\Foundation\\Http\\Middleware\\VerifyCsrfToken->handle()
#10 /var/www/html/vendor/laravel/framework/src/Illuminate/View/Middleware/ShareErrorsFromSession.php(48): Illuminate\\Pipeline\\Pipeline->{closure:{closure:Illuminate\\Pipeline\\Pipeline::carry():194}:195}()
#11 /var/www/html/vendor/laravel/framework/src/Illuminate/Pipeline/Pipeline.php(219): Illuminate\\View\\Middleware\\ShareErrorsFromSession->handle()
#12 /var/www/html/vendor/laravel/framework/src/Illuminate/Session/Middleware/StartSession.php(120): Illuminate\\Pipeline\\Pipeline->{closure:{closure:Illuminate\\Pipeline\\Pipeline::carry():194}:195}()
#13 /var/www/html/vendor/laravel/framework/src/Illuminate/Session/Middleware/StartSession.php(63): Illuminate\\Session\\Middleware\\StartSession->handleStatefulRequest()
#14 /var/www/html/vendor/laravel/framework/src/Illuminate/Pipeline/Pipeline.php(219): Illuminate\\Session\\Middleware\\StartSession->handle()
#15 /var/www/html/vendor/laravel/framework/src/Illuminate/Cookie/Middleware/AddQueuedCookiesToResponse.php(36): Illuminate\\Pipeline\\Pipeline->{closure:{closure:Illuminate\\Pipeline\\Pipeline::carry():194}:195}()
#16 /var/www/html/vendor/laravel/framework/src/Illuminate/Pipeline/Pipeline.php(219): Illuminate\\Cookie\\Middleware\\AddQueuedCookiesToResponse->handle()
#17 /var/www/html/vendor/laravel/framework/src/Illuminate/Cookie/Middleware/EncryptCookies.php(74): Illuminate\\Pipeline\\Pipeline->{closure:{closure:Illuminate\\Pipeline\\Pipeline::carry():194}:195}()
#18 /var/www/html/vendor/laravel/framework/src/Illuminate/Pipeline/Pipeline.php(219): Illuminate\\Cookie\\Middleware\\EncryptCookies->handle()
#19 /var/www/html/vendor/laravel/framework/src/Illuminate/Pipeline/Pipeline.php(137): Illuminate\\Pipeline\\Pipeline->{closure:{closure:Illuminate\\Pipeline\\Pipeline::carry():194}:195}()
#20 /var/www/html/vendor/laravel/framework/src/Illuminate/Routing/Router.php(821): Illuminate\\Pipeline\\Pipeline->then()
#21 /var/www/html/vendor/laravel/framework/src/Illuminate/Routing/Router.php(800): Illuminate\\Routing\\Router->runRouteWithinStack()
#22 /var/www/html/vendor/laravel/framework/src/Illuminate/Routing/Router.php(764): Illuminate\\Routing\\Router->runRoute()
#23 /var/www/html/vendor/laravel/framework/src/Illuminate/Routing/Router.php(753): Illuminate\\Routing\\Router->dispatchToRoute()
#24 /var/www/html/vendor/laravel/framework/src/Illuminate/Foundation/Http/Kernel.php(200): Illuminate\\Routing\\Router->dispatch()
#25 /var/www/html/vendor/laravel/framework/src/Illuminate/Pipeline/Pipeline.php(180): Illuminate\\Foundation\\Http\\Kernel->{closure:Illuminate\\Foundation\\Http\\Kernel::dispatchToRouter():197}()
#26 /var/www/html/vendor/laravel/framework/src/Illuminate/Foundation/Http/Middleware/TransformsRequest.php(21): Illuminate\\Pipeline\\Pipeline->{closure:Illuminate\\Pipeline\\Pipeline::prepareDestination():178}()
#27 /var/www/html/vendor/laravel/framework/src/Illuminate/Foundation/Http/Middleware/ConvertEmptyStringsToNull.php(31): Illuminate\\Foundation\\Http\\Middleware\\TransformsRequest->handle()
#28 /var/www/html/vendor/laravel/framework/src/Illuminate/Pipeline/Pipeline.php(219): Illuminate\\Foundation\\Http\\Middleware\\ConvertEmptyStringsToNull->handle()
#29 /var/www/html/vendor/laravel/framework/src/Illuminate/Foundation/Http/Middleware/TransformsRequest.php(21): Illuminate\\Pipeline\\Pipeline->{closure:{closure:Illuminate\\Pipeline\\Pipeline::carry():194}:195}()
#30 /var/www/html/vendor/laravel/framework/src/Illuminate/Foundation/Http/Middleware/TrimStrings.php(51): Illuminate\\Foundation\\Http\\Middleware\\TransformsRequest->handle()
#31 /var/www/html/vendor/laravel/framework/src/Illuminate/Pipeline/Pipeline.php(219): Illuminate\\Foundation\\Http\\Middleware\\TrimStrings->handle()
#32 /var/www/html/vendor/laravel/framework/src/Illuminate/Http/Middleware/ValidatePostSize.php(27): Illuminate\\Pipeline\\Pipeline->{closure:{closure:Illuminate\\Pipeline\\Pipeline::carry():194}:195}()
#33 /var/www/html/vendor/laravel/framework/src/Illuminate/Pipeline/Pipeline.php(219): Illuminate\\Http\\Middleware\\ValidatePostSize->handle()
#34 /var/www/html/vendor/laravel/framework/src/Illuminate/Foundation/Http/Middleware/PreventRequestsDuringMaintenance.php(109): Illuminate\\Pipeline\\Pipeline->{closure:{closure:Illuminate\\Pipeline\\Pipeline::carry():194}:195}()
#35 /var/www/html/vendor/laravel/framework/src/Illuminate/Pipeline/Pipeline.php(219): Illuminate\\Foundation\\Http\\Middleware\\PreventRequestsDuringMaintenance->handle()
#36 /var/www/html/vendor/laravel/framework/src/Illuminate/Http/Middleware/HandleCors.php(48): Illuminate\\Pipeline\\Pipeline->{closure:{closure:Illuminate\\Pipeline\\Pipeline::carry():194}:195}()
#37 /var/www/html/vendor/laravel/framework/src/Illuminate/Pipeline/Pipeline.php(219): Illuminate\\Http\\Middleware\\HandleCors->handle()
#38 /var/www/html/vendor/laravel/framework/src/Illuminate/Http/Middleware/TrustProxies.php(58): Illuminate\\Pipeline\\Pipeline->{closure:{closure:Illuminate\\Pipeline\\Pipeline::carry():194}:195}()
#39 /var/www/html/vendor/laravel/framework/src/Illuminate/Pipeline/Pipeline.php(219): Illuminate\\Http\\Middleware\\TrustProxies->handle()
#40 /var/www/html/vendor/laravel/framework/src/Illuminate/Foundation/Http/Middleware/InvokeDeferredCallbacks.php(22): Illuminate\\Pipeline\\Pipeline->{closure:{closure:Illuminate\\Pipeline\\Pipeline::carry():194}:195}()
#41 /var/www/html/vendor/laravel/framework/src/Illuminate/Pipeline/Pipeline.php(219): Illuminate\\Foundation\\Http\\Middleware\\InvokeDeferredCallbacks->handle()
#42 /var/www/html/vendor/laravel/framework/src/Illuminate/Http/Middleware/ValidatePathEncoding.php(26): Illuminate\\Pipeline\\Pipeline->{closure:{closure:Illuminate\\Pipeline\\Pipeline::carry():194}:195}()
#43 /var/www/html/vendor/laravel/framework/src/Illuminate/Pipeline/Pipeline.php(219): Illuminate\\Http\\Middleware\\ValidatePathEncoding->handle()
#44 /var/www/html/vendor/laravel/framework/src/Illuminate/Pipeline/Pipeline.php(137): Illuminate\\Pipeline\\Pipeline->{closure:{closure:Illuminate\\Pipeline\\Pipeline::carry():194}:195}()
#45 /var/www/html/vendor/laravel/framework/src/Illuminate/Foundation/Http/Kernel.php(175): Illuminate\\Pipeline\\Pipeline->then()
#46 /var/www/html/vendor/laravel/framework/src/Illuminate/Foundation/Http/Kernel.php(144): Illuminate\\Foundation\\Http\\Kernel->sendRequestThroughRouter()
#47 /var/www/html/vendor/laravel/framework/src/Illuminate/Foundation/Application.php(1220): Illuminate\\Foundation\\Http\\Kernel->handle()
#48 /var/www/html/public/index.php(20): Illuminate\\Foundation\\Application->handleRequest()
#49 /var/www/html/vendor/laravel/framework/src/Illuminate/Foundation/resources/server.php(23): require_once('...')
#50 {main}
"} 
[2025-12-03 15:51:28] local.ERROR: Route [login] not defined. {"exception":"[object] (Symfony\\Component\\Routing\\Exception\\RouteNotFoundException(code: 0): Route [login] not defined. at /var/www/html/vendor/laravel/framework/src/Illuminate/Routing/UrlGenerator.php:526)
[stacktrace]
#0 /var/www/html/vendor/laravel/framework/src/Illuminate/Foundation/helpers.php(871): Illuminate\\Routing\\UrlGenerator->route()
#1 /var/www/html/vendor/laravel/framework/src/Illuminate/Foundation/Configuration/ApplicationBuilder.php(278): route()
#2 [internal function]: Illuminate\\Foundation\\Configuration\\ApplicationBuilder->{closure:{closure:Illuminate\\Foundation\\Configuration\\ApplicationBuilder::withMiddleware():276}:278}()
#3 /var/www/html/vendor/laravel/framework/src/Illuminate/Auth/Middleware/Authenticate.php(117): call_user_func()
#4 /var/www/html/vendor/laravel/framework/src/Illuminate/Auth/Middleware/Authenticate.php(104): Illuminate\\Auth\\Middleware\\Authenticate->redirectTo()
#5 /var/www/html/vendor/laravel/framework/src/Illuminate/Auth/Middleware/Authenticate.php(87): Illuminate\\Auth\\Middleware\\Authenticate->unauthenticated()
#6 /var/www/html/vendor/laravel/framework/src/Illuminate/Auth/Middleware/Authenticate.php(61): Illuminate\\Auth\\Middleware\\Authenticate->authenticate()
#7 /var/www/html/vendor/laravel/framework/src/Illuminate/Pipeline/Pipeline.php(219): Illuminate\\Auth\\Middleware\\Authenticate->handle()
#8 /var/www/html/vendor/laravel/framework/src/Illuminate/Foundation/Http/Middleware/VerifyCsrfToken.php(87): Illuminate\\Pipeline\\Pipeline->{closure:{closure:Illuminate\\Pipeline\\Pipeline::carry():194}:195}()
#9 /var/www/html/vendor/laravel/framework/src/Illuminate/Pipeline/Pipeline.php(219): Illuminate\\Foundation\\Http\\Middleware\\VerifyCsrfToken->handle()
#10 /var/www/html/vendor/laravel/framework/src/Illuminate/View/Middleware/ShareErrorsFromSession.php(48): Illuminate\\Pipeline\\Pipeline->{closure:{closure:Illuminate\\Pipeline\\Pipeline::carry():194}:195}()
#11 /var/www/html/vendor/laravel/framework/src/Illuminate/Pipeline/Pipeline.php(219): Illuminate\\View\\Middleware\\ShareErrorsFromSession->handle()
#12 /var/www/html/vendor/laravel/framework/src/Illuminate/Session/Middleware/StartSession.php(120): Illuminate\\Pipeline\\Pipeline->{closure:{closure:Illuminate\\Pipeline\\Pipeline::carry():194}:195}()
#13 /var/www/html/vendor/laravel/framework/src/Illuminate/Session/Middleware/StartSession.php(63): Illuminate\\Session\\Middleware\\StartSession->handleStatefulRequest()
#14 /var/www/html/vendor/laravel/framework/src/Illuminate/Pipeline/Pipeline.php(219): Illuminate\\Session\\Middleware\\StartSession->handle()
#15 /var/www/html/vendor/laravel/framework/src/Illuminate/Cookie/Middleware/AddQueuedCookiesToResponse.php(36): Illuminate\\Pipeline\\Pipeline->{closure:{closure:Illuminate\\Pipeline\\Pipeline::carry():194}:195}()
#16 /var/www/html/vendor/laravel/framework/src/Illuminate/Pipeline/Pipeline.php(219): Illuminate\\Cookie\\Middleware\\AddQueuedCookiesToResponse->handle()
#17 /var/www/html/vendor/laravel/framework/src/Illuminate/Cookie/Middleware/EncryptCookies.php(74): Illuminate\\Pipeline\\Pipeline->{closure:{closure:Illuminate\\Pipeline\\Pipeline::carry():194}:195}()
#18 /var/www/html/vendor/laravel/framework/src/Illuminate/Pipeline/Pipeline.php(219): Illuminate\\Cookie\\Middleware\\EncryptCookies->handle()
#19 /var/www/html/vendor/laravel/framework/src/Illuminate/Pipeline/Pipeline.php(137): Illuminate\\Pipeline\\Pipeline->{closure:{closure:Illuminate\\Pipeline\\Pipeline::carry():194}:195}()
#20 /var/www/html/vendor/laravel/framework/src/Illuminate/Routing/Router.php(821): Illuminate\\Pipeline\\Pipeline->then()
#21 /var/www/html/vendor/laravel/framework/src/Illuminate/Routing/Router.php(800): Illuminate\\Routing\\Router->runRouteWithinStack()
#22 /var/www/html/vendor/laravel/framework/src/Illuminate/Routing/Router.php(764): Illuminate\\Routing\\Router->runRoute()
#23 /var/www/html/vendor/laravel/framework/src/Illuminate/Routing/Router.php(753): Illuminate\\Routing\\Router->dispatchToRoute()
#24 /var/www/html/vendor/laravel/framework/src/Illuminate/Foundation/Http/Kernel.php(200): Illuminate\\Routing\\Router->dispatch()
#25 /var/www/html/vendor/laravel/framework/src/Illuminate/Pipeline/Pipeline.php(180): Illuminate\\Foundation\\Http\\Kernel->{closure:Illuminate\\Foundation\\Http\\Kernel::dispatchToRouter():197}()
#26 /var/www/html/vendor/laravel/framework/src/Illuminate/Foundation/Http/Middleware/TransformsRequest.php(21): Illuminate\\Pipeline\\Pipeline->{closure:Illuminate\\Pipeline\\Pipeline::prepareDestination():178}()
#27 /var/www/html/vendor/laravel/framework/src/Illuminate/Foundation/Http/Middleware/ConvertEmptyStringsToNull.php(31): Illuminate\\Foundation\\Http\\Middleware\\TransformsRequest->handle()
#28 /var/www/html/vendor/laravel/framework/src/Illuminate/Pipeline/Pipeline.php(219): Illuminate\\Foundation\\Http\\Middleware\\ConvertEmptyStringsToNull->handle()
#29 /var/www/html/vendor/laravel/framework/src/Illuminate/Foundation/Http/Middleware/TransformsRequest.php(21): Illuminate\\Pipeline\\Pipeline->{closure:{closure:Illuminate\\Pipeline\\Pipeline::carry():194}:195}()
#30 /var/www/html/vendor/laravel/framework/src/Illuminate/Foundation/Http/Middleware/TrimStrings.php(51): Illuminate\\Foundation\\Http\\Middleware\\TransformsRequest->handle()
#31 /var/www/html/vendor/laravel/framework/src/Illuminate/Pipeline/Pipeline.php(219): Illuminate\\Foundation\\Http\\Middleware\\TrimStrings->handle()
#32 /var/www/html/vendor/laravel/framework/src/Illuminate/Http/Middleware/ValidatePostSize.php(27): Illuminate\\Pipeline\\Pipeline->{closure:{closure:Illuminate\\Pipeline\\Pipeline::carry():194}:195}()
#33 /var/www/html/vendor/laravel/framework/src/Illuminate/Pipeline/Pipeline.php(219): Illuminate\\Http\\Middleware\\ValidatePostSize->handle()
#34 /var/www/html/vendor/laravel/framework/src/Illuminate/Foundation/Http/Middleware/PreventRequestsDuringMaintenance.php(109): Illuminate\\Pipeline\\Pipeline->{closure:{closure:Illuminate\\Pipeline\\Pipeline::carry():194}:195}()
#35 /var/www/html/vendor/laravel/framework/src/Illuminate/Pipeline/Pipeline.php(219): Illuminate\\Foundation\\Http\\Middleware\\PreventRequestsDuringMaintenance->handle()
#36 /var/www/html/vendor/laravel/framework/src/Illuminate/Http/Middleware/HandleCors.php(48): Illuminate\\Pipeline\\Pipeline->{closure:{closure:Illuminate\\Pipeline\\Pipeline::carry():194}:195}()
#37 /var/www/html/vendor/laravel/framework/src/Illuminate/Pipeline/Pipeline.php(219): Illuminate\\Http\\Middleware\\HandleCors->handle()
#38 /var/www/html/vendor/laravel/framework/src/Illuminate/Http/Middleware/TrustProxies.php(58): Illuminate\\Pipeline\\Pipeline->{closure:{closure:Illuminate\\Pipeline\\Pipeline::carry():194}:195}()
#39 /var/www/html/vendor/laravel/framework/src/Illuminate/Pipeline/Pipeline.php(219): Illuminate\\Http\\Middleware\\TrustProxies->handle()
#40 /var/www/html/vendor/laravel/framework/src/Illuminate/Foundation/Http/Middleware/InvokeDeferredCallbacks.php(22): Illuminate\\Pipeline\\Pipeline->{closure:{closure:Illuminate\\Pipeline\\Pipeline::carry():194}:195}()
#41 /var/www/html/vendor/laravel/framework/src/Illuminate/Pipeline/Pipeline.php(219): Illuminate\\Foundation\\Http\\Middleware\\InvokeDeferredCallbacks->handle()
#42 /var/www/html/vendor/laravel/framework/src/Illuminate/Http/Middleware/ValidatePathEncoding.php(26): Illuminate\\Pipeline\\Pipeline->{closure:{closure:Illuminate\\Pipeline\\Pipeline::carry():194}:195}()
#43 /var/www/html/vendor/laravel/framework/src/Illuminate/Pipeline/Pipeline.php(219): Illuminate\\Http\\Middleware\\ValidatePathEncoding->handle()
#44 /var/www/html/vendor/laravel/framework/src/Illuminate/Pipeline/Pipeline.php(137): Illuminate\\Pipeline\\Pipeline->{closure:{closure:Illuminate\\Pipeline\\Pipeline::carry():194}:195}()
#45 /var/www/html/vendor/laravel/framework/src/Illuminate/Foundation/Http/Kernel.php(175): Illuminate\\Pipeline\\Pipeline->then()
#46 /var/www/html/vendor/laravel/framework/src/Illuminate/Foundation/Http/Kernel.php(144): Illuminate\\Foundation\\Http\\Kernel->sendRequestThroughRouter()
#47 /var/www/html/vendor/laravel/framework/src/Illuminate/Foundation/Application.php(1220): Illuminate\\Foundation\\Http\\Kernel->handle()
#48 /var/www/html/public/index.php(20): Illuminate\\Foundation\\Application->handleRequest()
#49 /var/www/html/vendor/laravel/framework/src/Illuminate/Foundation/resources/server.php(23): require_once('...')
#50 {main}
"} 
[2025-12-03 15:53:41] local.ERROR: Route [login] not defined. {"exception":"[object] (Symfony\\Component\\Routing\\Exception\\RouteNotFoundException(code: 0): Route [login] not defined. at /var/www/html/vendor/laravel/framework/src/Illuminate/Routing/UrlGenerator.php:526)
[stacktrace]
#0 /var/www/html/vendor/laravel/framework/src/Illuminate/Foundation/helpers.php(871): Illuminate\\Routing\\UrlGenerator->route()
#1 /var/www/html/vendor/laravel/framework/src/Illuminate/Foundation/Configuration/ApplicationBuilder.php(278): route()
#2 [internal function]: Illuminate\\Foundation\\Configuration\\ApplicationBuilder->{closure:{closure:Illuminate\\Foundation\\Configuration\\ApplicationBuilder::withMiddleware():276}:278}()
#3 /var/www/html/vendor/laravel/framework/src/Illuminate/Auth/AuthenticationException.php(69): call_user_func()
#4 /var/www/html/vendor/laravel/framework/src/Illuminate/Foundation/Exceptions/Handler.php(752): Illuminate\\Auth\\AuthenticationException->redirectTo()
#5 /var/www/html/vendor/laravel/framework/src/Illuminate/Foundation/Exceptions/Handler.php(624): Illuminate\\Foundation\\Exceptions\\Handler->unauthenticated()
#6 /var/www/html/vendor/laravel/framework/src/Illuminate/Routing/Pipeline.php(51): Illuminate\\Foundation\\Exceptions\\Handler->render()
#7 /var/www/html/vendor/laravel/framework/src/Illuminate/Pipeline/Pipeline.php(224): Illuminate\\Routing\\Pipeline->handleException()
#8 /var/www/html/vendor/laravel/framework/src/Illuminate/Foundation/Http/Middleware/VerifyCsrfToken.php(87): Illuminate\\Pipeline\\Pipeline->{closure:{closure:Illuminate\\Pipeline\\Pipeline::carry():194}:195}()
#9 /var/www/html/vendor/laravel/framework/src/Illuminate/Pipeline/Pipeline.php(219): Illuminate\\Foundation\\Http\\Middleware\\VerifyCsrfToken->handle()
#10 /var/www/html/vendor/laravel/framework/src/Illuminate/View/Middleware/ShareErrorsFromSession.php(48): Illuminate\\Pipeline\\Pipeline->{closure:{closure:Illuminate\\Pipeline\\Pipeline::carry():194}:195}()
#11 /var/www/html/vendor/laravel/framework/src/Illuminate/Pipeline/Pipeline.php(219): Illuminate\\View\\Middleware\\ShareErrorsFromSession->handle()
#12 /var/www/html/vendor/laravel/framework/src/Illuminate/Session/Middleware/StartSession.php(120): Illuminate\\Pipeline\\Pipeline->{closure:{closure:Illuminate\\Pipeline\\Pipeline::carry():194}:195}()
#13 /var/www/html/vendor/laravel/framework/src/Illuminate/Session/Middleware/StartSession.php(63): Illuminate\\Session\\Middleware\\StartSession->handleStatefulRequest()
#14 /var/www/html/vendor/laravel/framework/src/Illuminate/Pipeline/Pipeline.php(219): Illuminate\\Session\\Middleware\\StartSession->handle()
#15 /var/www/html/vendor/laravel/framework/src/Illuminate/Cookie/Middleware/AddQueuedCookiesToResponse.php(36): Illuminate\\Pipeline\\Pipeline->{closure:{closure:Illuminate\\Pipeline\\Pipeline::carry():194}:195}()
#16 /var/www/html/vendor/laravel/framework/src/Illuminate/Pipeline/Pipeline.php(219): Illuminate\\Cookie\\Middleware\\AddQueuedCookiesToResponse->handle()
#17 /var/www/html/vendor/laravel/framework/src/Illuminate/Cookie/Middleware/EncryptCookies.php(74): Illuminate\\Pipeline\\Pipeline->{closure:{closure:Illuminate\\Pipeline\\Pipeline::carry():194}:195}()
#18 /var/www/html/vendor/laravel/framework/src/Illuminate/Pipeline/Pipeline.php(219): Illuminate\\Cookie\\Middleware\\EncryptCookies->handle()
#19 /var/www/html/vendor/laravel/framework/src/Illuminate/Pipeline/Pipeline.php(137): Illuminate\\Pipeline\\Pipeline->{closure:{closure:Illuminate\\Pipeline\\Pipeline::carry():194}:195}()
#20 /var/www/html/vendor/laravel/framework/src/Illuminate/Routing/Router.php(821): Illuminate\\Pipeline\\Pipeline->then()
#21 /var/www/html/vendor/laravel/framework/src/Illuminate/Routing/Router.php(800): Illuminate\\Routing\\Router->runRouteWithinStack()
#22 /var/www/html/vendor/laravel/framework/src/Illuminate/Routing/Router.php(764): Illuminate\\Routing\\Router->runRoute()
#23 /var/www/html/vendor/laravel/framework/src/Illuminate/Routing/Router.php(753): Illuminate\\Routing\\Router->dispatchToRoute()
#24 /var/www/html/vendor/laravel/framework/src/Illuminate/Foundation/Http/Kernel.php(200): Illuminate\\Routing\\Router->dispatch()
#25 /var/www/html/vendor/laravel/framework/src/Illuminate/Pipeline/Pipeline.php(180): Illuminate\\Foundation\\Http\\Kernel->{closure:Illuminate\\Foundation\\Http\\Kernel::dispatchToRouter():197}()
#26 /var/www/html/vendor/laravel/framework/src/Illuminate/Foundation/Http/Middleware/TransformsRequest.php(21): Illuminate\\Pipeline\\Pipeline->{closure:Illuminate\\Pipeline\\Pipeline::prepareDestination():178}()
#27 /var/www/html/vendor/laravel/framework/src/Illuminate/Foundation/Http/Middleware/ConvertEmptyStringsToNull.php(31): Illuminate\\Foundation\\Http\\Middleware\\TransformsRequest->handle()
#28 /var/www/html/vendor/laravel/framework/src/Illuminate/Pipeline/Pipeline.php(219): Illuminate\\Foundation\\Http\\Middleware\\ConvertEmptyStringsToNull->handle()
#29 /var/www/html/vendor/laravel/framework/src/Illuminate/Foundation/Http/Middleware/TransformsRequest.php(21): Illuminate\\Pipeline\\Pipeline->{closure:{closure:Illuminate\\Pipeline\\Pipeline::carry():194}:195}()
#30 /var/www/html/vendor/laravel/framework/src/Illuminate/Foundation/Http/Middleware/TrimStrings.php(51): Illuminate\\Foundation\\Http\\Middleware\\TransformsRequest->handle()
#31 /var/www/html/vendor/laravel/framework/src/Illuminate/Pipeline/Pipeline.php(219): Illuminate\\Foundation\\Http\\Middleware\\TrimStrings->handle()
#32 /var/www/html/vendor/laravel/framework/src/Illuminate/Http/Middleware/ValidatePostSize.php(27): Illuminate\\Pipeline\\Pipeline->{closure:{closure:Illuminate\\Pipeline\\Pipeline::carry():194}:195}()
#33 /var/www/html/vendor/laravel/framework/src/Illuminate/Pipeline/Pipeline.php(219): Illuminate\\Http\\Middleware\\ValidatePostSize->handle()
#34 /var/www/html/vendor/laravel/framework/src/Illuminate/Foundation/Http/Middleware/PreventRequestsDuringMaintenance.php(109): Illuminate\\Pipeline\\Pipeline->{closure:{closure:Illuminate\\Pipeline\\Pipeline::carry():194}:195}()
#35 /var/www/html/vendor/laravel/framework/src/Illuminate/Pipeline/Pipeline.php(219): Illuminate\\Foundation\\Http\\Middleware\\PreventRequestsDuringMaintenance->handle()
#36 /var/www/html/vendor/laravel/framework/src/Illuminate/Http/Middleware/HandleCors.php(48): Illuminate\\Pipeline\\Pipeline->{closure:{closure:Illuminate\\Pipeline\\Pipeline::carry():194}:195}()
#37 /var/www/html/vendor/laravel/framework/src/Illuminate/Pipeline/Pipeline.php(219): Illuminate\\Http\\Middleware\\HandleCors->handle()
#38 /var/www/html/vendor/laravel/framework/src/Illuminate/Http/Middleware/TrustProxies.php(58): Illuminate\\Pipeline\\Pipeline->{closure:{closure:Illuminate\\Pipeline\\Pipeline::carry():194}:195}()
#39 /var/www/html/vendor/laravel/framework/src/Illuminate/Pipeline/Pipeline.php(219): Illuminate\\Http\\Middleware\\TrustProxies->handle()
#40 /var/www/html/vendor/laravel/framework/src/Illuminate/Foundation/Http/Middleware/InvokeDeferredCallbacks.php(22): Illuminate\\Pipeline\\Pipeline->{closure:{closure:Illuminate\\Pipeline\\Pipeline::carry():194}:195}()
#41 /var/www/html/vendor/laravel/framework/src/Illuminate/Pipeline/Pipeline.php(219): Illuminate\\Foundation\\Http\\Middleware\\InvokeDeferredCallbacks->handle()
#42 /var/www/html/vendor/laravel/framework/src/Illuminate/Http/Middleware/ValidatePathEncoding.php(26): Illuminate\\Pipeline\\Pipeline->{closure:{closure:Illuminate\\Pipeline\\Pipeline::carry():194}:195}()
#43 /var/www/html/vendor/laravel/framework/src/Illuminate/Pipeline/Pipeline.php(219): Illuminate\\Http\\Middleware\\ValidatePathEncoding->handle()
#44 /var/www/html/vendor/laravel/framework/src/Illuminate/Pipeline/Pipeline.php(137): Illuminate\\Pipeline\\Pipeline->{closure:{closure:Illuminate\\Pipeline\\Pipeline::carry():194}:195}()
#45 /var/www/html/vendor/laravel/framework/src/Illuminate/Foundation/Http/Kernel.php(175): Illuminate\\Pipeline\\Pipeline->then()
#46 /var/www/html/vendor/laravel/framework/src/Illuminate/Foundation/Http/Kernel.php(144): Illuminate\\Foundation\\Http\\Kernel->sendRequestThroughRouter()
#47 /var/www/html/vendor/laravel/framework/src/Illuminate/Foundation/Application.php(1220): Illuminate\\Foundation\\Http\\Kernel->handle()
#48 /var/www/html/public/index.php(20): Illuminate\\Foundation\\Application->handleRequest()
#49 /var/www/html/vendor/laravel/framework/src/Illuminate/Foundation/resources/server.php(23): require_once('...')
#50 {main}
"} 
[2025-12-03 16:33:38] local.ERROR: Route [login] not defined. {"exception":"[object] (Symfony\\Component\\Routing\\Exception\\RouteNotFoundException(code: 0): Route [login] not defined. at /var/www/html/vendor/laravel/framework/src/Illuminate/Routing/UrlGenerator.php:526)
[stacktrace]
#0 /var/www/html/vendor/laravel/framework/src/Illuminate/Foundation/helpers.php(871): Illuminate\\Routing\\UrlGenerator->route()
#1 /var/www/html/vendor/laravel/framework/src/Illuminate/Foundation/Configuration/ApplicationBuilder.php(278): route()
#2 [internal function]: Illuminate\\Foundation\\Configuration\\ApplicationBuilder->{closure:{closure:Illuminate\\Foundation\\Configuration\\ApplicationBuilder::withMiddleware():276}:278}()
#3 /var/www/html/vendor/laravel/framework/src/Illuminate/Auth/Middleware/Authenticate.php(117): call_user_func()
#4 /var/www/html/vendor/laravel/framework/src/Illuminate/Auth/Middleware/Authenticate.php(104): Illuminate\\Auth\\Middleware\\Authenticate->redirectTo()
#5 /var/www/html/vendor/laravel/framework/src/Illuminate/Auth/Middleware/Authenticate.php(87): Illuminate\\Auth\\Middleware\\Authenticate->unauthenticated()
#6 /var/www/html/vendor/laravel/framework/src/Illuminate/Auth/Middleware/Authenticate.php(61): Illuminate\\Auth\\Middleware\\Authenticate->authenticate()
#7 /var/www/html/vendor/laravel/framework/src/Illuminate/Pipeline/Pipeline.php(219): Illuminate\\Auth\\Middleware\\Authenticate->handle()
#8 /var/www/html/vendor/laravel/framework/src/Illuminate/Foundation/Http/Middleware/VerifyCsrfToken.php(87): Illuminate\\Pipeline\\Pipeline->{closure:{closure:Illuminate\\Pipeline\\Pipeline::carry():194}:195}()
#9 /var/www/html/vendor/laravel/framework/src/Illuminate/Pipeline/Pipeline.php(219): Illuminate\\Foundation\\Http\\Middleware\\VerifyCsrfToken->handle()
#10 /var/www/html/vendor/laravel/framework/src/Illuminate/View/Middleware/ShareErrorsFromSession.php(48): Illuminate\\Pipeline\\Pipeline->{closure:{closure:Illuminate\\Pipeline\\Pipeline::carry():194}:195}()
#11 /var/www/html/vendor/laravel/framework/src/Illuminate/Pipeline/Pipeline.php(219): Illuminate\\View\\Middleware\\ShareErrorsFromSession->handle()
#12 /var/www/html/vendor/laravel/framework/src/Illuminate/Session/Middleware/StartSession.php(120): Illuminate\\Pipeline\\Pipeline->{closure:{closure:Illuminate\\Pipeline\\Pipeline::carry():194}:195}()
#13 /var/www/html/vendor/laravel/framework/src/Illuminate/Session/Middleware/StartSession.php(63): Illuminate\\Session\\Middleware\\StartSession->handleStatefulRequest()
#14 /var/www/html/vendor/laravel/framework/src/Illuminate/Pipeline/Pipeline.php(219): Illuminate\\Session\\Middleware\\StartSession->handle()
#15 /var/www/html/vendor/laravel/framework/src/Illuminate/Cookie/Middleware/AddQueuedCookiesToResponse.php(36): Illuminate\\Pipeline\\Pipeline->{closure:{closure:Illuminate\\Pipeline\\Pipeline::carry():194}:195}()
#16 /var/www/html/vendor/laravel/framework/src/Illuminate/Pipeline/Pipeline.php(219): Illuminate\\Cookie\\Middleware\\AddQueuedCookiesToResponse->handle()
#17 /var/www/html/vendor/laravel/framework/src/Illuminate/Cookie/Middleware/EncryptCookies.php(74): Illuminate\\Pipeline\\Pipeline->{closure:{closure:Illuminate\\Pipeline\\Pipeline::carry():194}:195}()
#18 /var/www/html/vendor/laravel/framework/src/Illuminate/Pipeline/Pipeline.php(219): Illuminate\\Cookie\\Middleware\\EncryptCookies->handle()
#19 /var/www/html/vendor/laravel/framework/src/Illuminate/Pipeline/Pipeline.php(137): Illuminate\\Pipeline\\Pipeline->{closure:{closure:Illuminate\\Pipeline\\Pipeline::carry():194}:195}()
#20 /var/www/html/vendor/laravel/framework/src/Illuminate/Routing/Router.php(821): Illuminate\\Pipeline\\Pipeline->then()
#21 /var/www/html/vendor/laravel/framework/src/Illuminate/Routing/Router.php(800): Illuminate\\Routing\\Router->runRouteWithinStack()
#22 /var/www/html/vendor/laravel/framework/src/Illuminate/Routing/Router.php(764): Illuminate\\Routing\\Router->runRoute()
#23 /var/www/html/vendor/laravel/framework/src/Illuminate/Routing/Router.php(753): Illuminate\\Routing\\Router->dispatchToRoute()
#24 /var/www/html/vendor/laravel/framework/src/Illuminate/Foundation/Http/Kernel.php(200): Illuminate\\Routing\\Router->dispatch()
#25 /var/www/html/vendor/laravel/framework/src/Illuminate/Pipeline/Pipeline.php(180): Illuminate\\Foundation\\Http\\Kernel->{closure:Illuminate\\Foundation\\Http\\Kernel::dispatchToRouter():197}()
#26 /var/www/html/vendor/laravel/framework/src/Illuminate/Foundation/Http/Middleware/TransformsRequest.php(21): Illuminate\\Pipeline\\Pipeline->{closure:Illuminate\\Pipeline\\Pipeline::prepareDestination():178}()
#27 /var/www/html/vendor/laravel/framework/src/Illuminate/Foundation/Http/Middleware/ConvertEmptyStringsToNull.php(31): Illuminate\\Foundation\\Http\\Middleware\\TransformsRequest->handle()
#28 /var/www/html/vendor/laravel/framework/src/Illuminate/Pipeline/Pipeline.php(219): Illuminate\\Foundation\\Http\\Middleware\\ConvertEmptyStringsToNull->handle()
#29 /var/www/html/vendor/laravel/framework/src/Illuminate/Foundation/Http/Middleware/TransformsRequest.php(21): Illuminate\\Pipeline\\Pipeline->{closure:{closure:Illuminate\\Pipeline\\Pipeline::carry():194}:195}()
#30 /var/www/html/vendor/laravel/framework/src/Illuminate/Foundation/Http/Middleware/TrimStrings.php(51): Illuminate\\Foundation\\Http\\Middleware\\TransformsRequest->handle()
#31 /var/www/html/vendor/laravel/framework/src/Illuminate/Pipeline/Pipeline.php(219): Illuminate\\Foundation\\Http\\Middleware\\TrimStrings->handle()
#32 /var/www/html/vendor/laravel/framework/src/Illuminate/Http/Middleware/ValidatePostSize.php(27): Illuminate\\Pipeline\\Pipeline->{closure:{closure:Illuminate\\Pipeline\\Pipeline::carry():194}:195}()
#33 /var/www/html/vendor/laravel/framework/src/Illuminate/Pipeline/Pipeline.php(219): Illuminate\\Http\\Middleware\\ValidatePostSize->handle()
#34 /var/www/html/vendor/laravel/framework/src/Illuminate/Foundation/Http/Middleware/PreventRequestsDuringMaintenance.php(109): Illuminate\\Pipeline\\Pipeline->{closure:{closure:Illuminate\\Pipeline\\Pipeline::carry():194}:195}()
#35 /var/www/html/vendor/laravel/framework/src/Illuminate/Pipeline/Pipeline.php(219): Illuminate\\Foundation\\Http\\Middleware\\PreventRequestsDuringMaintenance->handle()
#36 /var/www/html/vendor/laravel/framework/src/Illuminate/Http/Middleware/HandleCors.php(48): Illuminate\\Pipeline\\Pipeline->{closure:{closure:Illuminate\\Pipeline\\Pipeline::carry():194}:195}()
#37 /var/www/html/vendor/laravel/framework/src/Illuminate/Pipeline/Pipeline.php(219): Illuminate\\Http\\Middleware\\HandleCors->handle()
#38 /var/www/html/vendor/laravel/framework/src/Illuminate/Http/Middleware/TrustProxies.php(58): Illuminate\\Pipeline\\Pipeline->{closure:{closure:Illuminate\\Pipeline\\Pipeline::carry():194}:195}()
#39 /var/www/html/vendor/laravel/framework/src/Illuminate/Pipeline/Pipeline.php(219): Illuminate\\Http\\Middleware\\TrustProxies->handle()
#40 /var/www/html/vendor/laravel/framework/src/Illuminate/Foundation/Http/Middleware/InvokeDeferredCallbacks.php(22): Illuminate\\Pipeline\\Pipeline->{closure:{closure:Illuminate\\Pipeline\\Pipeline::carry():194}:195}()
#41 /var/www/html/vendor/laravel/framework/src/Illuminate/Pipeline/Pipeline.php(219): Illuminate\\Foundation\\Http\\Middleware\\InvokeDeferredCallbacks->handle()
#42 /var/www/html/vendor/laravel/framework/src/Illuminate/Http/Middleware/ValidatePathEncoding.php(26): Illuminate\\Pipeline\\Pipeline->{closure:{closure:Illuminate\\Pipeline\\Pipeline::carry():194}:195}()
#43 /var/www/html/vendor/laravel/framework/src/Illuminate/Pipeline/Pipeline.php(219): Illuminate\\Http\\Middleware\\ValidatePathEncoding->handle()
#44 /var/www/html/vendor/laravel/framework/src/Illuminate/Pipeline/Pipeline.php(137): Illuminate\\Pipeline\\Pipeline->{closure:{closure:Illuminate\\Pipeline\\Pipeline::carry():194}:195}()
#45 /var/www/html/vendor/laravel/framework/src/Illuminate/Foundation/Http/Kernel.php(175): Illuminate\\Pipeline\\Pipeline->then()
#46 /var/www/html/vendor/laravel/framework/src/Illuminate/Foundation/Http/Kernel.php(144): Illuminate\\Foundation\\Http\\Kernel->sendRequestThroughRouter()
#47 /var/www/html/vendor/laravel/framework/src/Illuminate/Foundation/Application.php(1220): Illuminate\\Foundation\\Http\\Kernel->handle()
#48 /var/www/html/public/index.php(20): Illuminate\\Foundation\\Application->handleRequest()
#49 /var/www/html/vendor/laravel/framework/src/Illuminate/Foundation/resources/server.php(23): require_once('...')
#50 {main}
"} 
[2025-12-03 16:33:51] local.ERROR: Route [login] not defined. {"exception":"[object] (Symfony\\Component\\Routing\\Exception\\RouteNotFoundException(code: 0): Route [login] not defined. at /var/www/html/vendor/laravel/framework/src/Illuminate/Routing/UrlGenerator.php:526)
[stacktrace]
#0 /var/www/html/vendor/laravel/framework/src/Illuminate/Foundation/helpers.php(871): Illuminate\\Routing\\UrlGenerator->route()
#1 /var/www/html/vendor/laravel/framework/src/Illuminate/Foundation/Configuration/ApplicationBuilder.php(278): route()
#2 [internal function]: Illuminate\\Foundation\\Configuration\\ApplicationBuilder->{closure:{closure:Illuminate\\Foundation\\Configuration\\ApplicationBuilder::withMiddleware():276}:278}()
#3 /var/www/html/vendor/laravel/framework/src/Illuminate/Auth/Middleware/Authenticate.php(117): call_user_func()
#4 /var/www/html/vendor/laravel/framework/src/Illuminate/Auth/Middleware/Authenticate.php(104): Illuminate\\Auth\\Middleware\\Authenticate->redirectTo()
#5 /var/www/html/vendor/laravel/framework/src/Illuminate/Auth/Middleware/Authenticate.php(87): Illuminate\\Auth\\Middleware\\Authenticate->unauthenticated()
#6 /var/www/html/vendor/laravel/framework/src/Illuminate/Auth/Middleware/Authenticate.php(61): Illuminate\\Auth\\Middleware\\Authenticate->authenticate()
#7 /var/www/html/vendor/laravel/framework/src/Illuminate/Pipeline/Pipeline.php(219): Illuminate\\Auth\\Middleware\\Authenticate->handle()
#8 /var/www/html/vendor/laravel/framework/src/Illuminate/Foundation/Http/Middleware/VerifyCsrfToken.php(87): Illuminate\\Pipeline\\Pipeline->{closure:{closure:Illuminate\\Pipeline\\Pipeline::carry():194}:195}()
#9 /var/www/html/vendor/laravel/framework/src/Illuminate/Pipeline/Pipeline.php(219): Illuminate\\Foundation\\Http\\Middleware\\VerifyCsrfToken->handle()
#10 /var/www/html/vendor/laravel/framework/src/Illuminate/View/Middleware/ShareErrorsFromSession.php(48): Illuminate\\Pipeline\\Pipeline->{closure:{closure:Illuminate\\Pipeline\\Pipeline::carry():194}:195}()
#11 /var/www/html/vendor/laravel/framework/src/Illuminate/Pipeline/Pipeline.php(219): Illuminate\\View\\Middleware\\ShareErrorsFromSession->handle()
#12 /var/www/html/vendor/laravel/framework/src/Illuminate/Session/Middleware/StartSession.php(120): Illuminate\\Pipeline\\Pipeline->{closure:{closure:Illuminate\\Pipeline\\Pipeline::carry():194}:195}()
#13 /var/www/html/vendor/laravel/framework/src/Illuminate/Session/Middleware/StartSession.php(63): Illuminate\\Session\\Middleware\\StartSession->handleStatefulRequest()
#14 /var/www/html/vendor/laravel/framework/src/Illuminate/Pipeline/Pipeline.php(219): Illuminate\\Session\\Middleware\\StartSession->handle()
#15 /var/www/html/vendor/laravel/framework/src/Illuminate/Cookie/Middleware/AddQueuedCookiesToResponse.php(36): Illuminate\\Pipeline\\Pipeline->{closure:{closure:Illuminate\\Pipeline\\Pipeline::carry():194}:195}()
#16 /var/www/html/vendor/laravel/framework/src/Illuminate/Pipeline/Pipeline.php(219): Illuminate\\Cookie\\Middleware\\AddQueuedCookiesToResponse->handle()
#17 /var/www/html/vendor/laravel/framework/src/Illuminate/Cookie/Middleware/EncryptCookies.php(74): Illuminate\\Pipeline\\Pipeline->{closure:{closure:Illuminate\\Pipeline\\Pipeline::carry():194}:195}()
#18 /var/www/html/vendor/laravel/framework/src/Illuminate/Pipeline/Pipeline.php(219): Illuminate\\Cookie\\Middleware\\EncryptCookies->handle()
#19 /var/www/html/vendor/laravel/framework/src/Illuminate/Pipeline/Pipeline.php(137): Illuminate\\Pipeline\\Pipeline->{closure:{closure:Illuminate\\Pipeline\\Pipeline::carry():194}:195}()
#20 /var/www/html/vendor/laravel/framework/src/Illuminate/Routing/Router.php(821): Illuminate\\Pipeline\\Pipeline->then()
#21 /var/www/html/vendor/laravel/framework/src/Illuminate/Routing/Router.php(800): Illuminate\\Routing\\Router->runRouteWithinStack()
#22 /var/www/html/vendor/laravel/framework/src/Illuminate/Routing/Router.php(764): Illuminate\\Routing\\Router->runRoute()
#23 /var/www/html/vendor/laravel/framework/src/Illuminate/Routing/Router.php(753): Illuminate\\Routing\\Router->dispatchToRoute()
#24 /var/www/html/vendor/laravel/framework/src/Illuminate/Foundation/Http/Kernel.php(200): Illuminate\\Routing\\Router->dispatch()
#25 /var/www/html/vendor/laravel/framework/src/Illuminate/Pipeline/Pipeline.php(180): Illuminate\\Foundation\\Http\\Kernel->{closure:Illuminate\\Foundation\\Http\\Kernel::dispatchToRouter():197}()
#26 /var/www/html/vendor/laravel/framework/src/Illuminate/Foundation/Http/Middleware/TransformsRequest.php(21): Illuminate\\Pipeline\\Pipeline->{closure:Illuminate\\Pipeline\\Pipeline::prepareDestination():178}()
#27 /var/www/html/vendor/laravel/framework/src/Illuminate/Foundation/Http/Middleware/ConvertEmptyStringsToNull.php(31): Illuminate\\Foundation\\Http\\Middleware\\TransformsRequest->handle()
#28 /var/www/html/vendor/laravel/framework/src/Illuminate/Pipeline/Pipeline.php(219): Illuminate\\Foundation\\Http\\Middleware\\ConvertEmptyStringsToNull->handle()
#29 /var/www/html/vendor/laravel/framework/src/Illuminate/Foundation/Http/Middleware/TransformsRequest.php(21): Illuminate\\Pipeline\\Pipeline->{closure:{closure:Illuminate\\Pipeline\\Pipeline::carry():194}:195}()
#30 /var/www/html/vendor/laravel/framework/src/Illuminate/Foundation/Http/Middleware/TrimStrings.php(51): Illuminate\\Foundation\\Http\\Middleware\\TransformsRequest->handle()
#31 /var/www/html/vendor/laravel/framework/src/Illuminate/Pipeline/Pipeline.php(219): Illuminate\\Foundation\\Http\\Middleware\\TrimStrings->handle()
#32 /var/www/html/vendor/laravel/framework/src/Illuminate/Http/Middleware/ValidatePostSize.php(27): Illuminate\\Pipeline\\Pipeline->{closure:{closure:Illuminate\\Pipeline\\Pipeline::carry():194}:195}()
#33 /var/www/html/vendor/laravel/framework/src/Illuminate/Pipeline/Pipeline.php(219): Illuminate\\Http\\Middleware\\ValidatePostSize->handle()
#34 /var/www/html/vendor/laravel/framework/src/Illuminate/Foundation/Http/Middleware/PreventRequestsDuringMaintenance.php(109): Illuminate\\Pipeline\\Pipeline->{closure:{closure:Illuminate\\Pipeline\\Pipeline::carry():194}:195}()
#35 /var/www/html/vendor/laravel/framework/src/Illuminate/Pipeline/Pipeline.php(219): Illuminate\\Foundation\\Http\\Middleware\\PreventRequestsDuringMaintenance->handle()
#36 /var/www/html/vendor/laravel/framework/src/Illuminate/Http/Middleware/HandleCors.php(48): Illuminate\\Pipeline\\Pipeline->{closure:{closure:Illuminate\\Pipeline\\Pipeline::carry():194}:195}()
#37 /var/www/html/vendor/laravel/framework/src/Illuminate/Pipeline/Pipeline.php(219): Illuminate\\Http\\Middleware\\HandleCors->handle()
#38 /var/www/html/vendor/laravel/framework/src/Illuminate/Http/Middleware/TrustProxies.php(58): Illuminate\\Pipeline\\Pipeline->{closure:{closure:Illuminate\\Pipeline\\Pipeline::carry():194}:195}()
#39 /var/www/html/vendor/laravel/framework/src/Illuminate/Pipeline/Pipeline.php(219): Illuminate\\Http\\Middleware\\TrustProxies->handle()
#40 /var/www/html/vendor/laravel/framework/src/Illuminate/Foundation/Http/Middleware/InvokeDeferredCallbacks.php(22): Illuminate\\Pipeline\\Pipeline->{closure:{closure:Illuminate\\Pipeline\\Pipeline::carry():194}:195}()
#41 /var/www/html/vendor/laravel/framework/src/Illuminate/Pipeline/Pipeline.php(219): Illuminate\\Foundation\\Http\\Middleware\\InvokeDeferredCallbacks->handle()
#42 /var/www/html/vendor/laravel/framework/src/Illuminate/Http/Middleware/ValidatePathEncoding.php(26): Illuminate\\Pipeline\\Pipeline->{closure:{closure:Illuminate\\Pipeline\\Pipeline::carry():194}:195}()
#43 /var/www/html/vendor/laravel/framework/src/Illuminate/Pipeline/Pipeline.php(219): Illuminate\\Http\\Middleware\\ValidatePathEncoding->handle()
#44 /var/www/html/vendor/laravel/framework/src/Illuminate/Pipeline/Pipeline.php(137): Illuminate\\Pipeline\\Pipeline->{closure:{closure:Illuminate\\Pipeline\\Pipeline::carry():194}:195}()
#45 /var/www/html/vendor/laravel/framework/src/Illuminate/Foundation/Http/Kernel.php(175): Illuminate\\Pipeline\\Pipeline->then()
#46 /var/www/html/vendor/laravel/framework/src/Illuminate/Foundation/Http/Kernel.php(144): Illuminate\\Foundation\\Http\\Kernel->sendRequestThroughRouter()
#47 /var/www/html/vendor/laravel/framework/src/Illuminate/Foundation/Application.php(1220): Illuminate\\Foundation\\Http\\Kernel->handle()
#48 /var/www/html/public/index.php(20): Illuminate\\Foundation\\Application->handleRequest()
#49 /var/www/html/vendor/laravel/framework/src/Illuminate/Foundation/resources/server.php(23): require_once('...')
#50 {main}
"} 
[2025-12-03 16:41:07] local.ERROR: Route [login] not defined. {"exception":"[object] (Symfony\\Component\\Routing\\Exception\\RouteNotFoundException(code: 0): Route [login] not defined. at /var/www/html/vendor/laravel/framework/src/Illuminate/Routing/UrlGenerator.php:526)
[stacktrace]
#0 /var/www/html/vendor/laravel/framework/src/Illuminate/Foundation/helpers.php(871): Illuminate\\Routing\\UrlGenerator->route()
#1 /var/www/html/vendor/laravel/framework/src/Illuminate/Foundation/Configuration/ApplicationBuilder.php(278): route()
#2 [internal function]: Illuminate\\Foundation\\Configuration\\ApplicationBuilder->{closure:{closure:Illuminate\\Foundation\\Configuration\\ApplicationBuilder::withMiddleware():276}:278}()
#3 /var/www/html/vendor/laravel/framework/src/Illuminate/Auth/Middleware/Authenticate.php(117): call_user_func()
#4 /var/www/html/vendor/laravel/framework/src/Illuminate/Auth/Middleware/Authenticate.php(104): Illuminate\\Auth\\Middleware\\Authenticate->redirectTo()
#5 /var/www/html/vendor/laravel/framework/src/Illuminate/Auth/Middleware/Authenticate.php(87): Illuminate\\Auth\\Middleware\\Authenticate->unauthenticated()
#6 /var/www/html/vendor/laravel/framework/src/Illuminate/Auth/Middleware/Authenticate.php(61): Illuminate\\Auth\\Middleware\\Authenticate->authenticate()
#7 /var/www/html/vendor/laravel/framework/src/Illuminate/Pipeline/Pipeline.php(219): Illuminate\\Auth\\Middleware\\Authenticate->handle()
#8 /var/www/html/vendor/laravel/framework/src/Illuminate/Foundation/Http/Middleware/VerifyCsrfToken.php(87): Illuminate\\Pipeline\\Pipeline->{closure:{closure:Illuminate\\Pipeline\\Pipeline::carry():194}:195}()
#9 /var/www/html/vendor/laravel/framework/src/Illuminate/Pipeline/Pipeline.php(219): Illuminate\\Foundation\\Http\\Middleware\\VerifyCsrfToken->handle()
#10 /var/www/html/vendor/laravel/framework/src/Illuminate/View/Middleware/ShareErrorsFromSession.php(48): Illuminate\\Pipeline\\Pipeline->{closure:{closure:Illuminate\\Pipeline\\Pipeline::carry():194}:195}()
#11 /var/www/html/vendor/laravel/framework/src/Illuminate/Pipeline/Pipeline.php(219): Illuminate\\View\\Middleware\\ShareErrorsFromSession->handle()
#12 /var/www/html/vendor/laravel/framework/src/Illuminate/Session/Middleware/StartSession.php(120): Illuminate\\Pipeline\\Pipeline->{closure:{closure:Illuminate\\Pipeline\\Pipeline::carry():194}:195}()
#13 /var/www/html/vendor/laravel/framework/src/Illuminate/Session/Middleware/StartSession.php(63): Illuminate\\Session\\Middleware\\StartSession->handleStatefulRequest()
#14 /var/www/html/vendor/laravel/framework/src/Illuminate/Pipeline/Pipeline.php(219): Illuminate\\Session\\Middleware\\StartSession->handle()
#15 /var/www/html/vendor/laravel/framework/src/Illuminate/Cookie/Middleware/AddQueuedCookiesToResponse.php(36): Illuminate\\Pipeline\\Pipeline->{closure:{closure:Illuminate\\Pipeline\\Pipeline::carry():194}:195}()
#16 /var/www/html/vendor/laravel/framework/src/Illuminate/Pipeline/Pipeline.php(219): Illuminate\\Cookie\\Middleware\\AddQueuedCookiesToResponse->handle()
#17 /var/www/html/vendor/laravel/framework/src/Illuminate/Cookie/Middleware/EncryptCookies.php(74): Illuminate\\Pipeline\\Pipeline->{closure:{closure:Illuminate\\Pipeline\\Pipeline::carry():194}:195}()
#18 /var/www/html/vendor/laravel/framework/src/Illuminate/Pipeline/Pipeline.php(219): Illuminate\\Cookie\\Middleware\\EncryptCookies->handle()
#19 /var/www/html/vendor/laravel/framework/src/Illuminate/Pipeline/Pipeline.php(137): Illuminate\\Pipeline\\Pipeline->{closure:{closure:Illuminate\\Pipeline\\Pipeline::carry():194}:195}()
#20 /var/www/html/vendor/laravel/framework/src/Illuminate/Routing/Router.php(821): Illuminate\\Pipeline\\Pipeline->then()
#21 /var/www/html/vendor/laravel/framework/src/Illuminate/Routing/Router.php(800): Illuminate\\Routing\\Router->runRouteWithinStack()
#22 /var/www/html/vendor/laravel/framework/src/Illuminate/Routing/Router.php(764): Illuminate\\Routing\\Router->runRoute()
#23 /var/www/html/vendor/laravel/framework/src/Illuminate/Routing/Router.php(753): Illuminate\\Routing\\Router->dispatchToRoute()
#24 /var/www/html/vendor/laravel/framework/src/Illuminate/Foundation/Http/Kernel.php(200): Illuminate\\Routing\\Router->dispatch()
#25 /var/www/html/vendor/laravel/framework/src/Illuminate/Pipeline/Pipeline.php(180): Illuminate\\Foundation\\Http\\Kernel->{closure:Illuminate\\Foundation\\Http\\Kernel::dispatchToRouter():197}()
#26 /var/www/html/vendor/laravel/framework/src/Illuminate/Foundation/Http/Middleware/TransformsRequest.php(21): Illuminate\\Pipeline\\Pipeline->{closure:Illuminate\\Pipeline\\Pipeline::prepareDestination():178}()
#27 /var/www/html/vendor/laravel/framework/src/Illuminate/Foundation/Http/Middleware/ConvertEmptyStringsToNull.php(31): Illuminate\\Foundation\\Http\\Middleware\\TransformsRequest->handle()
#28 /var/www/html/vendor/laravel/framework/src/Illuminate/Pipeline/Pipeline.php(219): Illuminate\\Foundation\\Http\\Middleware\\ConvertEmptyStringsToNull->handle()
#29 /var/www/html/vendor/laravel/framework/src/Illuminate/Foundation/Http/Middleware/TransformsRequest.php(21): Illuminate\\Pipeline\\Pipeline->{closure:{closure:Illuminate\\Pipeline\\Pipeline::carry():194}:195}()
#30 /var/www/html/vendor/laravel/framework/src/Illuminate/Foundation/Http/Middleware/TrimStrings.php(51): Illuminate\\Foundation\\Http\\Middleware\\TransformsRequest->handle()
#31 /var/www/html/vendor/laravel/framework/src/Illuminate/Pipeline/Pipeline.php(219): Illuminate\\Foundation\\Http\\Middleware\\TrimStrings->handle()
#32 /var/www/html/vendor/laravel/framework/src/Illuminate/Http/Middleware/ValidatePostSize.php(27): Illuminate\\Pipeline\\Pipeline->{closure:{closure:Illuminate\\Pipeline\\Pipeline::carry():194}:195}()
#33 /var/www/html/vendor/laravel/framework/src/Illuminate/Pipeline/Pipeline.php(219): Illuminate\\Http\\Middleware\\ValidatePostSize->handle()
#34 /var/www/html/vendor/laravel/framework/src/Illuminate/Foundation/Http/Middleware/PreventRequestsDuringMaintenance.php(109): Illuminate\\Pipeline\\Pipeline->{closure:{closure:Illuminate\\Pipeline\\Pipeline::carry():194}:195}()
#35 /var/www/html/vendor/laravel/framework/src/Illuminate/Pipeline/Pipeline.php(219): Illuminate\\Foundation\\Http\\Middleware\\PreventRequestsDuringMaintenance->handle()
#36 /var/www/html/vendor/laravel/framework/src/Illuminate/Http/Middleware/HandleCors.php(48): Illuminate\\Pipeline\\Pipeline->{closure:{closure:Illuminate\\Pipeline\\Pipeline::carry():194}:195}()
#37 /var/www/html/vendor/laravel/framework/src/Illuminate/Pipeline/Pipeline.php(219): Illuminate\\Http\\Middleware\\HandleCors->handle()
#38 /var/www/html/vendor/laravel/framework/src/Illuminate/Http/Middleware/TrustProxies.php(58): Illuminate\\Pipeline\\Pipeline->{closure:{closure:Illuminate\\Pipeline\\Pipeline::carry():194}:195}()
#39 /var/www/html/vendor/laravel/framework/src/Illuminate/Pipeline/Pipeline.php(219): Illuminate\\Http\\Middleware\\TrustProxies->handle()
#40 /var/www/html/vendor/laravel/framework/src/Illuminate/Foundation/Http/Middleware/InvokeDeferredCallbacks.php(22): Illuminate\\Pipeline\\Pipeline->{closure:{closure:Illuminate\\Pipeline\\Pipeline::carry():194}:195}()
#41 /var/www/html/vendor/laravel/framework/src/Illuminate/Pipeline/Pipeline.php(219): Illuminate\\Foundation\\Http\\Middleware\\InvokeDeferredCallbacks->handle()
#42 /var/www/html/vendor/laravel/framework/src/Illuminate/Http/Middleware/ValidatePathEncoding.php(26): Illuminate\\Pipeline\\Pipeline->{closure:{closure:Illuminate\\Pipeline\\Pipeline::carry():194}:195}()
#43 /var/www/html/vendor/laravel/framework/src/Illuminate/Pipeline/Pipeline.php(219): Illuminate\\Http\\Middleware\\ValidatePathEncoding->handle()
#44 /var/www/html/vendor/laravel/framework/src/Illuminate/Pipeline/Pipeline.php(137): Illuminate\\Pipeline\\Pipeline->{closure:{closure:Illuminate\\Pipeline\\Pipeline::carry():194}:195}()
#45 /var/www/html/vendor/laravel/framework/src/Illuminate/Foundation/Http/Kernel.php(175): Illuminate\\Pipeline\\Pipeline->then()
#46 /var/www/html/vendor/laravel/framework/src/Illuminate/Foundation/Http/Kernel.php(144): Illuminate\\Foundation\\Http\\Kernel->sendRequestThroughRouter()
#47 /var/www/html/vendor/laravel/framework/src/Illuminate/Foundation/Application.php(1220): Illuminate\\Foundation\\Http\\Kernel->handle()
#48 /var/www/html/public/index.php(20): Illuminate\\Foundation\\Application->handleRequest()
#49 /var/www/html/vendor/laravel/framework/src/Illuminate/Foundation/resources/server.php(23): require_once('...')
#50 {main}
"} 
[2025-12-03 16:42:44] local.ERROR: Route [login] not defined. {"exception":"[object] (Symfony\\Component\\Routing\\Exception\\RouteNotFoundException(code: 0): Route [login] not defined. at /var/www/html/vendor/laravel/framework/src/Illuminate/Routing/UrlGenerator.php:526)
[stacktrace]
#0 /var/www/html/vendor/laravel/framework/src/Illuminate/Foundation/helpers.php(871): Illuminate\\Routing\\UrlGenerator->route()
#1 /var/www/html/vendor/laravel/framework/src/Illuminate/Foundation/Configuration/ApplicationBuilder.php(278): route()
#2 [internal function]: Illuminate\\Foundation\\Configuration\\ApplicationBuilder->{closure:{closure:Illuminate\\Foundation\\Configuration\\ApplicationBuilder::withMiddleware():276}:278}()
#3 /var/www/html/vendor/laravel/framework/src/Illuminate/Auth/Middleware/Authenticate.php(117): call_user_func()
#4 /var/www/html/vendor/laravel/framework/src/Illuminate/Auth/Middleware/Authenticate.php(104): Illuminate\\Auth\\Middleware\\Authenticate->redirectTo()
#5 /var/www/html/vendor/laravel/framework/src/Illuminate/Auth/Middleware/Authenticate.php(87): Illuminate\\Auth\\Middleware\\Authenticate->unauthenticated()
#6 /var/www/html/vendor/laravel/framework/src/Illuminate/Auth/Middleware/Authenticate.php(61): Illuminate\\Auth\\Middleware\\Authenticate->authenticate()
#7 /var/www/html/vendor/laravel/framework/src/Illuminate/Pipeline/Pipeline.php(219): Illuminate\\Auth\\Middleware\\Authenticate->handle()
#8 /var/www/html/vendor/laravel/framework/src/Illuminate/Foundation/Http/Middleware/VerifyCsrfToken.php(87): Illuminate\\Pipeline\\Pipeline->{closure:{closure:Illuminate\\Pipeline\\Pipeline::carry():194}:195}()
#9 /var/www/html/vendor/laravel/framework/src/Illuminate/Pipeline/Pipeline.php(219): Illuminate\\Foundation\\Http\\Middleware\\VerifyCsrfToken->handle()
#10 /var/www/html/vendor/laravel/framework/src/Illuminate/View/Middleware/ShareErrorsFromSession.php(48): Illuminate\\Pipeline\\Pipeline->{closure:{closure:Illuminate\\Pipeline\\Pipeline::carry():194}:195}()
#11 /var/www/html/vendor/laravel/framework/src/Illuminate/Pipeline/Pipeline.php(219): Illuminate\\View\\Middleware\\ShareErrorsFromSession->handle()
#12 /var/www/html/vendor/laravel/framework/src/Illuminate/Session/Middleware/StartSession.php(120): Illuminate\\Pipeline\\Pipeline->{closure:{closure:Illuminate\\Pipeline\\Pipeline::carry():194}:195}()
#13 /var/www/html/vendor/laravel/framework/src/Illuminate/Session/Middleware/StartSession.php(63): Illuminate\\Session\\Middleware\\StartSession->handleStatefulRequest()
#14 /var/www/html/vendor/laravel/framework/src/Illuminate/Pipeline/Pipeline.php(219): Illuminate\\Session\\Middleware\\StartSession->handle()
#15 /var/www/html/vendor/laravel/framework/src/Illuminate/Cookie/Middleware/AddQueuedCookiesToResponse.php(36): Illuminate\\Pipeline\\Pipeline->{closure:{closure:Illuminate\\Pipeline\\Pipeline::carry():194}:195}()
#16 /var/www/html/vendor/laravel/framework/src/Illuminate/Pipeline/Pipeline.php(219): Illuminate\\Cookie\\Middleware\\AddQueuedCookiesToResponse->handle()
#17 /var/www/html/vendor/laravel/framework/src/Illuminate/Cookie/Middleware/EncryptCookies.php(74): Illuminate\\Pipeline\\Pipeline->{closure:{closure:Illuminate\\Pipeline\\Pipeline::carry():194}:195}()
#18 /var/www/html/vendor/laravel/framework/src/Illuminate/Pipeline/Pipeline.php(219): Illuminate\\Cookie\\Middleware\\EncryptCookies->handle()
#19 /var/www/html/vendor/laravel/framework/src/Illuminate/Pipeline/Pipeline.php(137): Illuminate\\Pipeline\\Pipeline->{closure:{closure:Illuminate\\Pipeline\\Pipeline::carry():194}:195}()
#20 /var/www/html/vendor/laravel/framework/src/Illuminate/Routing/Router.php(821): Illuminate\\Pipeline\\Pipeline->then()
#21 /var/www/html/vendor/laravel/framework/src/Illuminate/Routing/Router.php(800): Illuminate\\Routing\\Router->runRouteWithinStack()
#22 /var/www/html/vendor/laravel/framework/src/Illuminate/Routing/Router.php(764): Illuminate\\Routing\\Router->runRoute()
#23 /var/www/html/vendor/laravel/framework/src/Illuminate/Routing/Router.php(753): Illuminate\\Routing\\Router->dispatchToRoute()
#24 /var/www/html/vendor/laravel/framework/src/Illuminate/Foundation/Http/Kernel.php(200): Illuminate\\Routing\\Router->dispatch()
#25 /var/www/html/vendor/laravel/framework/src/Illuminate/Pipeline/Pipeline.php(180): Illuminate\\Foundation\\Http\\Kernel->{closure:Illuminate\\Foundation\\Http\\Kernel::dispatchToRouter():197}()
#26 /var/www/html/vendor/laravel/framework/src/Illuminate/Foundation/Http/Middleware/TransformsRequest.php(21): Illuminate\\Pipeline\\Pipeline->{closure:Illuminate\\Pipeline\\Pipeline::prepareDestination():178}()
#27 /var/www/html/vendor/laravel/framework/src/Illuminate/Foundation/Http/Middleware/ConvertEmptyStringsToNull.php(31): Illuminate\\Foundation\\Http\\Middleware\\TransformsRequest->handle()
#28 /var/www/html/vendor/laravel/framework/src/Illuminate/Pipeline/Pipeline.php(219): Illuminate\\Foundation\\Http\\Middleware\\ConvertEmptyStringsToNull->handle()
#29 /var/www/html/vendor/laravel/framework/src/Illuminate/Foundation/Http/Middleware/TransformsRequest.php(21): Illuminate\\Pipeline\\Pipeline->{closure:{closure:Illuminate\\Pipeline\\Pipeline::carry():194}:195}()
#30 /var/www/html/vendor/laravel/framework/src/Illuminate/Foundation/Http/Middleware/TrimStrings.php(51): Illuminate\\Foundation\\Http\\Middleware\\TransformsRequest->handle()
#31 /var/www/html/vendor/laravel/framework/src/Illuminate/Pipeline/Pipeline.php(219): Illuminate\\Foundation\\Http\\Middleware\\TrimStrings->handle()
#32 /var/www/html/vendor/laravel/framework/src/Illuminate/Http/Middleware/ValidatePostSize.php(27): Illuminate\\Pipeline\\Pipeline->{closure:{closure:Illuminate\\Pipeline\\Pipeline::carry():194}:195}()
#33 /var/www/html/vendor/laravel/framework/src/Illuminate/Pipeline/Pipeline.php(219): Illuminate\\Http\\Middleware\\ValidatePostSize->handle()
#34 /var/www/html/vendor/laravel/framework/src/Illuminate/Foundation/Http/Middleware/PreventRequestsDuringMaintenance.php(109): Illuminate\\Pipeline\\Pipeline->{closure:{closure:Illuminate\\Pipeline\\Pipeline::carry():194}:195}()
#35 /var/www/html/vendor/laravel/framework/src/Illuminate/Pipeline/Pipeline.php(219): Illuminate\\Foundation\\Http\\Middleware\\PreventRequestsDuringMaintenance->handle()
#36 /var/www/html/vendor/laravel/framework/src/Illuminate/Http/Middleware/HandleCors.php(48): Illuminate\\Pipeline\\Pipeline->{closure:{closure:Illuminate\\Pipeline\\Pipeline::carry():194}:195}()
#37 /var/www/html/vendor/laravel/framework/src/Illuminate/Pipeline/Pipeline.php(219): Illuminate\\Http\\Middleware\\HandleCors->handle()
#38 /var/www/html/vendor/laravel/framework/src/Illuminate/Http/Middleware/TrustProxies.php(58): Illuminate\\Pipeline\\Pipeline->{closure:{closure:Illuminate\\Pipeline\\Pipeline::carry():194}:195}()
#39 /var/www/html/vendor/laravel/framework/src/Illuminate/Pipeline/Pipeline.php(219): Illuminate\\Http\\Middleware\\TrustProxies->handle()
#40 /var/www/html/vendor/laravel/framework/src/Illuminate/Foundation/Http/Middleware/InvokeDeferredCallbacks.php(22): Illuminate\\Pipeline\\Pipeline->{closure:{closure:Illuminate\\Pipeline\\Pipeline::carry():194}:195}()
#41 /var/www/html/vendor/laravel/framework/src/Illuminate/Pipeline/Pipeline.php(219): Illuminate\\Foundation\\Http\\Middleware\\InvokeDeferredCallbacks->handle()
#42 /var/www/html/vendor/laravel/framework/src/Illuminate/Http/Middleware/ValidatePathEncoding.php(26): Illuminate\\Pipeline\\Pipeline->{closure:{closure:Illuminate\\Pipeline\\Pipeline::carry():194}:195}()
#43 /var/www/html/vendor/laravel/framework/src/Illuminate/Pipeline/Pipeline.php(219): Illuminate\\Http\\Middleware\\ValidatePathEncoding->handle()
#44 /var/www/html/vendor/laravel/framework/src/Illuminate/Pipeline/Pipeline.php(137): Illuminate\\Pipeline\\Pipeline->{closure:{closure:Illuminate\\Pipeline\\Pipeline::carry():194}:195}()
#45 /var/www/html/vendor/laravel/framework/src/Illuminate/Foundation/Http/Kernel.php(175): Illuminate\\Pipeline\\Pipeline->then()
#46 /var/www/html/vendor/laravel/framework/src/Illuminate/Foundation/Http/Kernel.php(144): Illuminate\\Foundation\\Http\\Kernel->sendRequestThroughRouter()
#47 /var/www/html/vendor/laravel/framework/src/Illuminate/Foundation/Application.php(1220): Illuminate\\Foundation\\Http\\Kernel->handle()
#48 /var/www/html/public/index.php(20): Illuminate\\Foundation\\Application->handleRequest()
#49 /var/www/html/vendor/laravel/framework/src/Illuminate/Foundation/resources/server.php(23): require_once('...')
#50 {main}
"} 
[2025-12-03 16:46:44] local.ERROR: Route [login] not defined. {"exception":"[object] (Symfony\\Component\\Routing\\Exception\\RouteNotFoundException(code: 0): Route [login] not defined. at /var/www/html/vendor/laravel/framework/src/Illuminate/Routing/UrlGenerator.php:526)
[stacktrace]
#0 /var/www/html/vendor/laravel/framework/src/Illuminate/Foundation/helpers.php(871): Illuminate\\Routing\\UrlGenerator->route()
#1 /var/www/html/vendor/laravel/framework/src/Illuminate/Foundation/Configuration/ApplicationBuilder.php(278): route()
#2 [internal function]: Illuminate\\Foundation\\Configuration\\ApplicationBuilder->{closure:{closure:Illuminate\\Foundation\\Configuration\\ApplicationBuilder::withMiddleware():276}:278}()
#3 /var/www/html/vendor/laravel/framework/src/Illuminate/Auth/Middleware/Authenticate.php(117): call_user_func()
#4 /var/www/html/vendor/laravel/framework/src/Illuminate/Auth/Middleware/Authenticate.php(104): Illuminate\\Auth\\Middleware\\Authenticate->redirectTo()
#5 /var/www/html/vendor/laravel/framework/src/Illuminate/Auth/Middleware/Authenticate.php(87): Illuminate\\Auth\\Middleware\\Authenticate->unauthenticated()
#6 /var/www/html/vendor/laravel/framework/src/Illuminate/Auth/Middleware/Authenticate.php(61): Illuminate\\Auth\\Middleware\\Authenticate->authenticate()
#7 /var/www/html/vendor/laravel/framework/src/Illuminate/Pipeline/Pipeline.php(219): Illuminate\\Auth\\Middleware\\Authenticate->handle()
#8 /var/www/html/vendor/laravel/framework/src/Illuminate/Foundation/Http/Middleware/VerifyCsrfToken.php(87): Illuminate\\Pipeline\\Pipeline->{closure:{closure:Illuminate\\Pipeline\\Pipeline::carry():194}:195}()
#9 /var/www/html/vendor/laravel/framework/src/Illuminate/Pipeline/Pipeline.php(219): Illuminate\\Foundation\\Http\\Middleware\\VerifyCsrfToken->handle()
#10 /var/www/html/vendor/laravel/framework/src/Illuminate/View/Middleware/ShareErrorsFromSession.php(48): Illuminate\\Pipeline\\Pipeline->{closure:{closure:Illuminate\\Pipeline\\Pipeline::carry():194}:195}()
#11 /var/www/html/vendor/laravel/framework/src/Illuminate/Pipeline/Pipeline.php(219): Illuminate\\View\\Middleware\\ShareErrorsFromSession->handle()
#12 /var/www/html/vendor/laravel/framework/src/Illuminate/Session/Middleware/StartSession.php(120): Illuminate\\Pipeline\\Pipeline->{closure:{closure:Illuminate\\Pipeline\\Pipeline::carry():194}:195}()
#13 /var/www/html/vendor/laravel/framework/src/Illuminate/Session/Middleware/StartSession.php(63): Illuminate\\Session\\Middleware\\StartSession->handleStatefulRequest()
#14 /var/www/html/vendor/laravel/framework/src/Illuminate/Pipeline/Pipeline.php(219): Illuminate\\Session\\Middleware\\StartSession->handle()
#15 /var/www/html/vendor/laravel/framework/src/Illuminate/Cookie/Middleware/AddQueuedCookiesToResponse.php(36): Illuminate\\Pipeline\\Pipeline->{closure:{closure:Illuminate\\Pipeline\\Pipeline::carry():194}:195}()
#16 /var/www/html/vendor/laravel/framework/src/Illuminate/Pipeline/Pipeline.php(219): Illuminate\\Cookie\\Middleware\\AddQueuedCookiesToResponse->handle()
#17 /var/www/html/vendor/laravel/framework/src/Illuminate/Cookie/Middleware/EncryptCookies.php(74): Illuminate\\Pipeline\\Pipeline->{closure:{closure:Illuminate\\Pipeline\\Pipeline::carry():194}:195}()
#18 /var/www/html/vendor/laravel/framework/src/Illuminate/Pipeline/Pipeline.php(219): Illuminate\\Cookie\\Middleware\\EncryptCookies->handle()
#19 /var/www/html/vendor/laravel/framework/src/Illuminate/Pipeline/Pipeline.php(137): Illuminate\\Pipeline\\Pipeline->{closure:{closure:Illuminate\\Pipeline\\Pipeline::carry():194}:195}()
#20 /var/www/html/vendor/laravel/framework/src/Illuminate/Routing/Router.php(821): Illuminate\\Pipeline\\Pipeline->then()
#21 /var/www/html/vendor/laravel/framework/src/Illuminate/Routing/Router.php(800): Illuminate\\Routing\\Router->runRouteWithinStack()
#22 /var/www/html/vendor/laravel/framework/src/Illuminate/Routing/Router.php(764): Illuminate\\Routing\\Router->runRoute()
#23 /var/www/html/vendor/laravel/framework/src/Illuminate/Routing/Router.php(753): Illuminate\\Routing\\Router->dispatchToRoute()
#24 /var/www/html/vendor/laravel/framework/src/Illuminate/Foundation/Http/Kernel.php(200): Illuminate\\Routing\\Router->dispatch()
#25 /var/www/html/vendor/laravel/framework/src/Illuminate/Pipeline/Pipeline.php(180): Illuminate\\Foundation\\Http\\Kernel->{closure:Illuminate\\Foundation\\Http\\Kernel::dispatchToRouter():197}()
#26 /var/www/html/vendor/laravel/framework/src/Illuminate/Foundation/Http/Middleware/TransformsRequest.php(21): Illuminate\\Pipeline\\Pipeline->{closure:Illuminate\\Pipeline\\Pipeline::prepareDestination():178}()
#27 /var/www/html/vendor/laravel/framework/src/Illuminate/Foundation/Http/Middleware/ConvertEmptyStringsToNull.php(31): Illuminate\\Foundation\\Http\\Middleware\\TransformsRequest->handle()
#28 /var/www/html/vendor/laravel/framework/src/Illuminate/Pipeline/Pipeline.php(219): Illuminate\\Foundation\\Http\\Middleware\\ConvertEmptyStringsToNull->handle()
#29 /var/www/html/vendor/laravel/framework/src/Illuminate/Foundation/Http/Middleware/TransformsRequest.php(21): Illuminate\\Pipeline\\Pipeline->{closure:{closure:Illuminate\\Pipeline\\Pipeline::carry():194}:195}()
#30 /var/www/html/vendor/laravel/framework/src/Illuminate/Foundation/Http/Middleware/TrimStrings.php(51): Illuminate\\Foundation\\Http\\Middleware\\TransformsRequest->handle()
#31 /var/www/html/vendor/laravel/framework/src/Illuminate/Pipeline/Pipeline.php(219): Illuminate\\Foundation\\Http\\Middleware\\TrimStrings->handle()
#32 /var/www/html/vendor/laravel/framework/src/Illuminate/Http/Middleware/ValidatePostSize.php(27): Illuminate\\Pipeline\\Pipeline->{closure:{closure:Illuminate\\Pipeline\\Pipeline::carry():194}:195}()
#33 /var/www/html/vendor/laravel/framework/src/Illuminate/Pipeline/Pipeline.php(219): Illuminate\\Http\\Middleware\\ValidatePostSize->handle()
#34 /var/www/html/vendor/laravel/framework/src/Illuminate/Foundation/Http/Middleware/PreventRequestsDuringMaintenance.php(109): Illuminate\\Pipeline\\Pipeline->{closure:{closure:Illuminate\\Pipeline\\Pipeline::carry():194}:195}()
#35 /var/www/html/vendor/laravel/framework/src/Illuminate/Pipeline/Pipeline.php(219): Illuminate\\Foundation\\Http\\Middleware\\PreventRequestsDuringMaintenance->handle()
#36 /var/www/html/vendor/laravel/framework/src/Illuminate/Http/Middleware/HandleCors.php(48): Illuminate\\Pipeline\\Pipeline->{closure:{closure:Illuminate\\Pipeline\\Pipeline::carry():194}:195}()
#37 /var/www/html/vendor/laravel/framework/src/Illuminate/Pipeline/Pipeline.php(219): Illuminate\\Http\\Middleware\\HandleCors->handle()
#38 /var/www/html/vendor/laravel/framework/src/Illuminate/Http/Middleware/TrustProxies.php(58): Illuminate\\Pipeline\\Pipeline->{closure:{closure:Illuminate\\Pipeline\\Pipeline::carry():194}:195}()
#39 /var/www/html/vendor/laravel/framework/src/Illuminate/Pipeline/Pipeline.php(219): Illuminate\\Http\\Middleware\\TrustProxies->handle()
#40 /var/www/html/vendor/laravel/framework/src/Illuminate/Foundation/Http/Middleware/InvokeDeferredCallbacks.php(22): Illuminate\\Pipeline\\Pipeline->{closure:{closure:Illuminate\\Pipeline\\Pipeline::carry():194}:195}()
#41 /var/www/html/vendor/laravel/framework/src/Illuminate/Pipeline/Pipeline.php(219): Illuminate\\Foundation\\Http\\Middleware\\InvokeDeferredCallbacks->handle()
#42 /var/www/html/vendor/laravel/framework/src/Illuminate/Http/Middleware/ValidatePathEncoding.php(26): Illuminate\\Pipeline\\Pipeline->{closure:{closure:Illuminate\\Pipeline\\Pipeline::carry():194}:195}()
#43 /var/www/html/vendor/laravel/framework/src/Illuminate/Pipeline/Pipeline.php(219): Illuminate\\Http\\Middleware\\ValidatePathEncoding->handle()
#44 /var/www/html/vendor/laravel/framework/src/Illuminate/Pipeline/Pipeline.php(137): Illuminate\\Pipeline\\Pipeline->{closure:{closure:Illuminate\\Pipeline\\Pipeline::carry():194}:195}()
#45 /var/www/html/vendor/laravel/framework/src/Illuminate/Foundation/Http/Kernel.php(175): Illuminate\\Pipeline\\Pipeline->then()
#46 /var/www/html/vendor/laravel/framework/src/Illuminate/Foundation/Http/Kernel.php(144): Illuminate\\Foundation\\Http\\Kernel->sendRequestThroughRouter()
#47 /var/www/html/vendor/laravel/framework/src/Illuminate/Foundation/Application.php(1220): Illuminate\\Foundation\\Http\\Kernel->handle()
#48 /var/www/html/public/index.php(20): Illuminate\\Foundation\\Application->handleRequest()
#49 /var/www/html/vendor/laravel/framework/src/Illuminate/Foundation/resources/server.php(23): require_once('...')
#50 {main}
"} 
[2025-12-03 16:59:23] local.INFO: LogRequests middleware called {"url":"http://localhost/api/auth/logout","method":"POST","headers":{"host":["localhost"],"connection":["keep-alive"],"content-length":["2"],"sec-ch-ua-platform":["\"Windows\""],"authorization":["Bearer 21|xVsZWoZLrTsHzmZizBkAQhjyzy30TFjjrsS6v85Tc9663506"],"user-agent":["Mozilla/5.0 (Windows NT 10.0; Win64; x64) AppleWebKit/537.36 (KHTML, like Gecko) Chrome/142.0.0.0 Safari/537.36"],"accept":["application/json"],"sec-ch-ua":["\"Chromium\";v=\"142\", \"Google Chrome\";v=\"142\", \"Not_A Brand\";v=\"99\""],"content-type":["application/json"],"sec-ch-ua-mobile":["?0"],"origin":["http://localhost"],"sec-fetch-site":["same-origin"],"sec-fetch-mode":["cors"],"sec-fetch-dest":["empty"],"referer":["http://localhost/"],"accept-encoding":["gzip, deflate, br, zstd"],"accept-language":["ru-RU,ru;q=0.9,en-US;q=0.8,en;q=0.7"],"cookie":["remember_web_59ba36addc2b2f9401580f014c7f58ea4e30989d=eyJpdiI6IitGb2wvTkZVRnYxOWV1QmRobzBZSmc9PSIsInZhbHVlIjoiYm5KR29iQ0E0SmdxdUN5ZGJGQ2kyQmQvdU9ibWVMR0hoa1dIbzlIQzBaakZjM0NISjdqcXBDakpWd3RwYVZPM3Q0VXlJWWQzMWw1SkJoTmxmMzBScllBdWtvZk1VT1JYWWFPUUFWQ3ZzTkpZSndWaDczYVJBdWV1T3R0bjlmbXA3d0dlMDJWSm5sRXFnYk1pdGtuSlB2ZUF1aVVOT28zQVBrdmRXMk8wYXdPVDE4ZGs0UnNWclZVeW1tcUxQM0tqbEJ6ZVllZTBrSmdrWnRBM3BmTHNacnhORmFna1lXNm5IbW16VldMcnhKTT0iLCJtYWMiOiIyOWIyNjExYzIzY2RhZWI4MzdjMTMxZGY5MmU2NGI2MzIwMzc3Y2U4M2U1NTdjNTczMDg0ODA5YTJiNDhmYmQ1IiwidGFnIjoiIn0%3D; operator_client_id=eyJpdiI6Ilc3UFBRTEhlKzBhdDkzT0wvOGJhcGc9PSIsInZhbHVlIjoiaHNXdzZYbCtNZ2ZFdUdyQjAzTG9idWxLVlZKNmZYMHE4STU2RFNKTmlobWhZSVNuN2dTcDhYK1BHOFRyRDU2SyIsIm1hYyI6IjU1ZjcyMTY0NWEzMDRhZGU5ZWUxNjlhNWUyYTBjYjI3NjJkZjYwODg4YjkxODVlNWQxMDFlNjY3Yjk3MTI4YzgiLCJ0YWciOiIifQ%3D%3D; current_hotel_id=eyJpdiI6ImpZL3BPMEI2eXIzUC9yR0daMlhhTEE9PSIsInZhbHVlIjoiS0FLc1hyd1I5ZFFvRk5QcEliUFhsS1c1YjlnNFk1VDZiVFdlak5INFhFTmhoUmo5UXlzY1ExZkpZTHpDSUEwayIsIm1hYyI6IjhjYTE0ZDEwNmNhNDBlNGRjZjlkYTYxZWNkMjA5OGUxODRiZGIwNDk3NTk3M2MxODE4Y2I5NjFiMTUxZmY1NmMiLCJ0YWciOiIifQ%3D%3D; XSRF-TOKEN=eyJpdiI6ImhuVDc3YzNnTnBIVldvRlFsT0ttSlE9PSIsInZhbHVlIjoiNTVXeC9vZlhzSU1ENXFDbDVHVElweWdjR2xEMVdUWTVjRjlLVSs5R2syd2JmZFNTN0hWUzZndUFSalExb1ViaFc3MXliUHRBMjJUT2g1Y3Q3T0tsNjN1S05WWXBYS09GUHBqV2JiMzhzU0gwNHJJcVgyMkFHN2JEZGpGOWMvcG4iLCJtYWMiOiIyYjg0NjBlZGNlZTRmOGFkNTliOWM5OWEyNWUzNmYwMmY0NzY3YjkwMDJmZWI5NDNmY2RiMzE2M2NjYThmYmM4IiwidGFnIjoiIn0%3D; laravel-session=eyJpdiI6IlZOTVJRVFRDSER0dFh4VkR1VUNiVVE9PSIsInZhbHVlIjoiaXVaM3NTTEVXMkVsM1E1MDZEWGQ5T3Z3ZlhIankvcUl1cXJpbFArdExvbUIweG11VDV1K2JkVTV5blhkRGJhYWFkSGh6dnFDeGs4eXJJNUtZYk0xWWdOMnh0Qjh3L01uMlBjSkxrNU81TjBQMkRlUUdqRSt3cldoVEVVeXhLQXIiLCJtYWMiOiIxMTQ3MDc4ZGYyOThlMzViZTQ0NGViZTA1YWY4MzY0OGQyMGJhMGI0Nzg2MWMzYjBlNDNlOGRkYTZkYWMyNmVhIiwidGFnIjoiIn0%3D"]},"cookies":{"remember_web_59ba36addc2b2f9401580f014c7f58ea4e30989d":"eyJpdiI6IitGb2wvTkZVRnYxOWV1QmRobzBZSmc9PSIsInZhbHVlIjoiYm5KR29iQ0E0SmdxdUN5ZGJGQ2kyQmQvdU9ibWVMR0hoa1dIbzlIQzBaakZjM0NISjdqcXBDakpWd3RwYVZPM3Q0VXlJWWQzMWw1SkJoTmxmMzBScllBdWtvZk1VT1JYWWFPUUFWQ3ZzTkpZSndWaDczYVJBdWV1T3R0bjlmbXA3d0dlMDJWSm5sRXFnYk1pdGtuSlB2ZUF1aVVOT28zQVBrdmRXMk8wYXdPVDE4ZGs0UnNWclZVeW1tcUxQM0tqbEJ6ZVllZTBrSmdrWnRBM3BmTHNacnhORmFna1lXNm5IbW16VldMcnhKTT0iLCJtYWMiOiIyOWIyNjExYzIzY2RhZWI4MzdjMTMxZGY5MmU2NGI2MzIwMzc3Y2U4M2U1NTdjNTczMDg0ODA5YTJiNDhmYmQ1IiwidGFnIjoiIn0=","operator_client_id":"eyJpdiI6Ilc3UFBRTEhlKzBhdDkzT0wvOGJhcGc9PSIsInZhbHVlIjoiaHNXdzZYbCtNZ2ZFdUdyQjAzTG9idWxLVlZKNmZYMHE4STU2RFNKTmlobWhZSVNuN2dTcDhYK1BHOFRyRDU2SyIsIm1hYyI6IjU1ZjcyMTY0NWEzMDRhZGU5ZWUxNjlhNWUyYTBjYjI3NjJkZjYwODg4YjkxODVlNWQxMDFlNjY3Yjk3MTI4YzgiLCJ0YWciOiIifQ==","current_hotel_id":"eyJpdiI6ImpZL3BPMEI2eXIzUC9yR0daMlhhTEE9PSIsInZhbHVlIjoiS0FLc1hyd1I5ZFFvRk5QcEliUFhsS1c1YjlnNFk1VDZiVFdlak5INFhFTmhoUmo5UXlzY1ExZkpZTHpDSUEwayIsIm1hYyI6IjhjYTE0ZDEwNmNhNDBlNGRjZjlkYTYxZWNkMjA5OGUxODRiZGIwNDk3NTk3M2MxODE4Y2I5NjFiMTUxZmY1NmMiLCJ0YWciOiIifQ==","XSRF-TOKEN":"eyJpdiI6ImhuVDc3YzNnTnBIVldvRlFsT0ttSlE9PSIsInZhbHVlIjoiNTVXeC9vZlhzSU1ENXFDbDVHVElweWdjR2xEMVdUWTVjRjlLVSs5R2syd2JmZFNTN0hWUzZndUFSalExb1ViaFc3MXliUHRBMjJUT2g1Y3Q3T0tsNjN1S05WWXBYS09GUHBqV2JiMzhzU0gwNHJJcVgyMkFHN2JEZGpGOWMvcG4iLCJtYWMiOiIyYjg0NjBlZGNlZTRmOGFkNTliOWM5OWEyNWUzNmYwMmY0NzY3YjkwMDJmZWI5NDNmY2RiMzE2M2NjYThmYmM4IiwidGFnIjoiIn0=","laravel-session":"eyJpdiI6IlZOTVJRVFRDSER0dFh4VkR1VUNiVVE9PSIsInZhbHVlIjoiaXVaM3NTTEVXMkVsM1E1MDZEWGQ5T3Z3ZlhIankvcUl1cXJpbFArdExvbUIweG11VDV1K2JkVTV5blhkRGJhYWFkSGh6dnFDeGs4eXJJNUtZYk0xWWdOMnh0Qjh3L01uMlBjSkxrNU81TjBQMkRlUUdqRSt3cldoVEVVeXhLQXIiLCJtYWMiOiIxMTQ3MDc4ZGYyOThlMzViZTQ0NGViZTA1YWY4MzY0OGQyMGJhMGI0Nzg2MWMzYjBlNDNlOGRkYTZkYWMyNmVhIiwidGFnIjoiIn0="}} 
[2025-12-03 16:59:24] local.INFO: LogRequests middleware called {"url":"http://localhost/api/auth/refresh","method":"POST","headers":{"host":["localhost"],"connection":["keep-alive"],"content-length":["0"],"sec-ch-ua-platform":["\"Windows\""],"user-agent":["Mozilla/5.0 (Windows NT 10.0; Win64; x64) AppleWebKit/537.36 (KHTML, like Gecko) Chrome/142.0.0.0 Safari/537.36"],"accept":["application/json"],"sec-ch-ua":["\"Chromium\";v=\"142\", \"Google Chrome\";v=\"142\", \"Not_A Brand\";v=\"99\""],"sec-ch-ua-mobile":["?0"],"origin":["http://localhost"],"sec-fetch-site":["same-origin"],"sec-fetch-mode":["cors"],"sec-fetch-dest":["empty"],"referer":["http://localhost/"],"accept-encoding":["gzip, deflate, br, zstd"],"accept-language":["ru-RU,ru;q=0.9,en-US;q=0.8,en;q=0.7"],"cookie":["remember_web_59ba36addc2b2f9401580f014c7f58ea4e30989d=eyJpdiI6IitGb2wvTkZVRnYxOWV1QmRobzBZSmc9PSIsInZhbHVlIjoiYm5KR29iQ0E0SmdxdUN5ZGJGQ2kyQmQvdU9ibWVMR0hoa1dIbzlIQzBaakZjM0NISjdqcXBDakpWd3RwYVZPM3Q0VXlJWWQzMWw1SkJoTmxmMzBScllBdWtvZk1VT1JYWWFPUUFWQ3ZzTkpZSndWaDczYVJBdWV1T3R0bjlmbXA3d0dlMDJWSm5sRXFnYk1pdGtuSlB2ZUF1aVVOT28zQVBrdmRXMk8wYXdPVDE4ZGs0UnNWclZVeW1tcUxQM0tqbEJ6ZVllZTBrSmdrWnRBM3BmTHNacnhORmFna1lXNm5IbW16VldMcnhKTT0iLCJtYWMiOiIyOWIyNjExYzIzY2RhZWI4MzdjMTMxZGY5MmU2NGI2MzIwMzc3Y2U4M2U1NTdjNTczMDg0ODA5YTJiNDhmYmQ1IiwidGFnIjoiIn0%3D; operator_client_id=eyJpdiI6Ilc3UFBRTEhlKzBhdDkzT0wvOGJhcGc9PSIsInZhbHVlIjoiaHNXdzZYbCtNZ2ZFdUdyQjAzTG9idWxLVlZKNmZYMHE4STU2RFNKTmlobWhZSVNuN2dTcDhYK1BHOFRyRDU2SyIsIm1hYyI6IjU1ZjcyMTY0NWEzMDRhZGU5ZWUxNjlhNWUyYTBjYjI3NjJkZjYwODg4YjkxODVlNWQxMDFlNjY3Yjk3MTI4YzgiLCJ0YWciOiIifQ%3D%3D; current_hotel_id=eyJpdiI6ImpZL3BPMEI2eXIzUC9yR0daMlhhTEE9PSIsInZhbHVlIjoiS0FLc1hyd1I5ZFFvRk5QcEliUFhsS1c1YjlnNFk1VDZiVFdlak5INFhFTmhoUmo5UXlzY1ExZkpZTHpDSUEwayIsIm1hYyI6IjhjYTE0ZDEwNmNhNDBlNGRjZjlkYTYxZWNkMjA5OGUxODRiZGIwNDk3NTk3M2MxODE4Y2I5NjFiMTUxZmY1NmMiLCJ0YWciOiIifQ%3D%3D; XSRF-TOKEN=eyJpdiI6ImhuVDc3YzNnTnBIVldvRlFsT0ttSlE9PSIsInZhbHVlIjoiNTVXeC9vZlhzSU1ENXFDbDVHVElweWdjR2xEMVdUWTVjRjlLVSs5R2syd2JmZFNTN0hWUzZndUFSalExb1ViaFc3MXliUHRBMjJUT2g1Y3Q3T0tsNjN1S05WWXBYS09GUHBqV2JiMzhzU0gwNHJJcVgyMkFHN2JEZGpGOWMvcG4iLCJtYWMiOiIyYjg0NjBlZGNlZTRmOGFkNTliOWM5OWEyNWUzNmYwMmY0NzY3YjkwMDJmZWI5NDNmY2RiMzE2M2NjYThmYmM4IiwidGFnIjoiIn0%3D; laravel-session=eyJpdiI6IlZOTVJRVFRDSER0dFh4VkR1VUNiVVE9PSIsInZhbHVlIjoiaXVaM3NTTEVXMkVsM1E1MDZEWGQ5T3Z3ZlhIankvcUl1cXJpbFArdExvbUIweG11VDV1K2JkVTV5blhkRGJhYWFkSGh6dnFDeGs4eXJJNUtZYk0xWWdOMnh0Qjh3L01uMlBjSkxrNU81TjBQMkRlUUdqRSt3cldoVEVVeXhLQXIiLCJtYWMiOiIxMTQ3MDc4ZGYyOThlMzViZTQ0NGViZTA1YWY4MzY0OGQyMGJhMGI0Nzg2MWMzYjBlNDNlOGRkYTZkYWMyNmVhIiwidGFnIjoiIn0%3D"]},"cookies":{"remember_web_59ba36addc2b2f9401580f014c7f58ea4e30989d":"eyJpdiI6IitGb2wvTkZVRnYxOWV1QmRobzBZSmc9PSIsInZhbHVlIjoiYm5KR29iQ0E0SmdxdUN5ZGJGQ2kyQmQvdU9ibWVMR0hoa1dIbzlIQzBaakZjM0NISjdqcXBDakpWd3RwYVZPM3Q0VXlJWWQzMWw1SkJoTmxmMzBScllBdWtvZk1VT1JYWWFPUUFWQ3ZzTkpZSndWaDczYVJBdWV1T3R0bjlmbXA3d0dlMDJWSm5sRXFnYk1pdGtuSlB2ZUF1aVVOT28zQVBrdmRXMk8wYXdPVDE4ZGs0UnNWclZVeW1tcUxQM0tqbEJ6ZVllZTBrSmdrWnRBM3BmTHNacnhORmFna1lXNm5IbW16VldMcnhKTT0iLCJtYWMiOiIyOWIyNjExYzIzY2RhZWI4MzdjMTMxZGY5MmU2NGI2MzIwMzc3Y2U4M2U1NTdjNTczMDg0ODA5YTJiNDhmYmQ1IiwidGFnIjoiIn0=","operator_client_id":"eyJpdiI6Ilc3UFBRTEhlKzBhdDkzT0wvOGJhcGc9PSIsInZhbHVlIjoiaHNXdzZYbCtNZ2ZFdUdyQjAzTG9idWxLVlZKNmZYMHE4STU2RFNKTmlobWhZSVNuN2dTcDhYK1BHOFRyRDU2SyIsIm1hYyI6IjU1ZjcyMTY0NWEzMDRhZGU5ZWUxNjlhNWUyYTBjYjI3NjJkZjYwODg4YjkxODVlNWQxMDFlNjY3Yjk3MTI4YzgiLCJ0YWciOiIifQ==","current_hotel_id":"eyJpdiI6ImpZL3BPMEI2eXIzUC9yR0daMlhhTEE9PSIsInZhbHVlIjoiS0FLc1hyd1I5ZFFvRk5QcEliUFhsS1c1YjlnNFk1VDZiVFdlak5INFhFTmhoUmo5UXlzY1ExZkpZTHpDSUEwayIsIm1hYyI6IjhjYTE0ZDEwNmNhNDBlNGRjZjlkYTYxZWNkMjA5OGUxODRiZGIwNDk3NTk3M2MxODE4Y2I5NjFiMTUxZmY1NmMiLCJ0YWciOiIifQ==","XSRF-TOKEN":"eyJpdiI6ImhuVDc3YzNnTnBIVldvRlFsT0ttSlE9PSIsInZhbHVlIjoiNTVXeC9vZlhzSU1ENXFDbDVHVElweWdjR2xEMVdUWTVjRjlLVSs5R2syd2JmZFNTN0hWUzZndUFSalExb1ViaFc3MXliUHRBMjJUT2g1Y3Q3T0tsNjN1S05WWXBYS09GUHBqV2JiMzhzU0gwNHJJcVgyMkFHN2JEZGpGOWMvcG4iLCJtYWMiOiIyYjg0NjBlZGNlZTRmOGFkNTliOWM5OWEyNWUzNmYwMmY0NzY3YjkwMDJmZWI5NDNmY2RiMzE2M2NjYThmYmM4IiwidGFnIjoiIn0=","laravel-session":"eyJpdiI6IlZOTVJRVFRDSER0dFh4VkR1VUNiVVE9PSIsInZhbHVlIjoiaXVaM3NTTEVXMkVsM1E1MDZEWGQ5T3Z3ZlhIankvcUl1cXJpbFArdExvbUIweG11VDV1K2JkVTV5blhkRGJhYWFkSGh6dnFDeGs4eXJJNUtZYk0xWWdOMnh0Qjh3L01uMlBjSkxrNU81TjBQMkRlUUdqRSt3cldoVEVVeXhLQXIiLCJtYWMiOiIxMTQ3MDc4ZGYyOThlMzViZTQ0NGViZTA1YWY4MzY0OGQyMGJhMGI0Nzg2MWMzYjBlNDNlOGRkYTZkYWMyNmVhIiwidGFnIjoiIn0="}} 
[2025-12-03 16:59:25] local.INFO: LogRequests middleware called {"url":"http://localhost/api/auth/logout","method":"POST","headers":{"host":["localhost"],"connection":["keep-alive"],"content-length":["2"],"sec-ch-ua-platform":["\"Windows\""],"authorization":["Bearer 21|xVsZWoZLrTsHzmZizBkAQhjyzy30TFjjrsS6v85Tc9663506"],"user-agent":["Mozilla/5.0 (Windows NT 10.0; Win64; x64) AppleWebKit/537.36 (KHTML, like Gecko) Chrome/142.0.0.0 Safari/537.36"],"accept":["application/json"],"sec-ch-ua":["\"Chromium\";v=\"142\", \"Google Chrome\";v=\"142\", \"Not_A Brand\";v=\"99\""],"content-type":["application/json"],"sec-ch-ua-mobile":["?0"],"origin":["http://localhost"],"sec-fetch-site":["same-origin"],"sec-fetch-mode":["cors"],"sec-fetch-dest":["empty"],"referer":["http://localhost/"],"accept-encoding":["gzip, deflate, br, zstd"],"accept-language":["ru-RU,ru;q=0.9,en-US;q=0.8,en;q=0.7"],"cookie":["remember_web_59ba36addc2b2f9401580f014c7f58ea4e30989d=eyJpdiI6IitGb2wvTkZVRnYxOWV1QmRobzBZSmc9PSIsInZhbHVlIjoiYm5KR29iQ0E0SmdxdUN5ZGJGQ2kyQmQvdU9ibWVMR0hoa1dIbzlIQzBaakZjM0NISjdqcXBDakpWd3RwYVZPM3Q0VXlJWWQzMWw1SkJoTmxmMzBScllBdWtvZk1VT1JYWWFPUUFWQ3ZzTkpZSndWaDczYVJBdWV1T3R0bjlmbXA3d0dlMDJWSm5sRXFnYk1pdGtuSlB2ZUF1aVVOT28zQVBrdmRXMk8wYXdPVDE4ZGs0UnNWclZVeW1tcUxQM0tqbEJ6ZVllZTBrSmdrWnRBM3BmTHNacnhORmFna1lXNm5IbW16VldMcnhKTT0iLCJtYWMiOiIyOWIyNjExYzIzY2RhZWI4MzdjMTMxZGY5MmU2NGI2MzIwMzc3Y2U4M2U1NTdjNTczMDg0ODA5YTJiNDhmYmQ1IiwidGFnIjoiIn0%3D; operator_client_id=eyJpdiI6Ilc3UFBRTEhlKzBhdDkzT0wvOGJhcGc9PSIsInZhbHVlIjoiaHNXdzZYbCtNZ2ZFdUdyQjAzTG9idWxLVlZKNmZYMHE4STU2RFNKTmlobWhZSVNuN2dTcDhYK1BHOFRyRDU2SyIsIm1hYyI6IjU1ZjcyMTY0NWEzMDRhZGU5ZWUxNjlhNWUyYTBjYjI3NjJkZjYwODg4YjkxODVlNWQxMDFlNjY3Yjk3MTI4YzgiLCJ0YWciOiIifQ%3D%3D; current_hotel_id=eyJpdiI6ImpZL3BPMEI2eXIzUC9yR0daMlhhTEE9PSIsInZhbHVlIjoiS0FLc1hyd1I5ZFFvRk5QcEliUFhsS1c1YjlnNFk1VDZiVFdlak5INFhFTmhoUmo5UXlzY1ExZkpZTHpDSUEwayIsIm1hYyI6IjhjYTE0ZDEwNmNhNDBlNGRjZjlkYTYxZWNkMjA5OGUxODRiZGIwNDk3NTk3M2MxODE4Y2I5NjFiMTUxZmY1NmMiLCJ0YWciOiIifQ%3D%3D; XSRF-TOKEN=eyJpdiI6ImhuVDc3YzNnTnBIVldvRlFsT0ttSlE9PSIsInZhbHVlIjoiNTVXeC9vZlhzSU1ENXFDbDVHVElweWdjR2xEMVdUWTVjRjlLVSs5R2syd2JmZFNTN0hWUzZndUFSalExb1ViaFc3MXliUHRBMjJUT2g1Y3Q3T0tsNjN1S05WWXBYS09GUHBqV2JiMzhzU0gwNHJJcVgyMkFHN2JEZGpGOWMvcG4iLCJtYWMiOiIyYjg0NjBlZGNlZTRmOGFkNTliOWM5OWEyNWUzNmYwMmY0NzY3YjkwMDJmZWI5NDNmY2RiMzE2M2NjYThmYmM4IiwidGFnIjoiIn0%3D; laravel-session=eyJpdiI6IlZOTVJRVFRDSER0dFh4VkR1VUNiVVE9PSIsInZhbHVlIjoiaXVaM3NTTEVXMkVsM1E1MDZEWGQ5T3Z3ZlhIankvcUl1cXJpbFArdExvbUIweG11VDV1K2JkVTV5blhkRGJhYWFkSGh6dnFDeGs4eXJJNUtZYk0xWWdOMnh0Qjh3L01uMlBjSkxrNU81TjBQMkRlUUdqRSt3cldoVEVVeXhLQXIiLCJtYWMiOiIxMTQ3MDc4ZGYyOThlMzViZTQ0NGViZTA1YWY4MzY0OGQyMGJhMGI0Nzg2MWMzYjBlNDNlOGRkYTZkYWMyNmVhIiwidGFnIjoiIn0%3D"]},"cookies":{"remember_web_59ba36addc2b2f9401580f014c7f58ea4e30989d":"eyJpdiI6IitGb2wvTkZVRnYxOWV1QmRobzBZSmc9PSIsInZhbHVlIjoiYm5KR29iQ0E0SmdxdUN5ZGJGQ2kyQmQvdU9ibWVMR0hoa1dIbzlIQzBaakZjM0NISjdqcXBDakpWd3RwYVZPM3Q0VXlJWWQzMWw1SkJoTmxmMzBScllBdWtvZk1VT1JYWWFPUUFWQ3ZzTkpZSndWaDczYVJBdWV1T3R0bjlmbXA3d0dlMDJWSm5sRXFnYk1pdGtuSlB2ZUF1aVVOT28zQVBrdmRXMk8wYXdPVDE4ZGs0UnNWclZVeW1tcUxQM0tqbEJ6ZVllZTBrSmdrWnRBM3BmTHNacnhORmFna1lXNm5IbW16VldMcnhKTT0iLCJtYWMiOiIyOWIyNjExYzIzY2RhZWI4MzdjMTMxZGY5MmU2NGI2MzIwMzc3Y2U4M2U1NTdjNTczMDg0ODA5YTJiNDhmYmQ1IiwidGFnIjoiIn0=","operator_client_id":"eyJpdiI6Ilc3UFBRTEhlKzBhdDkzT0wvOGJhcGc9PSIsInZhbHVlIjoiaHNXdzZYbCtNZ2ZFdUdyQjAzTG9idWxLVlZKNmZYMHE4STU2RFNKTmlobWhZSVNuN2dTcDhYK1BHOFRyRDU2SyIsIm1hYyI6IjU1ZjcyMTY0NWEzMDRhZGU5ZWUxNjlhNWUyYTBjYjI3NjJkZjYwODg4YjkxODVlNWQxMDFlNjY3Yjk3MTI4YzgiLCJ0YWciOiIifQ==","current_hotel_id":"eyJpdiI6ImpZL3BPMEI2eXIzUC9yR0daMlhhTEE9PSIsInZhbHVlIjoiS0FLc1hyd1I5ZFFvRk5QcEliUFhsS1c1YjlnNFk1VDZiVFdlak5INFhFTmhoUmo5UXlzY1ExZkpZTHpDSUEwayIsIm1hYyI6IjhjYTE0ZDEwNmNhNDBlNGRjZjlkYTYxZWNkMjA5OGUxODRiZGIwNDk3NTk3M2MxODE4Y2I5NjFiMTUxZmY1NmMiLCJ0YWciOiIifQ==","XSRF-TOKEN":"eyJpdiI6ImhuVDc3YzNnTnBIVldvRlFsT0ttSlE9PSIsInZhbHVlIjoiNTVXeC9vZlhzSU1ENXFDbDVHVElweWdjR2xEMVdUWTVjRjlLVSs5R2syd2JmZFNTN0hWUzZndUFSalExb1ViaFc3MXliUHRBMjJUT2g1Y3Q3T0tsNjN1S05WWXBYS09GUHBqV2JiMzhzU0gwNHJJcVgyMkFHN2JEZGpGOWMvcG4iLCJtYWMiOiIyYjg0NjBlZGNlZTRmOGFkNTliOWM5OWEyNWUzNmYwMmY0NzY3YjkwMDJmZWI5NDNmY2RiMzE2M2NjYThmYmM4IiwidGFnIjoiIn0=","laravel-session":"eyJpdiI6IlZOTVJRVFRDSER0dFh4VkR1VUNiVVE9PSIsInZhbHVlIjoiaXVaM3NTTEVXMkVsM1E1MDZEWGQ5T3Z3ZlhIankvcUl1cXJpbFArdExvbUIweG11VDV1K2JkVTV5blhkRGJhYWFkSGh6dnFDeGs4eXJJNUtZYk0xWWdOMnh0Qjh3L01uMlBjSkxrNU81TjBQMkRlUUdqRSt3cldoVEVVeXhLQXIiLCJtYWMiOiIxMTQ3MDc4ZGYyOThlMzViZTQ0NGViZTA1YWY4MzY0OGQyMGJhMGI0Nzg2MWMzYjBlNDNlOGRkYTZkYWMyNmVhIiwidGFnIjoiIn0="}} 
[2025-12-03 16:59:35] local.INFO: LogRequests middleware called {"url":"http://localhost/api/auth/login","method":"POST","headers":{"host":["localhost"],"connection":["keep-alive"],"content-length":["52"],"sec-ch-ua-platform":["\"Windows\""],"user-agent":["Mozilla/5.0 (Windows NT 10.0; Win64; x64) AppleWebKit/537.36 (KHTML, like Gecko) Chrome/142.0.0.0 Safari/537.36"],"accept":["application/json"],"sec-ch-ua":["\"Chromium\";v=\"142\", \"Google Chrome\";v=\"142\", \"Not_A Brand\";v=\"99\""],"content-type":["application/json"],"sec-ch-ua-mobile":["?0"],"origin":["http://localhost"],"sec-fetch-site":["same-origin"],"sec-fetch-mode":["cors"],"sec-fetch-dest":["empty"],"referer":["http://localhost/"],"accept-encoding":["gzip, deflate, br, zstd"],"accept-language":["ru-RU,ru;q=0.9,en-US;q=0.8,en;q=0.7"],"cookie":["remember_web_59ba36addc2b2f9401580f014c7f58ea4e30989d=eyJpdiI6IitGb2wvTkZVRnYxOWV1QmRobzBZSmc9PSIsInZhbHVlIjoiYm5KR29iQ0E0SmdxdUN5ZGJGQ2kyQmQvdU9ibWVMR0hoa1dIbzlIQzBaakZjM0NISjdqcXBDakpWd3RwYVZPM3Q0VXlJWWQzMWw1SkJoTmxmMzBScllBdWtvZk1VT1JYWWFPUUFWQ3ZzTkpZSndWaDczYVJBdWV1T3R0bjlmbXA3d0dlMDJWSm5sRXFnYk1pdGtuSlB2ZUF1aVVOT28zQVBrdmRXMk8wYXdPVDE4ZGs0UnNWclZVeW1tcUxQM0tqbEJ6ZVllZTBrSmdrWnRBM3BmTHNacnhORmFna1lXNm5IbW16VldMcnhKTT0iLCJtYWMiOiIyOWIyNjExYzIzY2RhZWI4MzdjMTMxZGY5MmU2NGI2MzIwMzc3Y2U4M2U1NTdjNTczMDg0ODA5YTJiNDhmYmQ1IiwidGFnIjoiIn0%3D; operator_client_id=eyJpdiI6Ilc3UFBRTEhlKzBhdDkzT0wvOGJhcGc9PSIsInZhbHVlIjoiaHNXdzZYbCtNZ2ZFdUdyQjAzTG9idWxLVlZKNmZYMHE4STU2RFNKTmlobWhZSVNuN2dTcDhYK1BHOFRyRDU2SyIsIm1hYyI6IjU1ZjcyMTY0NWEzMDRhZGU5ZWUxNjlhNWUyYTBjYjI3NjJkZjYwODg4YjkxODVlNWQxMDFlNjY3Yjk3MTI4YzgiLCJ0YWciOiIifQ%3D%3D; current_hotel_id=eyJpdiI6ImpZL3BPMEI2eXIzUC9yR0daMlhhTEE9PSIsInZhbHVlIjoiS0FLc1hyd1I5ZFFvRk5QcEliUFhsS1c1YjlnNFk1VDZiVFdlak5INFhFTmhoUmo5UXlzY1ExZkpZTHpDSUEwayIsIm1hYyI6IjhjYTE0ZDEwNmNhNDBlNGRjZjlkYTYxZWNkMjA5OGUxODRiZGIwNDk3NTk3M2MxODE4Y2I5NjFiMTUxZmY1NmMiLCJ0YWciOiIifQ%3D%3D; XSRF-TOKEN=eyJpdiI6IjRtM01MT1oybUs1UUNxRTdoQXlaWUE9PSIsInZhbHVlIjoiY2dPRnVEOXFLYndUNlcwQUFtakY1cFhGMG5tWEVHOENjYmFlcy9Nd2tJQi9CY0JqbCtrYk5YSTdMYWZiY00rTFFVODNXUFRCM1llc2diVlRFNlJoY243U09EMktuNXpvV2xmaTlOV3VIVFhaaVpBT3JGSjY3bTNNcmFJbHJkSmEiLCJtYWMiOiI2OGZjYmE3YWE1MzM1MzI3MGZkN2VhMDdiOTNkNzk3ODk3MjVlM2I5OGEwY2U2NjI1M2YwMjNiYTg5NWIxMDA0IiwidGFnIjoiIn0%3D; laravel-session=eyJpdiI6ImJCOVQzRGhvYmFHa2dOVDJScnpHNkE9PSIsInZhbHVlIjoiM1kxSnVhaS9yZHdGQXp3Ui9YRkNoWXVvNjFmbnA5SzVpeVI0bFJ6MnVkUFBGdFRsVXBhWWtMdEM0NUsvV08yQU1weFBINnJCZkxJL3JNU3FvbzJKNFN2OGhNNmhzSksyWDVHV2JTc1d4VW1zSTk5clhDUk9TNlhKWXVQczFaS0wiLCJtYWMiOiI0MGRhYzllNzViNjY0MzNmYTliNzk1ZjFhZGYxNjZhOGZiZTc2ZGM1Y2U4YmM1OWU4MGJjMTU2ODE2ZjQ2M2UyIiwidGFnIjoiIn0%3D"]},"cookies":{"remember_web_59ba36addc2b2f9401580f014c7f58ea4e30989d":"eyJpdiI6IitGb2wvTkZVRnYxOWV1QmRobzBZSmc9PSIsInZhbHVlIjoiYm5KR29iQ0E0SmdxdUN5ZGJGQ2kyQmQvdU9ibWVMR0hoa1dIbzlIQzBaakZjM0NISjdqcXBDakpWd3RwYVZPM3Q0VXlJWWQzMWw1SkJoTmxmMzBScllBdWtvZk1VT1JYWWFPUUFWQ3ZzTkpZSndWaDczYVJBdWV1T3R0bjlmbXA3d0dlMDJWSm5sRXFnYk1pdGtuSlB2ZUF1aVVOT28zQVBrdmRXMk8wYXdPVDE4ZGs0UnNWclZVeW1tcUxQM0tqbEJ6ZVllZTBrSmdrWnRBM3BmTHNacnhORmFna1lXNm5IbW16VldMcnhKTT0iLCJtYWMiOiIyOWIyNjExYzIzY2RhZWI4MzdjMTMxZGY5MmU2NGI2MzIwMzc3Y2U4M2U1NTdjNTczMDg0ODA5YTJiNDhmYmQ1IiwidGFnIjoiIn0=","operator_client_id":"eyJpdiI6Ilc3UFBRTEhlKzBhdDkzT0wvOGJhcGc9PSIsInZhbHVlIjoiaHNXdzZYbCtNZ2ZFdUdyQjAzTG9idWxLVlZKNmZYMHE4STU2RFNKTmlobWhZSVNuN2dTcDhYK1BHOFRyRDU2SyIsIm1hYyI6IjU1ZjcyMTY0NWEzMDRhZGU5ZWUxNjlhNWUyYTBjYjI3NjJkZjYwODg4YjkxODVlNWQxMDFlNjY3Yjk3MTI4YzgiLCJ0YWciOiIifQ==","current_hotel_id":"eyJpdiI6ImpZL3BPMEI2eXIzUC9yR0daMlhhTEE9PSIsInZhbHVlIjoiS0FLc1hyd1I5ZFFvRk5QcEliUFhsS1c1YjlnNFk1VDZiVFdlak5INFhFTmhoUmo5UXlzY1ExZkpZTHpDSUEwayIsIm1hYyI6IjhjYTE0ZDEwNmNhNDBlNGRjZjlkYTYxZWNkMjA5OGUxODRiZGIwNDk3NTk3M2MxODE4Y2I5NjFiMTUxZmY1NmMiLCJ0YWciOiIifQ==","XSRF-TOKEN":"eyJpdiI6IjRtM01MT1oybUs1UUNxRTdoQXlaWUE9PSIsInZhbHVlIjoiY2dPRnVEOXFLYndUNlcwQUFtakY1cFhGMG5tWEVHOENjYmFlcy9Nd2tJQi9CY0JqbCtrYk5YSTdMYWZiY00rTFFVODNXUFRCM1llc2diVlRFNlJoY243U09EMktuNXpvV2xmaTlOV3VIVFhaaVpBT3JGSjY3bTNNcmFJbHJkSmEiLCJtYWMiOiI2OGZjYmE3YWE1MzM1MzI3MGZkN2VhMDdiOTNkNzk3ODk3MjVlM2I5OGEwY2U2NjI1M2YwMjNiYTg5NWIxMDA0IiwidGFnIjoiIn0=","laravel-session":"eyJpdiI6ImJCOVQzRGhvYmFHa2dOVDJScnpHNkE9PSIsInZhbHVlIjoiM1kxSnVhaS9yZHdGQXp3Ui9YRkNoWXVvNjFmbnA5SzVpeVI0bFJ6MnVkUFBGdFRsVXBhWWtMdEM0NUsvV08yQU1weFBINnJCZkxJL3JNU3FvbzJKNFN2OGhNNmhzSksyWDVHV2JTc1d4VW1zSTk5clhDUk9TNlhKWXVQczFaS0wiLCJtYWMiOiI0MGRhYzllNzViNjY0MzNmYTliNzk1ZjFhZGYxNjZhOGZiZTc2ZGM1Y2U4YmM1OWU4MGJjMTU2ODE2ZjQ2M2UyIiwidGFnIjoiIn0="}} 
[2025-12-03 16:59:47] local.INFO: LogRequests middleware called {"url":"http://localhost/api/auth/login","method":"POST","headers":{"host":["localhost"],"connection":["keep-alive"],"content-length":["52"],"sec-ch-ua-platform":["\"Windows\""],"user-agent":["Mozilla/5.0 (Windows NT 10.0; Win64; x64) AppleWebKit/537.36 (KHTML, like Gecko) Chrome/142.0.0.0 Safari/537.36"],"accept":["application/json"],"sec-ch-ua":["\"Chromium\";v=\"142\", \"Google Chrome\";v=\"142\", \"Not_A Brand\";v=\"99\""],"content-type":["application/json"],"sec-ch-ua-mobile":["?0"],"origin":["http://localhost"],"sec-fetch-site":["same-origin"],"sec-fetch-mode":["cors"],"sec-fetch-dest":["empty"],"referer":["http://localhost/"],"accept-encoding":["gzip, deflate, br, zstd"],"accept-language":["ru-RU,ru;q=0.9,en-US;q=0.8,en;q=0.7"],"cookie":["remember_web_59ba36addc2b2f9401580f014c7f58ea4e30989d=eyJpdiI6IitGb2wvTkZVRnYxOWV1QmRobzBZSmc9PSIsInZhbHVlIjoiYm5KR29iQ0E0SmdxdUN5ZGJGQ2kyQmQvdU9ibWVMR0hoa1dIbzlIQzBaakZjM0NISjdqcXBDakpWd3RwYVZPM3Q0VXlJWWQzMWw1SkJoTmxmMzBScllBdWtvZk1VT1JYWWFPUUFWQ3ZzTkpZSndWaDczYVJBdWV1T3R0bjlmbXA3d0dlMDJWSm5sRXFnYk1pdGtuSlB2ZUF1aVVOT28zQVBrdmRXMk8wYXdPVDE4ZGs0UnNWclZVeW1tcUxQM0tqbEJ6ZVllZTBrSmdrWnRBM3BmTHNacnhORmFna1lXNm5IbW16VldMcnhKTT0iLCJtYWMiOiIyOWIyNjExYzIzY2RhZWI4MzdjMTMxZGY5MmU2NGI2MzIwMzc3Y2U4M2U1NTdjNTczMDg0ODA5YTJiNDhmYmQ1IiwidGFnIjoiIn0%3D; operator_client_id=eyJpdiI6Ilc3UFBRTEhlKzBhdDkzT0wvOGJhcGc9PSIsInZhbHVlIjoiaHNXdzZYbCtNZ2ZFdUdyQjAzTG9idWxLVlZKNmZYMHE4STU2RFNKTmlobWhZSVNuN2dTcDhYK1BHOFRyRDU2SyIsIm1hYyI6IjU1ZjcyMTY0NWEzMDRhZGU5ZWUxNjlhNWUyYTBjYjI3NjJkZjYwODg4YjkxODVlNWQxMDFlNjY3Yjk3MTI4YzgiLCJ0YWciOiIifQ%3D%3D; current_hotel_id=eyJpdiI6ImpZL3BPMEI2eXIzUC9yR0daMlhhTEE9PSIsInZhbHVlIjoiS0FLc1hyd1I5ZFFvRk5QcEliUFhsS1c1YjlnNFk1VDZiVFdlak5INFhFTmhoUmo5UXlzY1ExZkpZTHpDSUEwayIsIm1hYyI6IjhjYTE0ZDEwNmNhNDBlNGRjZjlkYTYxZWNkMjA5OGUxODRiZGIwNDk3NTk3M2MxODE4Y2I5NjFiMTUxZmY1NmMiLCJ0YWciOiIifQ%3D%3D; XSRF-TOKEN=eyJpdiI6IjRtM01MT1oybUs1UUNxRTdoQXlaWUE9PSIsInZhbHVlIjoiY2dPRnVEOXFLYndUNlcwQUFtakY1cFhGMG5tWEVHOENjYmFlcy9Nd2tJQi9CY0JqbCtrYk5YSTdMYWZiY00rTFFVODNXUFRCM1llc2diVlRFNlJoY243U09EMktuNXpvV2xmaTlOV3VIVFhaaVpBT3JGSjY3bTNNcmFJbHJkSmEiLCJtYWMiOiI2OGZjYmE3YWE1MzM1MzI3MGZkN2VhMDdiOTNkNzk3ODk3MjVlM2I5OGEwY2U2NjI1M2YwMjNiYTg5NWIxMDA0IiwidGFnIjoiIn0%3D; laravel-session=eyJpdiI6ImJCOVQzRGhvYmFHa2dOVDJScnpHNkE9PSIsInZhbHVlIjoiM1kxSnVhaS9yZHdGQXp3Ui9YRkNoWXVvNjFmbnA5SzVpeVI0bFJ6MnVkUFBGdFRsVXBhWWtMdEM0NUsvV08yQU1weFBINnJCZkxJL3JNU3FvbzJKNFN2OGhNNmhzSksyWDVHV2JTc1d4VW1zSTk5clhDUk9TNlhKWXVQczFaS0wiLCJtYWMiOiI0MGRhYzllNzViNjY0MzNmYTliNzk1ZjFhZGYxNjZhOGZiZTc2ZGM1Y2U4YmM1OWU4MGJjMTU2ODE2ZjQ2M2UyIiwidGFnIjoiIn0%3D"]},"cookies":{"remember_web_59ba36addc2b2f9401580f014c7f58ea4e30989d":"eyJpdiI6IitGb2wvTkZVRnYxOWV1QmRobzBZSmc9PSIsInZhbHVlIjoiYm5KR29iQ0E0SmdxdUN5ZGJGQ2kyQmQvdU9ibWVMR0hoa1dIbzlIQzBaakZjM0NISjdqcXBDakpWd3RwYVZPM3Q0VXlJWWQzMWw1SkJoTmxmMzBScllBdWtvZk1VT1JYWWFPUUFWQ3ZzTkpZSndWaDczYVJBdWV1T3R0bjlmbXA3d0dlMDJWSm5sRXFnYk1pdGtuSlB2ZUF1aVVOT28zQVBrdmRXMk8wYXdPVDE4ZGs0UnNWclZVeW1tcUxQM0tqbEJ6ZVllZTBrSmdrWnRBM3BmTHNacnhORmFna1lXNm5IbW16VldMcnhKTT0iLCJtYWMiOiIyOWIyNjExYzIzY2RhZWI4MzdjMTMxZGY5MmU2NGI2MzIwMzc3Y2U4M2U1NTdjNTczMDg0ODA5YTJiNDhmYmQ1IiwidGFnIjoiIn0=","operator_client_id":"eyJpdiI6Ilc3UFBRTEhlKzBhdDkzT0wvOGJhcGc9PSIsInZhbHVlIjoiaHNXdzZYbCtNZ2ZFdUdyQjAzTG9idWxLVlZKNmZYMHE4STU2RFNKTmlobWhZSVNuN2dTcDhYK1BHOFRyRDU2SyIsIm1hYyI6IjU1ZjcyMTY0NWEzMDRhZGU5ZWUxNjlhNWUyYTBjYjI3NjJkZjYwODg4YjkxODVlNWQxMDFlNjY3Yjk3MTI4YzgiLCJ0YWciOiIifQ==","current_hotel_id":"eyJpdiI6ImpZL3BPMEI2eXIzUC9yR0daMlhhTEE9PSIsInZhbHVlIjoiS0FLc1hyd1I5ZFFvRk5QcEliUFhsS1c1YjlnNFk1VDZiVFdlak5INFhFTmhoUmo5UXlzY1ExZkpZTHpDSUEwayIsIm1hYyI6IjhjYTE0ZDEwNmNhNDBlNGRjZjlkYTYxZWNkMjA5OGUxODRiZGIwNDk3NTk3M2MxODE4Y2I5NjFiMTUxZmY1NmMiLCJ0YWciOiIifQ==","XSRF-TOKEN":"eyJpdiI6IjRtM01MT1oybUs1UUNxRTdoQXlaWUE9PSIsInZhbHVlIjoiY2dPRnVEOXFLYndUNlcwQUFtakY1cFhGMG5tWEVHOENjYmFlcy9Nd2tJQi9CY0JqbCtrYk5YSTdMYWZiY00rTFFVODNXUFRCM1llc2diVlRFNlJoY243U09EMktuNXpvV2xmaTlOV3VIVFhaaVpBT3JGSjY3bTNNcmFJbHJkSmEiLCJtYWMiOiI2OGZjYmE3YWE1MzM1MzI3MGZkN2VhMDdiOTNkNzk3ODk3MjVlM2I5OGEwY2U2NjI1M2YwMjNiYTg5NWIxMDA0IiwidGFnIjoiIn0=","laravel-session":"eyJpdiI6ImJCOVQzRGhvYmFHa2dOVDJScnpHNkE9PSIsInZhbHVlIjoiM1kxSnVhaS9yZHdGQXp3Ui9YRkNoWXVvNjFmbnA5SzVpeVI0bFJ6MnVkUFBGdFRsVXBhWWtMdEM0NUsvV08yQU1weFBINnJCZkxJL3JNU3FvbzJKNFN2OGhNNmhzSksyWDVHV2JTc1d4VW1zSTk5clhDUk9TNlhKWXVQczFaS0wiLCJtYWMiOiI0MGRhYzllNzViNjY0MzNmYTliNzk1ZjFhZGYxNjZhOGZiZTc2ZGM1Y2U4YmM1OWU4MGJjMTU2ODE2ZjQ2M2UyIiwidGFnIjoiIn0="}} 
[2025-12-04 07:09:05] local.INFO: LogRequests middleware called {"url":"http://localhost/api/auth/login","method":"POST","headers":{"host":["localhost"],"connection":["keep-alive"],"content-length":["52"],"sec-ch-ua-platform":["\"Windows\""],"user-agent":["Mozilla/5.0 (Windows NT 10.0; Win64; x64) AppleWebKit/537.36 (KHTML, like Gecko) Chrome/142.0.0.0 Safari/537.36"],"accept":["application/json"],"sec-ch-ua":["\"Chromium\";v=\"142\", \"Google Chrome\";v=\"142\", \"Not_A Brand\";v=\"99\""],"content-type":["application/json"],"sec-ch-ua-mobile":["?0"],"origin":["http://localhost"],"sec-fetch-site":["same-origin"],"sec-fetch-mode":["cors"],"sec-fetch-dest":["empty"],"referer":["http://localhost/"],"accept-encoding":["gzip, deflate, br, zstd"],"accept-language":["ru-RU,ru;q=0.9,en-US;q=0.8,en;q=0.7"],"cookie":["remember_web_59ba36addc2b2f9401580f014c7f58ea4e30989d=eyJpdiI6IitGb2wvTkZVRnYxOWV1QmRobzBZSmc9PSIsInZhbHVlIjoiYm5KR29iQ0E0SmdxdUN5ZGJGQ2kyQmQvdU9ibWVMR0hoa1dIbzlIQzBaakZjM0NISjdqcXBDakpWd3RwYVZPM3Q0VXlJWWQzMWw1SkJoTmxmMzBScllBdWtvZk1VT1JYWWFPUUFWQ3ZzTkpZSndWaDczYVJBdWV1T3R0bjlmbXA3d0dlMDJWSm5sRXFnYk1pdGtuSlB2ZUF1aVVOT28zQVBrdmRXMk8wYXdPVDE4ZGs0UnNWclZVeW1tcUxQM0tqbEJ6ZVllZTBrSmdrWnRBM3BmTHNacnhORmFna1lXNm5IbW16VldMcnhKTT0iLCJtYWMiOiIyOWIyNjExYzIzY2RhZWI4MzdjMTMxZGY5MmU2NGI2MzIwMzc3Y2U4M2U1NTdjNTczMDg0ODA5YTJiNDhmYmQ1IiwidGFnIjoiIn0%3D; operator_client_id=eyJpdiI6Ilc3UFBRTEhlKzBhdDkzT0wvOGJhcGc9PSIsInZhbHVlIjoiaHNXdzZYbCtNZ2ZFdUdyQjAzTG9idWxLVlZKNmZYMHE4STU2RFNKTmlobWhZSVNuN2dTcDhYK1BHOFRyRDU2SyIsIm1hYyI6IjU1ZjcyMTY0NWEzMDRhZGU5ZWUxNjlhNWUyYTBjYjI3NjJkZjYwODg4YjkxODVlNWQxMDFlNjY3Yjk3MTI4YzgiLCJ0YWciOiIifQ%3D%3D; current_hotel_id=eyJpdiI6ImpZL3BPMEI2eXIzUC9yR0daMlhhTEE9PSIsInZhbHVlIjoiS0FLc1hyd1I5ZFFvRk5QcEliUFhsS1c1YjlnNFk1VDZiVFdlak5INFhFTmhoUmo5UXlzY1ExZkpZTHpDSUEwayIsIm1hYyI6IjhjYTE0ZDEwNmNhNDBlNGRjZjlkYTYxZWNkMjA5OGUxODRiZGIwNDk3NTk3M2MxODE4Y2I5NjFiMTUxZmY1NmMiLCJ0YWciOiIifQ%3D%3D; XSRF-TOKEN=eyJpdiI6InJZVWd0MCtSbm82blhkbi96QXRmY0E9PSIsInZhbHVlIjoiVW1DZ3BrUHZtRDFsU1FTREhmRHZqdVpHOHJzODh3d2JiLzFnOVl3bFI5NFR5WlpzUVUwTWVpSmtHUDlVdHBhNVEvck5iaU9uSlN0MjRiMzc0WldCVjB4L1RLVHcxNW91VlYxSXFZbC95ZWNrRWVoYnhPQUg4ZFdRZzZlS2l5WTAiLCJtYWMiOiI0NjNmY2ZkNGZjZjA0ZjIzOGU1NzVhNDc0ZGQ0NWU0YTllMmYwYjEyODE2N2FhNjFhNjdiYzM0YTFiYWY4Mjk0IiwidGFnIjoiIn0%3D; laravel-session=eyJpdiI6IjMzek1SaDhYaUdHQ2E1UjdFTTE2YXc9PSIsInZhbHVlIjoiWmp3cGI3aXZPTTFXNm9WeGF6RHN4TTl6ckpuV2RJMWc3WTA5Q3lRR0R1V2FBbUJnUkwyL3hGYkRZTlhFYm5GQnB1Tk1HUUxCMzBFL3hPT3VEeXFjYnJ0NUpLbzQxNGJaWFJKSERaNFY4a0d5THdtUXQ0WVBqUlI4bnRzaGtYZEYiLCJtYWMiOiJlOGYzZGJjNzZlNmZhNTdiMjgyYWM1ODIxODNjZmQwM2VlZTM1ZDU5MTJhODE4MzBjMThlYTI3Mjc4OGYxYjY4IiwidGFnIjoiIn0%3D"]},"cookies":{"remember_web_59ba36addc2b2f9401580f014c7f58ea4e30989d":"eyJpdiI6IitGb2wvTkZVRnYxOWV1QmRobzBZSmc9PSIsInZhbHVlIjoiYm5KR29iQ0E0SmdxdUN5ZGJGQ2kyQmQvdU9ibWVMR0hoa1dIbzlIQzBaakZjM0NISjdqcXBDakpWd3RwYVZPM3Q0VXlJWWQzMWw1SkJoTmxmMzBScllBdWtvZk1VT1JYWWFPUUFWQ3ZzTkpZSndWaDczYVJBdWV1T3R0bjlmbXA3d0dlMDJWSm5sRXFnYk1pdGtuSlB2ZUF1aVVOT28zQVBrdmRXMk8wYXdPVDE4ZGs0UnNWclZVeW1tcUxQM0tqbEJ6ZVllZTBrSmdrWnRBM3BmTHNacnhORmFna1lXNm5IbW16VldMcnhKTT0iLCJtYWMiOiIyOWIyNjExYzIzY2RhZWI4MzdjMTMxZGY5MmU2NGI2MzIwMzc3Y2U4M2U1NTdjNTczMDg0ODA5YTJiNDhmYmQ1IiwidGFnIjoiIn0=","operator_client_id":"eyJpdiI6Ilc3UFBRTEhlKzBhdDkzT0wvOGJhcGc9PSIsInZhbHVlIjoiaHNXdzZYbCtNZ2ZFdUdyQjAzTG9idWxLVlZKNmZYMHE4STU2RFNKTmlobWhZSVNuN2dTcDhYK1BHOFRyRDU2SyIsIm1hYyI6IjU1ZjcyMTY0NWEzMDRhZGU5ZWUxNjlhNWUyYTBjYjI3NjJkZjYwODg4YjkxODVlNWQxMDFlNjY3Yjk3MTI4YzgiLCJ0YWciOiIifQ==","current_hotel_id":"eyJpdiI6ImpZL3BPMEI2eXIzUC9yR0daMlhhTEE9PSIsInZhbHVlIjoiS0FLc1hyd1I5ZFFvRk5QcEliUFhsS1c1YjlnNFk1VDZiVFdlak5INFhFTmhoUmo5UXlzY1ExZkpZTHpDSUEwayIsIm1hYyI6IjhjYTE0ZDEwNmNhNDBlNGRjZjlkYTYxZWNkMjA5OGUxODRiZGIwNDk3NTk3M2MxODE4Y2I5NjFiMTUxZmY1NmMiLCJ0YWciOiIifQ==","XSRF-TOKEN":"eyJpdiI6InJZVWd0MCtSbm82blhkbi96QXRmY0E9PSIsInZhbHVlIjoiVW1DZ3BrUHZtRDFsU1FTREhmRHZqdVpHOHJzODh3d2JiLzFnOVl3bFI5NFR5WlpzUVUwTWVpSmtHUDlVdHBhNVEvck5iaU9uSlN0MjRiMzc0WldCVjB4L1RLVHcxNW91VlYxSXFZbC95ZWNrRWVoYnhPQUg4ZFdRZzZlS2l5WTAiLCJtYWMiOiI0NjNmY2ZkNGZjZjA0ZjIzOGU1NzVhNDc0ZGQ0NWU0YTllMmYwYjEyODE2N2FhNjFhNjdiYzM0YTFiYWY4Mjk0IiwidGFnIjoiIn0=","laravel-session":"eyJpdiI6IjMzek1SaDhYaUdHQ2E1UjdFTTE2YXc9PSIsInZhbHVlIjoiWmp3cGI3aXZPTTFXNm9WeGF6RHN4TTl6ckpuV2RJMWc3WTA5Q3lRR0R1V2FBbUJnUkwyL3hGYkRZTlhFYm5GQnB1Tk1HUUxCMzBFL3hPT3VEeXFjYnJ0NUpLbzQxNGJaWFJKSERaNFY4a0d5THdtUXQ0WVBqUlI4bnRzaGtYZEYiLCJtYWMiOiJlOGYzZGJjNzZlNmZhNTdiMjgyYWM1ODIxODNjZmQwM2VlZTM1ZDU5MTJhODE4MzBjMThlYTI3Mjc4OGYxYjY4IiwidGFnIjoiIn0="}} 
[2025-12-04 07:09:32] local.INFO: LogRequests middleware called {"url":"http://localhost/api/auth/login","method":"POST","headers":{"host":["localhost"],"connection":["keep-alive"],"content-length":["52"],"sec-ch-ua-platform":["\"Windows\""],"user-agent":["Mozilla/5.0 (Windows NT 10.0; Win64; x64) AppleWebKit/537.36 (KHTML, like Gecko) Chrome/142.0.0.0 Safari/537.36"],"accept":["application/json"],"sec-ch-ua":["\"Chromium\";v=\"142\", \"Google Chrome\";v=\"142\", \"Not_A Brand\";v=\"99\""],"content-type":["application/json"],"sec-ch-ua-mobile":["?0"],"origin":["http://localhost"],"sec-fetch-site":["same-origin"],"sec-fetch-mode":["cors"],"sec-fetch-dest":["empty"],"referer":["http://localhost/"],"accept-encoding":["gzip, deflate, br, zstd"],"accept-language":["ru-RU,ru;q=0.9,en-US;q=0.8,en;q=0.7"],"cookie":["remember_web_59ba36addc2b2f9401580f014c7f58ea4e30989d=eyJpdiI6IitGb2wvTkZVRnYxOWV1QmRobzBZSmc9PSIsInZhbHVlIjoiYm5KR29iQ0E0SmdxdUN5ZGJGQ2kyQmQvdU9ibWVMR0hoa1dIbzlIQzBaakZjM0NISjdqcXBDakpWd3RwYVZPM3Q0VXlJWWQzMWw1SkJoTmxmMzBScllBdWtvZk1VT1JYWWFPUUFWQ3ZzTkpZSndWaDczYVJBdWV1T3R0bjlmbXA3d0dlMDJWSm5sRXFnYk1pdGtuSlB2ZUF1aVVOT28zQVBrdmRXMk8wYXdPVDE4ZGs0UnNWclZVeW1tcUxQM0tqbEJ6ZVllZTBrSmdrWnRBM3BmTHNacnhORmFna1lXNm5IbW16VldMcnhKTT0iLCJtYWMiOiIyOWIyNjExYzIzY2RhZWI4MzdjMTMxZGY5MmU2NGI2MzIwMzc3Y2U4M2U1NTdjNTczMDg0ODA5YTJiNDhmYmQ1IiwidGFnIjoiIn0%3D; operator_client_id=eyJpdiI6Ilc3UFBRTEhlKzBhdDkzT0wvOGJhcGc9PSIsInZhbHVlIjoiaHNXdzZYbCtNZ2ZFdUdyQjAzTG9idWxLVlZKNmZYMHE4STU2RFNKTmlobWhZSVNuN2dTcDhYK1BHOFRyRDU2SyIsIm1hYyI6IjU1ZjcyMTY0NWEzMDRhZGU5ZWUxNjlhNWUyYTBjYjI3NjJkZjYwODg4YjkxODVlNWQxMDFlNjY3Yjk3MTI4YzgiLCJ0YWciOiIifQ%3D%3D; current_hotel_id=eyJpdiI6ImpZL3BPMEI2eXIzUC9yR0daMlhhTEE9PSIsInZhbHVlIjoiS0FLc1hyd1I5ZFFvRk5QcEliUFhsS1c1YjlnNFk1VDZiVFdlak5INFhFTmhoUmo5UXlzY1ExZkpZTHpDSUEwayIsIm1hYyI6IjhjYTE0ZDEwNmNhNDBlNGRjZjlkYTYxZWNkMjA5OGUxODRiZGIwNDk3NTk3M2MxODE4Y2I5NjFiMTUxZmY1NmMiLCJ0YWciOiIifQ%3D%3D; XSRF-TOKEN=eyJpdiI6InJZVWd0MCtSbm82blhkbi96QXRmY0E9PSIsInZhbHVlIjoiVW1DZ3BrUHZtRDFsU1FTREhmRHZqdVpHOHJzODh3d2JiLzFnOVl3bFI5NFR5WlpzUVUwTWVpSmtHUDlVdHBhNVEvck5iaU9uSlN0MjRiMzc0WldCVjB4L1RLVHcxNW91VlYxSXFZbC95ZWNrRWVoYnhPQUg4ZFdRZzZlS2l5WTAiLCJtYWMiOiI0NjNmY2ZkNGZjZjA0ZjIzOGU1NzVhNDc0ZGQ0NWU0YTllMmYwYjEyODE2N2FhNjFhNjdiYzM0YTFiYWY4Mjk0IiwidGFnIjoiIn0%3D; laravel-session=eyJpdiI6IjMzek1SaDhYaUdHQ2E1UjdFTTE2YXc9PSIsInZhbHVlIjoiWmp3cGI3aXZPTTFXNm9WeGF6RHN4TTl6ckpuV2RJMWc3WTA5Q3lRR0R1V2FBbUJnUkwyL3hGYkRZTlhFYm5GQnB1Tk1HUUxCMzBFL3hPT3VEeXFjYnJ0NUpLbzQxNGJaWFJKSERaNFY4a0d5THdtUXQ0WVBqUlI4bnRzaGtYZEYiLCJtYWMiOiJlOGYzZGJjNzZlNmZhNTdiMjgyYWM1ODIxODNjZmQwM2VlZTM1ZDU5MTJhODE4MzBjMThlYTI3Mjc4OGYxYjY4IiwidGFnIjoiIn0%3D"]},"cookies":{"remember_web_59ba36addc2b2f9401580f014c7f58ea4e30989d":"eyJpdiI6IitGb2wvTkZVRnYxOWV1QmRobzBZSmc9PSIsInZhbHVlIjoiYm5KR29iQ0E0SmdxdUN5ZGJGQ2kyQmQvdU9ibWVMR0hoa1dIbzlIQzBaakZjM0NISjdqcXBDakpWd3RwYVZPM3Q0VXlJWWQzMWw1SkJoTmxmMzBScllBdWtvZk1VT1JYWWFPUUFWQ3ZzTkpZSndWaDczYVJBdWV1T3R0bjlmbXA3d0dlMDJWSm5sRXFnYk1pdGtuSlB2ZUF1aVVOT28zQVBrdmRXMk8wYXdPVDE4ZGs0UnNWclZVeW1tcUxQM0tqbEJ6ZVllZTBrSmdrWnRBM3BmTHNacnhORmFna1lXNm5IbW16VldMcnhKTT0iLCJtYWMiOiIyOWIyNjExYzIzY2RhZWI4MzdjMTMxZGY5MmU2NGI2MzIwMzc3Y2U4M2U1NTdjNTczMDg0ODA5YTJiNDhmYmQ1IiwidGFnIjoiIn0=","operator_client_id":"eyJpdiI6Ilc3UFBRTEhlKzBhdDkzT0wvOGJhcGc9PSIsInZhbHVlIjoiaHNXdzZYbCtNZ2ZFdUdyQjAzTG9idWxLVlZKNmZYMHE4STU2RFNKTmlobWhZSVNuN2dTcDhYK1BHOFRyRDU2SyIsIm1hYyI6IjU1ZjcyMTY0NWEzMDRhZGU5ZWUxNjlhNWUyYTBjYjI3NjJkZjYwODg4YjkxODVlNWQxMDFlNjY3Yjk3MTI4YzgiLCJ0YWciOiIifQ==","current_hotel_id":"eyJpdiI6ImpZL3BPMEI2eXIzUC9yR0daMlhhTEE9PSIsInZhbHVlIjoiS0FLc1hyd1I5ZFFvRk5QcEliUFhsS1c1YjlnNFk1VDZiVFdlak5INFhFTmhoUmo5UXlzY1ExZkpZTHpDSUEwayIsIm1hYyI6IjhjYTE0ZDEwNmNhNDBlNGRjZjlkYTYxZWNkMjA5OGUxODRiZGIwNDk3NTk3M2MxODE4Y2I5NjFiMTUxZmY1NmMiLCJ0YWciOiIifQ==","XSRF-TOKEN":"eyJpdiI6InJZVWd0MCtSbm82blhkbi96QXRmY0E9PSIsInZhbHVlIjoiVW1DZ3BrUHZtRDFsU1FTREhmRHZqdVpHOHJzODh3d2JiLzFnOVl3bFI5NFR5WlpzUVUwTWVpSmtHUDlVdHBhNVEvck5iaU9uSlN0MjRiMzc0WldCVjB4L1RLVHcxNW91VlYxSXFZbC95ZWNrRWVoYnhPQUg4ZFdRZzZlS2l5WTAiLCJtYWMiOiI0NjNmY2ZkNGZjZjA0ZjIzOGU1NzVhNDc0ZGQ0NWU0YTllMmYwYjEyODE2N2FhNjFhNjdiYzM0YTFiYWY4Mjk0IiwidGFnIjoiIn0=","laravel-session":"eyJpdiI6IjMzek1SaDhYaUdHQ2E1UjdFTTE2YXc9PSIsInZhbHVlIjoiWmp3cGI3aXZPTTFXNm9WeGF6RHN4TTl6ckpuV2RJMWc3WTA5Q3lRR0R1V2FBbUJnUkwyL3hGYkRZTlhFYm5GQnB1Tk1HUUxCMzBFL3hPT3VEeXFjYnJ0NUpLbzQxNGJaWFJKSERaNFY4a0d5THdtUXQ0WVBqUlI4bnRzaGtYZEYiLCJtYWMiOiJlOGYzZGJjNzZlNmZhNTdiMjgyYWM1ODIxODNjZmQwM2VlZTM1ZDU5MTJhODE4MzBjMThlYTI3Mjc4OGYxYjY4IiwidGFnIjoiIn0="}} 
[2025-12-04 07:20:29] local.INFO: LogRequests middleware called {"url":"http://localhost/api/auth/register","method":"POST","headers":{"host":["localhost"],"connection":["keep-alive"],"content-type":["application/json"],"accept":["application/json"],"accept-language":["*"],"sec-fetch-mode":["cors"],"user-agent":["node"],"accept-encoding":["gzip, deflate"],"content-length":["104"]},"cookies":[]} 
[2025-12-04 07:20:30] local.INFO: LogRequests middleware called {"url":"http://localhost/api/auth/login","method":"POST","headers":{"host":["localhost"],"connection":["keep-alive"],"content-type":["application/json"],"accept":["application/json"],"accept-language":["*"],"sec-fetch-mode":["cors"],"user-agent":["node"],"accept-encoding":["gzip, deflate"],"content-length":["50"]},"cookies":[]} 
[2025-12-04 07:20:30] local.INFO: LogRequests middleware called {"url":"http://localhost/api/auth/user","method":"GET","headers":{"host":["localhost"],"connection":["keep-alive"],"accept":["application/json"],"authorization":["Bearer 28|jsVQxbMDKwMNxiYlO8pWHdmUznddbwwg15e8Q1hLd2c7671c"],"accept-language":["*"],"sec-fetch-mode":["cors"],"user-agent":["node"],"accept-encoding":["gzip, deflate"]},"cookies":[]} 
[2025-12-04 07:20:30] local.INFO: LogRequests middleware called {"url":"http://localhost/api/auth/logout","method":"POST","headers":{"host":["localhost"],"connection":["keep-alive"],"accept":["application/json"],"authorization":["Bearer 28|jsVQxbMDKwMNxiYlO8pWHdmUznddbwwg15e8Q1hLd2c7671c"],"accept-language":["*"],"sec-fetch-mode":["cors"],"user-agent":["node"],"accept-encoding":["gzip, deflate"],"content-length":["0"]},"cookies":[]} 
[2025-12-04 07:30:19] local.INFO: LogRequests middleware called {"url":"http://localhost/api/auth/user","method":"GET","headers":{"host":["localhost"],"connection":["keep-alive"],"accept":["application/json"],"accept-language":["*"],"sec-fetch-mode":["cors"],"user-agent":["node"],"accept-encoding":["gzip, deflate"]},"cookies":[]} 
[2025-12-04 07:43:49] local.INFO: LogRequests middleware called {"url":"http://localhost/api/auth/register","method":"POST","headers":{"host":["localhost"],"connection":["keep-alive"],"content-type":["application/json"],"accept":["application/json"],"accept-language":["*"],"sec-fetch-mode":["cors"],"user-agent":["node"],"accept-encoding":["gzip, deflate"],"content-length":["117"]},"cookies":[]} 
[2025-12-04 07:43:49] local.INFO: LogRequests middleware called {"url":"http://localhost/api/auth/login","method":"POST","headers":{"host":["localhost"],"connection":["keep-alive"],"content-type":["application/json"],"accept":["application/json"],"accept-language":["*"],"sec-fetch-mode":["cors"],"user-agent":["node"],"accept-encoding":["gzip, deflate"],"content-length":["54"]},"cookies":[]} 
[2025-12-04 07:43:49] local.INFO: LogRequests middleware called {"url":"http://localhost/api/auth/user","method":"GET","headers":{"host":["localhost"],"connection":["keep-alive"],"accept":["application/json"],"authorization":["Bearer 30|x4JmLC1xp72xXXtBKpdxuiYLqYuNE3h3Qdxx5UM0cf3658cd"],"accept-language":["*"],"sec-fetch-mode":["cors"],"user-agent":["node"],"accept-encoding":["gzip, deflate"]},"cookies":[]} 
[2025-12-04 07:44:11] local.INFO: LogRequests middleware called {"url":"http://localhost/api/auth/login","method":"POST","headers":{"host":["localhost"],"connection":["keep-alive"],"content-length":["52"],"sec-ch-ua-platform":["\"Windows\""],"user-agent":["Mozilla/5.0 (Windows NT 10.0; Win64; x64) AppleWebKit/537.36 (KHTML, like Gecko) Chrome/142.0.0.0 Safari/537.36"],"accept":["application/json"],"sec-ch-ua":["\"Chromium\";v=\"142\", \"Google Chrome\";v=\"142\", \"Not_A Brand\";v=\"99\""],"content-type":["application/json"],"sec-ch-ua-mobile":["?0"],"origin":["http://localhost"],"sec-fetch-site":["same-origin"],"sec-fetch-mode":["cors"],"sec-fetch-dest":["empty"],"referer":["http://localhost/"],"accept-encoding":["gzip, deflate, br, zstd"],"accept-language":["ru-RU,ru;q=0.9,en-US;q=0.8,en;q=0.7"],"cookie":["remember_web_59ba36addc2b2f9401580f014c7f58ea4e30989d=eyJpdiI6IitGb2wvTkZVRnYxOWV1QmRobzBZSmc9PSIsInZhbHVlIjoiYm5KR29iQ0E0SmdxdUN5ZGJGQ2kyQmQvdU9ibWVMR0hoa1dIbzlIQzBaakZjM0NISjdqcXBDakpWd3RwYVZPM3Q0VXlJWWQzMWw1SkJoTmxmMzBScllBdWtvZk1VT1JYWWFPUUFWQ3ZzTkpZSndWaDczYVJBdWV1T3R0bjlmbXA3d0dlMDJWSm5sRXFnYk1pdGtuSlB2ZUF1aVVOT28zQVBrdmRXMk8wYXdPVDE4ZGs0UnNWclZVeW1tcUxQM0tqbEJ6ZVllZTBrSmdrWnRBM3BmTHNacnhORmFna1lXNm5IbW16VldMcnhKTT0iLCJtYWMiOiIyOWIyNjExYzIzY2RhZWI4MzdjMTMxZGY5MmU2NGI2MzIwMzc3Y2U4M2U1NTdjNTczMDg0ODA5YTJiNDhmYmQ1IiwidGFnIjoiIn0%3D; operator_client_id=eyJpdiI6Ilc3UFBRTEhlKzBhdDkzT0wvOGJhcGc9PSIsInZhbHVlIjoiaHNXdzZYbCtNZ2ZFdUdyQjAzTG9idWxLVlZKNmZYMHE4STU2RFNKTmlobWhZSVNuN2dTcDhYK1BHOFRyRDU2SyIsIm1hYyI6IjU1ZjcyMTY0NWEzMDRhZGU5ZWUxNjlhNWUyYTBjYjI3NjJkZjYwODg4YjkxODVlNWQxMDFlNjY3Yjk3MTI4YzgiLCJ0YWciOiIifQ%3D%3D; current_hotel_id=eyJpdiI6ImpZL3BPMEI2eXIzUC9yR0daMlhhTEE9PSIsInZhbHVlIjoiS0FLc1hyd1I5ZFFvRk5QcEliUFhsS1c1YjlnNFk1VDZiVFdlak5INFhFTmhoUmo5UXlzY1ExZkpZTHpDSUEwayIsIm1hYyI6IjhjYTE0ZDEwNmNhNDBlNGRjZjlkYTYxZWNkMjA5OGUxODRiZGIwNDk3NTk3M2MxODE4Y2I5NjFiMTUxZmY1NmMiLCJ0YWciOiIifQ%3D%3D; XSRF-TOKEN=eyJpdiI6Ikh2OVVPNm5idzBsRTRaSlNmNjd2RHc9PSIsInZhbHVlIjoid1JhUkdLd0FtU2xyQnhPSFJsVldOLytxU0s5S0ZtQmJSdVdmQUVqZjBpUFZidjM3TWVTYU43S2VVWGlWa2lvaWx4ZGxET1ZoVm12a1Z2QVd5ZlhsWjBVWE94VmVON1VHVkttMzBudkw0dE1wZFlnUzVEQlZQODdqWlhDZGgxM1EiLCJtYWMiOiI1MjU1ZWEyNDhjZGVjZjliM2FiY2Q1OWVlMzBiNmUyYjJlOGE5NWEwN2I2ZTE4ZTY2NDc4NGI3NDlhZmI1ODhhIiwidGFnIjoiIn0%3D; laravel-session=eyJpdiI6ImtML2U2Y0t5bFNHdWZDNzR0eG1kR2c9PSIsInZhbHVlIjoia29tSDJVU0lrclcxbVE0RzdOeVE5a3UxZ0NzbllqMnZxY0toS0p5MHllWWt3U3JieExZYk5XQlZEaHJQK3pLZjdsL0Vodm95enpPSDlOZTdvV0JyR2lxdFNPbTNwSmRkUTVkZXcyRHRuQWlLR3JSU2l3LzF5S3RadDB6MnArb0oiLCJtYWMiOiI2NjkxODVlYmIwNzk1ZjJiYzk1ZjM5ZGY5MGI2NTNkZWZkMjdiMzdhMWViYjQ0M2MwODJlOTJjMTNkODc2MWIzIiwidGFnIjoiIn0%3D"]},"cookies":{"remember_web_59ba36addc2b2f9401580f014c7f58ea4e30989d":"eyJpdiI6IitGb2wvTkZVRnYxOWV1QmRobzBZSmc9PSIsInZhbHVlIjoiYm5KR29iQ0E0SmdxdUN5ZGJGQ2kyQmQvdU9ibWVMR0hoa1dIbzlIQzBaakZjM0NISjdqcXBDakpWd3RwYVZPM3Q0VXlJWWQzMWw1SkJoTmxmMzBScllBdWtvZk1VT1JYWWFPUUFWQ3ZzTkpZSndWaDczYVJBdWV1T3R0bjlmbXA3d0dlMDJWSm5sRXFnYk1pdGtuSlB2ZUF1aVVOT28zQVBrdmRXMk8wYXdPVDE4ZGs0UnNWclZVeW1tcUxQM0tqbEJ6ZVllZTBrSmdrWnRBM3BmTHNacnhORmFna1lXNm5IbW16VldMcnhKTT0iLCJtYWMiOiIyOWIyNjExYzIzY2RhZWI4MzdjMTMxZGY5MmU2NGI2MzIwMzc3Y2U4M2U1NTdjNTczMDg0ODA5YTJiNDhmYmQ1IiwidGFnIjoiIn0=","operator_client_id":"eyJpdiI6Ilc3UFBRTEhlKzBhdDkzT0wvOGJhcGc9PSIsInZhbHVlIjoiaHNXdzZYbCtNZ2ZFdUdyQjAzTG9idWxLVlZKNmZYMHE4STU2RFNKTmlobWhZSVNuN2dTcDhYK1BHOFRyRDU2SyIsIm1hYyI6IjU1ZjcyMTY0NWEzMDRhZGU5ZWUxNjlhNWUyYTBjYjI3NjJkZjYwODg4YjkxODVlNWQxMDFlNjY3Yjk3MTI4YzgiLCJ0YWciOiIifQ==","current_hotel_id":"eyJpdiI6ImpZL3BPMEI2eXIzUC9yR0daMlhhTEE9PSIsInZhbHVlIjoiS0FLc1hyd1I5ZFFvRk5QcEliUFhsS1c1YjlnNFk1VDZiVFdlak5INFhFTmhoUmo5UXlzY1ExZkpZTHpDSUEwayIsIm1hYyI6IjhjYTE0ZDEwNmNhNDBlNGRjZjlkYTYxZWNkMjA5OGUxODRiZGIwNDk3NTk3M2MxODE4Y2I5NjFiMTUxZmY1NmMiLCJ0YWciOiIifQ==","XSRF-TOKEN":"eyJpdiI6Ikh2OVVPNm5idzBsRTRaSlNmNjd2RHc9PSIsInZhbHVlIjoid1JhUkdLd0FtU2xyQnhPSFJsVldOLytxU0s5S0ZtQmJSdVdmQUVqZjBpUFZidjM3TWVTYU43S2VVWGlWa2lvaWx4ZGxET1ZoVm12a1Z2QVd5ZlhsWjBVWE94VmVON1VHVkttMzBudkw0dE1wZFlnUzVEQlZQODdqWlhDZGgxM1EiLCJtYWMiOiI1MjU1ZWEyNDhjZGVjZjliM2FiY2Q1OWVlMzBiNmUyYjJlOGE5NWEwN2I2ZTE4ZTY2NDc4NGI3NDlhZmI1ODhhIiwidGFnIjoiIn0=","laravel-session":"eyJpdiI6ImtML2U2Y0t5bFNHdWZDNzR0eG1kR2c9PSIsInZhbHVlIjoia29tSDJVU0lrclcxbVE0RzdOeVE5a3UxZ0NzbllqMnZxY0toS0p5MHllWWt3U3JieExZYk5XQlZEaHJQK3pLZjdsL0Vodm95enpPSDlOZTdvV0JyR2lxdFNPbTNwSmRkUTVkZXcyRHRuQWlLR3JSU2l3LzF5S3RadDB6MnArb0oiLCJtYWMiOiI2NjkxODVlYmIwNzk1ZjJiYzk1ZjM5ZGY5MGI2NTNkZWZkMjdiMzdhMWViYjQ0M2MwODJlOTJjMTNkODc2MWIzIiwidGFnIjoiIn0="}} 
[2025-12-04 08:02:00] local.INFO: LogRequests middleware called {"url":"http://localhost/api/auth/login","method":"POST","headers":{"host":["localhost"],"connection":["keep-alive"],"content-length":["52"],"sec-ch-ua-platform":["\"Windows\""],"user-agent":["Mozilla/5.0 (Windows NT 10.0; Win64; x64) AppleWebKit/537.36 (KHTML, like Gecko) Chrome/142.0.0.0 Safari/537.36"],"accept":["application/json"],"sec-ch-ua":["\"Chromium\";v=\"142\", \"Google Chrome\";v=\"142\", \"Not_A Brand\";v=\"99\""],"content-type":["application/json"],"sec-ch-ua-mobile":["?0"],"origin":["http://localhost"],"sec-fetch-site":["same-origin"],"sec-fetch-mode":["cors"],"sec-fetch-dest":["empty"],"referer":["http://localhost/"],"accept-encoding":["gzip, deflate, br, zstd"],"accept-language":["ru-RU,ru;q=0.9,en-US;q=0.8,en;q=0.7"],"cookie":["remember_web_59ba36addc2b2f9401580f014c7f58ea4e30989d=eyJpdiI6IitGb2wvTkZVRnYxOWV1QmRobzBZSmc9PSIsInZhbHVlIjoiYm5KR29iQ0E0SmdxdUN5ZGJGQ2kyQmQvdU9ibWVMR0hoa1dIbzlIQzBaakZjM0NISjdqcXBDakpWd3RwYVZPM3Q0VXlJWWQzMWw1SkJoTmxmMzBScllBdWtvZk1VT1JYWWFPUUFWQ3ZzTkpZSndWaDczYVJBdWV1T3R0bjlmbXA3d0dlMDJWSm5sRXFnYk1pdGtuSlB2ZUF1aVVOT28zQVBrdmRXMk8wYXdPVDE4ZGs0UnNWclZVeW1tcUxQM0tqbEJ6ZVllZTBrSmdrWnRBM3BmTHNacnhORmFna1lXNm5IbW16VldMcnhKTT0iLCJtYWMiOiIyOWIyNjExYzIzY2RhZWI4MzdjMTMxZGY5MmU2NGI2MzIwMzc3Y2U4M2U1NTdjNTczMDg0ODA5YTJiNDhmYmQ1IiwidGFnIjoiIn0%3D; operator_client_id=eyJpdiI6Ilc3UFBRTEhlKzBhdDkzT0wvOGJhcGc9PSIsInZhbHVlIjoiaHNXdzZYbCtNZ2ZFdUdyQjAzTG9idWxLVlZKNmZYMHE4STU2RFNKTmlobWhZSVNuN2dTcDhYK1BHOFRyRDU2SyIsIm1hYyI6IjU1ZjcyMTY0NWEzMDRhZGU5ZWUxNjlhNWUyYTBjYjI3NjJkZjYwODg4YjkxODVlNWQxMDFlNjY3Yjk3MTI4YzgiLCJ0YWciOiIifQ%3D%3D; current_hotel_id=eyJpdiI6ImpZL3BPMEI2eXIzUC9yR0daMlhhTEE9PSIsInZhbHVlIjoiS0FLc1hyd1I5ZFFvRk5QcEliUFhsS1c1YjlnNFk1VDZiVFdlak5INFhFTmhoUmo5UXlzY1ExZkpZTHpDSUEwayIsIm1hYyI6IjhjYTE0ZDEwNmNhNDBlNGRjZjlkYTYxZWNkMjA5OGUxODRiZGIwNDk3NTk3M2MxODE4Y2I5NjFiMTUxZmY1NmMiLCJ0YWciOiIifQ%3D%3D; XSRF-TOKEN=eyJpdiI6Ikh2OVVPNm5idzBsRTRaSlNmNjd2RHc9PSIsInZhbHVlIjoid1JhUkdLd0FtU2xyQnhPSFJsVldOLytxU0s5S0ZtQmJSdVdmQUVqZjBpUFZidjM3TWVTYU43S2VVWGlWa2lvaWx4ZGxET1ZoVm12a1Z2QVd5ZlhsWjBVWE94VmVON1VHVkttMzBudkw0dE1wZFlnUzVEQlZQODdqWlhDZGgxM1EiLCJtYWMiOiI1MjU1ZWEyNDhjZGVjZjliM2FiY2Q1OWVlMzBiNmUyYjJlOGE5NWEwN2I2ZTE4ZTY2NDc4NGI3NDlhZmI1ODhhIiwidGFnIjoiIn0%3D; laravel-session=eyJpdiI6ImtML2U2Y0t5bFNHdWZDNzR0eG1kR2c9PSIsInZhbHVlIjoia29tSDJVU0lrclcxbVE0RzdOeVE5a3UxZ0NzbllqMnZxY0toS0p5MHllWWt3U3JieExZYk5XQlZEaHJQK3pLZjdsL0Vodm95enpPSDlOZTdvV0JyR2lxdFNPbTNwSmRkUTVkZXcyRHRuQWlLR3JSU2l3LzF5S3RadDB6MnArb0oiLCJtYWMiOiI2NjkxODVlYmIwNzk1ZjJiYzk1ZjM5ZGY5MGI2NTNkZWZkMjdiMzdhMWViYjQ0M2MwODJlOTJjMTNkODc2MWIzIiwidGFnIjoiIn0%3D"]},"cookies":{"remember_web_59ba36addc2b2f9401580f014c7f58ea4e30989d":"eyJpdiI6IitGb2wvTkZVRnYxOWV1QmRobzBZSmc9PSIsInZhbHVlIjoiYm5KR29iQ0E0SmdxdUN5ZGJGQ2kyQmQvdU9ibWVMR0hoa1dIbzlIQzBaakZjM0NISjdqcXBDakpWd3RwYVZPM3Q0VXlJWWQzMWw1SkJoTmxmMzBScllBdWtvZk1VT1JYWWFPUUFWQ3ZzTkpZSndWaDczYVJBdWV1T3R0bjlmbXA3d0dlMDJWSm5sRXFnYk1pdGtuSlB2ZUF1aVVOT28zQVBrdmRXMk8wYXdPVDE4ZGs0UnNWclZVeW1tcUxQM0tqbEJ6ZVllZTBrSmdrWnRBM3BmTHNacnhORmFna1lXNm5IbW16VldMcnhKTT0iLCJtYWMiOiIyOWIyNjExYzIzY2RhZWI4MzdjMTMxZGY5MmU2NGI2MzIwMzc3Y2U4M2U1NTdjNTczMDg0ODA5YTJiNDhmYmQ1IiwidGFnIjoiIn0=","operator_client_id":"eyJpdiI6Ilc3UFBRTEhlKzBhdDkzT0wvOGJhcGc9PSIsInZhbHVlIjoiaHNXdzZYbCtNZ2ZFdUdyQjAzTG9idWxLVlZKNmZYMHE4STU2RFNKTmlobWhZSVNuN2dTcDhYK1BHOFRyRDU2SyIsIm1hYyI6IjU1ZjcyMTY0NWEzMDRhZGU5ZWUxNjlhNWUyYTBjYjI3NjJkZjYwODg4YjkxODVlNWQxMDFlNjY3Yjk3MTI4YzgiLCJ0YWciOiIifQ==","current_hotel_id":"eyJpdiI6ImpZL3BPMEI2eXIzUC9yR0daMlhhTEE9PSIsInZhbHVlIjoiS0FLc1hyd1I5ZFFvRk5QcEliUFhsS1c1YjlnNFk1VDZiVFdlak5INFhFTmhoUmo5UXlzY1ExZkpZTHpDSUEwayIsIm1hYyI6IjhjYTE0ZDEwNmNhNDBlNGRjZjlkYTYxZWNkMjA5OGUxODRiZGIwNDk3NTk3M2MxODE4Y2I5NjFiMTUxZmY1NmMiLCJ0YWciOiIifQ==","XSRF-TOKEN":"eyJpdiI6Ikh2OVVPNm5idzBsRTRaSlNmNjd2RHc9PSIsInZhbHVlIjoid1JhUkdLd0FtU2xyQnhPSFJsVldOLytxU0s5S0ZtQmJSdVdmQUVqZjBpUFZidjM3TWVTYU43S2VVWGlWa2lvaWx4ZGxET1ZoVm12a1Z2QVd5ZlhsWjBVWE94VmVON1VHVkttMzBudkw0dE1wZFlnUzVEQlZQODdqWlhDZGgxM1EiLCJtYWMiOiI1MjU1ZWEyNDhjZGVjZjliM2FiY2Q1OWVlMzBiNmUyYjJlOGE5NWEwN2I2ZTE4ZTY2NDc4NGI3NDlhZmI1ODhhIiwidGFnIjoiIn0=","laravel-session":"eyJpdiI6ImtML2U2Y0t5bFNHdWZDNzR0eG1kR2c9PSIsInZhbHVlIjoia29tSDJVU0lrclcxbVE0RzdOeVE5a3UxZ0NzbllqMnZxY0toS0p5MHllWWt3U3JieExZYk5XQlZEaHJQK3pLZjdsL0Vodm95enpPSDlOZTdvV0JyR2lxdFNPbTNwSmRkUTVkZXcyRHRuQWlLR3JSU2l3LzF5S3RadDB6MnArb0oiLCJtYWMiOiI2NjkxODVlYmIwNzk1ZjJiYzk1ZjM5ZGY5MGI2NTNkZWZkMjdiMzdhMWViYjQ0M2MwODJlOTJjMTNkODc2MWIzIiwidGFnIjoiIn0="}} 
[2025-12-04 08:02:07] local.INFO: LogRequests middleware called {"url":"http://localhost/api/auth/login","method":"POST","headers":{"host":["localhost"],"connection":["keep-alive"],"content-length":["50"],"sec-ch-ua-platform":["\"Windows\""],"user-agent":["Mozilla/5.0 (Windows NT 10.0; Win64; x64) AppleWebKit/537.36 (KHTML, like Gecko) Chrome/142.0.0.0 Safari/537.36"],"accept":["application/json"],"sec-ch-ua":["\"Chromium\";v=\"142\", \"Google Chrome\";v=\"142\", \"Not_A Brand\";v=\"99\""],"content-type":["application/json"],"sec-ch-ua-mobile":["?0"],"origin":["http://localhost"],"sec-fetch-site":["same-origin"],"sec-fetch-mode":["cors"],"sec-fetch-dest":["empty"],"referer":["http://localhost/"],"accept-encoding":["gzip, deflate, br, zstd"],"accept-language":["ru-RU,ru;q=0.9,en-US;q=0.8,en;q=0.7"],"cookie":["remember_web_59ba36addc2b2f9401580f014c7f58ea4e30989d=eyJpdiI6IitGb2wvTkZVRnYxOWV1QmRobzBZSmc9PSIsInZhbHVlIjoiYm5KR29iQ0E0SmdxdUN5ZGJGQ2kyQmQvdU9ibWVMR0hoa1dIbzlIQzBaakZjM0NISjdqcXBDakpWd3RwYVZPM3Q0VXlJWWQzMWw1SkJoTmxmMzBScllBdWtvZk1VT1JYWWFPUUFWQ3ZzTkpZSndWaDczYVJBdWV1T3R0bjlmbXA3d0dlMDJWSm5sRXFnYk1pdGtuSlB2ZUF1aVVOT28zQVBrdmRXMk8wYXdPVDE4ZGs0UnNWclZVeW1tcUxQM0tqbEJ6ZVllZTBrSmdrWnRBM3BmTHNacnhORmFna1lXNm5IbW16VldMcnhKTT0iLCJtYWMiOiIyOWIyNjExYzIzY2RhZWI4MzdjMTMxZGY5MmU2NGI2MzIwMzc3Y2U4M2U1NTdjNTczMDg0ODA5YTJiNDhmYmQ1IiwidGFnIjoiIn0%3D; operator_client_id=eyJpdiI6Ilc3UFBRTEhlKzBhdDkzT0wvOGJhcGc9PSIsInZhbHVlIjoiaHNXdzZYbCtNZ2ZFdUdyQjAzTG9idWxLVlZKNmZYMHE4STU2RFNKTmlobWhZSVNuN2dTcDhYK1BHOFRyRDU2SyIsIm1hYyI6IjU1ZjcyMTY0NWEzMDRhZGU5ZWUxNjlhNWUyYTBjYjI3NjJkZjYwODg4YjkxODVlNWQxMDFlNjY3Yjk3MTI4YzgiLCJ0YWciOiIifQ%3D%3D; current_hotel_id=eyJpdiI6ImpZL3BPMEI2eXIzUC9yR0daMlhhTEE9PSIsInZhbHVlIjoiS0FLc1hyd1I5ZFFvRk5QcEliUFhsS1c1YjlnNFk1VDZiVFdlak5INFhFTmhoUmo5UXlzY1ExZkpZTHpDSUEwayIsIm1hYyI6IjhjYTE0ZDEwNmNhNDBlNGRjZjlkYTYxZWNkMjA5OGUxODRiZGIwNDk3NTk3M2MxODE4Y2I5NjFiMTUxZmY1NmMiLCJ0YWciOiIifQ%3D%3D; XSRF-TOKEN=eyJpdiI6InM2NFd4eVdIL0dnbFpScE9kSy94b3c9PSIsInZhbHVlIjoiNElzRWhyK2xwNjR0N2d4SE9WSlBFaWhSTml1aEVKdXNrZWwvdytJUFdGd1RpdmJyVU9MZGlYdGNDeWhIYm1NdHJWZWZqbCs3QWNrTkZPMVJXSWk1enVxTkdyT093ZDVXWmhtMmNGSlJsaGhKdFpTWUVtZnFHR04vUk5PUVlYVGUiLCJtYWMiOiIxODAxMzFhNDA1YTFkZWJlMThlYWQ3M2MwN2U4MTJlZDczYjdjZGRjMzdiYmFlMTI3MGY3ZGNlZWM5YmVjNTZlIiwidGFnIjoiIn0%3D; laravel-session=eyJpdiI6IjhqeVpRUEdBTUNscXptNzFJbGFpaHc9PSIsInZhbHVlIjoiREt0aGhCc1ZiVEZKYUhwYm04R2NWRndMa2ozMi8yVCs5Q2hlL3ZORWxrbVN3aHhaa3krZmlQTTV3VjRtQ3RVajBMK0tEd1FTc0FVOHBKOXczY0h5N3JtODBaWGkxQU12TUtjMUdVQlMrbFdITWxmN1BuN2NINjh2SXJEdU42L1giLCJtYWMiOiIwOTE0OTBmMTgyOTk2ZGU4MjE3OWJkMTUzYWY4ZGFkOGY3NjIzOTAyNDE3MzdjZjgxNmFjYmUzMTZjMTMzNDc3IiwidGFnIjoiIn0%3D"]},"cookies":{"remember_web_59ba36addc2b2f9401580f014c7f58ea4e30989d":"eyJpdiI6IitGb2wvTkZVRnYxOWV1QmRobzBZSmc9PSIsInZhbHVlIjoiYm5KR29iQ0E0SmdxdUN5ZGJGQ2kyQmQvdU9ibWVMR0hoa1dIbzlIQzBaakZjM0NISjdqcXBDakpWd3RwYVZPM3Q0VXlJWWQzMWw1SkJoTmxmMzBScllBdWtvZk1VT1JYWWFPUUFWQ3ZzTkpZSndWaDczYVJBdWV1T3R0bjlmbXA3d0dlMDJWSm5sRXFnYk1pdGtuSlB2ZUF1aVVOT28zQVBrdmRXMk8wYXdPVDE4ZGs0UnNWclZVeW1tcUxQM0tqbEJ6ZVllZTBrSmdrWnRBM3BmTHNacnhORmFna1lXNm5IbW16VldMcnhKTT0iLCJtYWMiOiIyOWIyNjExYzIzY2RhZWI4MzdjMTMxZGY5MmU2NGI2MzIwMzc3Y2U4M2U1NTdjNTczMDg0ODA5YTJiNDhmYmQ1IiwidGFnIjoiIn0=","operator_client_id":"eyJpdiI6Ilc3UFBRTEhlKzBhdDkzT0wvOGJhcGc9PSIsInZhbHVlIjoiaHNXdzZYbCtNZ2ZFdUdyQjAzTG9idWxLVlZKNmZYMHE4STU2RFNKTmlobWhZSVNuN2dTcDhYK1BHOFRyRDU2SyIsIm1hYyI6IjU1ZjcyMTY0NWEzMDRhZGU5ZWUxNjlhNWUyYTBjYjI3NjJkZjYwODg4YjkxODVlNWQxMDFlNjY3Yjk3MTI4YzgiLCJ0YWciOiIifQ==","current_hotel_id":"eyJpdiI6ImpZL3BPMEI2eXIzUC9yR0daMlhhTEE9PSIsInZhbHVlIjoiS0FLc1hyd1I5ZFFvRk5QcEliUFhsS1c1YjlnNFk1VDZiVFdlak5INFhFTmhoUmo5UXlzY1ExZkpZTHpDSUEwayIsIm1hYyI6IjhjYTE0ZDEwNmNhNDBlNGRjZjlkYTYxZWNkMjA5OGUxODRiZGIwNDk3NTk3M2MxODE4Y2I5NjFiMTUxZmY1NmMiLCJ0YWciOiIifQ==","XSRF-TOKEN":"eyJpdiI6InM2NFd4eVdIL0dnbFpScE9kSy94b3c9PSIsInZhbHVlIjoiNElzRWhyK2xwNjR0N2d4SE9WSlBFaWhSTml1aEVKdXNrZWwvdytJUFdGd1RpdmJyVU9MZGlYdGNDeWhIYm1NdHJWZWZqbCs3QWNrTkZPMVJXSWk1enVxTkdyT093ZDVXWmhtMmNGSlJsaGhKdFpTWUVtZnFHR04vUk5PUVlYVGUiLCJtYWMiOiIxODAxMzFhNDA1YTFkZWJlMThlYWQ3M2MwN2U4MTJlZDczYjdjZGRjMzdiYmFlMTI3MGY3ZGNlZWM5YmVjNTZlIiwidGFnIjoiIn0=","laravel-session":"eyJpdiI6IjhqeVpRUEdBTUNscXptNzFJbGFpaHc9PSIsInZhbHVlIjoiREt0aGhCc1ZiVEZKYUhwYm04R2NWRndMa2ozMi8yVCs5Q2hlL3ZORWxrbVN3aHhaa3krZmlQTTV3VjRtQ3RVajBMK0tEd1FTc0FVOHBKOXczY0h5N3JtODBaWGkxQU12TUtjMUdVQlMrbFdITWxmN1BuN2NINjh2SXJEdU42L1giLCJtYWMiOiIwOTE0OTBmMTgyOTk2ZGU4MjE3OWJkMTUzYWY4ZGFkOGY3NjIzOTAyNDE3MzdjZjgxNmFjYmUzMTZjMTMzNDc3IiwidGFnIjoiIn0="}} 
